{"type": "FeatureCollection", "crs": {"type": "name", "properties": {"name": "EPSG:4326"}}, "features": [{"type": "Feature", "id": 158070, "geometry": {"type": "Polygon", "coordinates": [[[-96.8443943246228, 37.8189078093196], [-96.8444111446782, 37.8185714029712], [-96.8446550390744, 37.8185714036808], [-96.8449241653504, 37.8184957131056], [-96.8450166765533, 37.8183275098936], [-96.8450166765533, 37.8175285420638], [-96.8460763580085, 37.8175117221781], [-96.8460679470825, 37.8185461734977], [-96.845992255935, 37.8185966338553], [-96.8459417948706, 37.8185966352746], [-96.8449325744798, 37.8185714043905], [-96.8449073434984, 37.8192189870202], [-96.8450334966087, 37.8194376508219], [-96.8451428287653, 37.8194628807003], [-96.8452185208111, 37.819530163409], [-96.8451512396913, 37.8208337370186], [-96.8435196691666, 37.8206823554629], [-96.8434439753241, 37.8204805117231], [-96.8432925930291, 37.8202366164381], [-96.8430402877068, 37.8199674920691], [-96.8430066466977, 37.8196058536331], [-96.8430066466977, 37.8194292403874], [-96.8432084909555, 37.8191769375522], [-96.8434187443428, 37.8189330407983], [-96.8436037685452, 37.8189162205231], [-96.8443943246228, 37.8189078093196]]]}, "properties": {"OBJECTID": 158070, "FeatClass": "Fee", "Category": "Fee", "Own_Type": "LOC", "Own_Name": "CITY", "Loc_Own": "City of El Dorado", "Mang_Type": "LOC", "Mang_Name": "CITY", "Loc_Mang": "City of El Dorado", "Des_Tp": "LP", "Loc_Ds": "LP", "Unit_Nm": "Central Park", "Loc_Nm": "Central Park", "State_Nm": "KS", "Agg_Src": "TPL_PADUS2_1_PADUS_DataDelivery_gdb", "GIS_Src": "TPL_Developed_Data_PADUS_DataDelivery.gdb/Albers_NA/ParkServe_Parks", "Src_Date": "2019/09/18", "GIS_Acres": 12, "Source_PAID": "20200750011", "WDPA_Cd": 0, "Pub_Access": "OA", "Access_Src": "TPL", "Access_Dt": "2019", "GAP_Sts": "4", "GAPCdSrc": "GAP - Default", "GAPCdDt": "2021", "IUCN_Cat": "Unassigned", "IUCNCtSrc": "GAP - Default", "IUCNCtDt": "2021", "Date_Est": "", "Comments": "", "EsmtHldr": null, "EHoldTyp": null, "WebMercAc": 19, "TranspPct": 0, "Shape__Area": 75831.09765625, "Shape__Length": 1538.4022742718923, "GlobalID": "e57bd728-5863-4c52-967d-b1f89e12acd0"}}, {"type": "Feature", "id": 158087, "geometry": {"type": "Polygon", "coordinates": [[[-96.8378904393207, 37.816737560475], [-96.8379317043316, 37.8167341236523], [-96.8394275466034, 37.8169370066226], [-96.8393553355293, 37.8170195362235], [-96.8392900001604, 37.8170814328315], [-96.8392521747987, 37.817146770449], [-96.8391799601313, 37.817218982319], [-96.8390699218989, 37.8172808794694], [-96.8389908297297, 37.8173221444439], [-96.838904860957, 37.8174115521646], [-96.8388051371807, 37.8174734484437], [-96.8387226098539, 37.8175353453807], [-96.8385988166178, 37.8175938033541], [-96.8385025306941, 37.8176797725478], [-96.8384337565742, 37.8177691791256], [-96.8383546662017, 37.8178517085058], [-96.83827901458, 37.8179376759799], [-96.8381173941857, 37.818113051644], [-96.8377150639228, 37.8180958564949], [-96.837708186421, 37.817442499601], [-96.8377528901828, 37.8170917482181], [-96.8377975921479, 37.8168647944767], [-96.83781822645, 37.8167925808409], [-96.8378526139591, 37.8167513169896], [-96.8378904393207, 37.816737560475]]]}, "properties": {"OBJECTID": 158087, "FeatClass": "Fee", "Category": "Fee", "Own_Type": "LOC", "Own_Name": "CITY", "Loc_Own": "City of El Dorado", "Mang_Type": "LOC", "Mang_Name": "CITY", "Loc_Mang": "City of El Dorado", "Des_Tp": "LP", "Loc_Ds": "LP", "Unit_Nm": "Riverside Park", "Loc_Nm": "Riverside Park", "State_Nm": "KS", "Agg_Src": "TPL_PADUS2_1_PADUS_DataDelivery_gdb", "GIS_Src": "TPL_Developed_Data_PADUS_DataDelivery.gdb/Albers_NA/ParkServe_Parks", "Src_Date": "2019/09/18", "GIS_Acres": 3, "Source_PAID": "20200750009", "WDPA_Cd": 0, "Pub_Access": "OA", "Access_Src": "TPL", "Access_Dt": "2019", "GAP_Sts": "4", "GAPCdSrc": "GAP - Default", "GAPCdDt": "2021", "IUCN_Cat": "Unassigned", "IUCNCtSrc": "GAP - Default", "IUCNCtDt": "2021", "Date_Est": "", "Comments": "", "EsmtHldr": null, "EHoldTyp": null, "WebMercAc": 5, "TranspPct": 0, "Shape__Area": 21694.94140625, "Shape__Length": 638.2337112851674, "GlobalID": "4400ebb9-1d29-44c9-a51d-2860458f2ae5"}}, {"type": "Feature", "id": 158073, "geometry": {"type": "Polygon", "coordinates": [[[-96.8513429721102, 37.8147134308382], [-96.8513610920278, 37.8147025587403], [-96.8524646265402, 37.814700745541], [-96.8524791244506, 37.8147043691008], [-96.8525008681721, 37.8147152433274], [-96.85250992858, 37.8147406110759], [-96.8525135523839, 37.8154907987198], [-96.8525063038778, 37.8155089170328], [-96.8524881839602, 37.8155161640728], [-96.8513411602082, 37.8155197904312], [-96.8513411602082, 37.8147333618307], [-96.8513429721102, 37.8147134308382]]]}, "properties": {"OBJECTID": 158073, "FeatClass": "Fee", "Category": "Fee", "Own_Type": "LOC", "Own_Name": "CITY", "Loc_Own": "City of El Dorado", "Mang_Type": "LOC", "Mang_Name": "CITY", "Loc_Mang": "City of El Dorado", "Des_Tp": "LP", "Loc_Ds": "LP", "Unit_Nm": "Gordy Park", "Loc_Nm": "Gordy Park", "State_Nm": "KS", "Agg_Src": "TPL_PADUS2_1_PADUS_DataDelivery_gdb", "GIS_Src": "TPL_Developed_Data_PADUS_DataDelivery.gdb/Albers_NA/ParkServe_Parks", "Src_Date": "2019/09/18", "GIS_Acres": 2, "Source_PAID": "20200750003", "WDPA_Cd": 0, "Pub_Access": "OA", "Access_Src": "TPL", "Access_Dt": "2019", "GAP_Sts": "4", "GAPCdSrc": "GAP - Default", "GAPCdDt": "2021", "IUCN_Cat": "Unassigned", "IUCNCtSrc": "GAP - Default", "IUCNCtDt": "2021", "Date_Est": "", "Comments": "", "EsmtHldr": null, "EHoldTyp": null, "WebMercAc": 4, "TranspPct": 0, "Shape__Area": 14976.28125, "Shape__Length": 485.61942192626253, "GlobalID": "d8e16abb-edef-4a55-9f23-c84ef6c82375"}}, {"type": "Feature", "id": 158072, "geometry": {"type": "Polygon", "coordinates": [[[-96.8528630581148, 37.8277279103035], [-96.8552917496052, 37.8277026115866], [-96.8553119895468, 37.8277026115866], [-96.8553322285902, 37.8277026108771], [-96.8553423481119, 37.8277177915274], [-96.8553575278436, 37.828942256251], [-96.8553524676336, 37.8290080339204], [-96.8553271683802, 37.8290333336087], [-96.8552917505035, 37.829043451495], [-96.8533943352486, 37.8290738108215], [-96.8528630581148, 37.8277279103035]]]}, "properties": {"OBJECTID": 158072, "FeatClass": "Fee", "Category": "Fee", "Own_Type": "LOC", "Own_Name": "CITY", "Loc_Own": "City of El Dorado", "Mang_Type": "LOC", "Mang_Name": "CITY", "Loc_Mang": "City of El Dorado", "Des_Tp": "LP", "Loc_Ds": "LP", "Unit_Nm": "Forest Park", "Loc_Nm": "Forest Park", "State_Nm": "KS", "Agg_Src": "TPL_PADUS2_1_PADUS_DataDelivery_gdb", "GIS_Src": "TPL_Developed_Data_PADUS_DataDelivery.gdb/Albers_NA/ParkServe_Parks", "Src_Date": "2019/09/18", "GIS_Acres": 7, "Source_PAID": "20200750002", "WDPA_Cd": 0, "Pub_Access": "OA", "Access_Src": "TPL", "Access_Dt": "2019", "GAP_Sts": "4", "GAPCdSrc": "GAP - Default", "GAPCdDt": "2021", "IUCN_Cat": "Unassigned", "IUCNCtSrc": "GAP - Default", "IUCNCtDt": "2021", "Date_Est": "", "Comments": "", "EsmtHldr": null, "EHoldTyp": null, "WebMercAc": 12, "TranspPct": 0, "Shape__Area": 46920.8203125, "Shape__Length": 877.8693664609011, "GlobalID": "6491abb5-5a76-4a00-aae9-8f3d765cd181"}}, {"type": "Feature", "id": 148675, "geometry": {"type": "Polygon", "coordinates": [[[-96.9715147174593, 37.7084355967961], [-96.9715147174593, 37.7037718517351], [-96.9733992499747, 37.7046665278939], [-96.9733611784746, 37.7047426712115], [-96.9728662507705, 37.7047045999178], [-96.9724093936682, 37.7047807424855], [-96.9722571076679, 37.7050282063564], [-96.9725997511685, 37.7053137425336], [-96.9730566082708, 37.7056373491555], [-96.9734753920765, 37.706075170515], [-96.9738370717762, 37.7062845617141], [-96.97410357048, 37.7065510610743], [-96.9740845360774, 37.7071221326768], [-96.9740274283781, 37.7074838105276], [-96.9738941776788, 37.7077693471941], [-96.9735705712758, 37.708264274052], [-96.9715147174593, 37.7084355967961]]]}, "properties": {"OBJECTID": 148675, "FeatClass": "Fee", "Category": "Fee", "Own_Type": "LOC", "Own_Name": "CITY", "Loc_Own": "City of Augusta", "Mang_Type": "LOC", "Mang_Name": "CITY", "Loc_Mang": "City of Augusta", "Des_Tp": "LP", "Loc_Ds": "LP", "Unit_Nm": "Robert Shryock Park", "Loc_Nm": "Robert Shryock Park", "State_Nm": "KS", "Agg_Src": "TPL_PADUS2_1_PADUS_DataDelivery_gdb", "GIS_Src": "TPL_Developed_Data_PADUS_DataDelivery.gdb/Albers_NA/ParkServe_Parks", "Src_Date": "2019/09/18", "GIS_Acres": 20, "Source_PAID": "20033000003", "WDPA_Cd": 0, "Pub_Access": "OA", "Access_Src": "TPL", "Access_Dt": "2019", "GAP_Sts": "4", "GAPCdSrc": "GAP - Default", "GAPCdDt": "2021", "IUCN_Cat": "Unassigned", "IUCNCtSrc": "GAP - Default", "IUCNCtDt": "2021", "Date_Est": "", "Comments": "", "EsmtHldr": null, "EHoldTyp": null, "WebMercAc": 31, "TranspPct": 0, "Shape__Area": 127373.7890625, "Shape__Length": 1840.082755222217, "GlobalID": "ea2dc693-f903-4d9b-8a9f-0939cbaabfa5"}}, {"type": "Feature", "id": 158078, "geometry": {"type": "Polygon", "coordinates": [[[-96.8476108664651, 37.8291052940289], [-96.8476022327569, 37.8285528211063], [-96.8470842893169, 37.8285614525852], [-96.8470411297591, 37.8271543733836], [-96.847852571667, 37.8271284777406], [-96.8480338516913, 37.8271630064452], [-96.8483446175757, 37.8272493306192], [-96.8483359865624, 37.8279312881152], [-96.8488798257371, 37.8279399196667], [-96.8488798266354, 37.8297354584062], [-96.8478180449191, 37.8297440897468], [-96.8478266759323, 37.829122558985], [-96.8476108664651, 37.8291052940289]]]}, "properties": {"OBJECTID": 158078, "FeatClass": "Fee", "Category": "Fee", "Own_Type": "LOC", "Own_Name": "CITY", "Loc_Own": "City of El Dorado", "Mang_Type": "LOC", "Mang_Name": "CITY", "Loc_Mang": "City of El Dorado", "Des_Tp": "LP", "Loc_Ds": "LP", "Unit_Nm": "Main Park", "Loc_Nm": "Main Park", "State_Nm": "KS", "Agg_Src": "TPL_PADUS2_1_PADUS_DataDelivery_gdb", "GIS_Src": "TPL_Developed_Data_PADUS_DataDelivery.gdb/Albers_NA/ParkServe_Parks", "Src_Date": "2019/09/18", "GIS_Acres": 8, "Source_PAID": "20200750007", "WDPA_Cd": 0, "Pub_Access": "OA", "Access_Src": "TPL", "Access_Dt": "2019", "GAP_Sts": "4", "GAPCdSrc": "GAP - Default", "GAPCdDt": "2021", "IUCN_Cat": "Unassigned", "IUCNCtSrc": "GAP - Default", "IUCNCtDt": "2021", "Date_Est": "", "Comments": "", "EsmtHldr": null, "EHoldTyp": null, "WebMercAc": 14, "TranspPct": 0, "Shape__Area": 54827.0078125, "Shape__Length": 1121.4222087908447, "GlobalID": "35655733-3de3-4b68-bdd6-522b9b40ad4c"}}, {"type": "Feature", "id": 158089, "geometry": {"type": "Polygon", "coordinates": [[[-96.8631322211505, 37.8137067671372], [-96.8631291165728, 37.813417969362], [-96.8636616890772, 37.8134179707813], [-96.8636585836013, 37.8136446604741], [-96.8636523735477, 37.8136726096854], [-96.8636383993552, 37.8136896901875], [-96.8636228737721, 37.8137021116587], [-96.8635949235904, 37.8137114282929], [-96.8635685283924, 37.8137160851903], [-96.8631322211505, 37.8137067671372]]]}, "properties": {"OBJECTID": 158089, "FeatClass": "Fee", "Category": "Fee", "Own_Type": "LOC", "Own_Name": "CITY", "Loc_Own": "City of El Dorado", "Mang_Type": "LOC", "Mang_Name": "CITY", "Loc_Mang": "City of El Dorado", "Des_Tp": "LP", "Loc_Ds": "LP", "Unit_Nm": "South Summit Park", "Loc_Nm": "South Summit Park", "State_Nm": "KS", "Agg_Src": "TPL_PADUS2_1_PADUS_DataDelivery_gdb", "GIS_Src": "TPL_Developed_Data_PADUS_DataDelivery.gdb/Albers_NA/ParkServe_Parks", "Src_Date": "2019/09/18", "GIS_Acres": 0, "Source_PAID": "20200750013", "WDPA_Cd": 0, "Pub_Access": "OA", "Access_Src": "TPL", "Access_Dt": "2019", "GAP_Sts": "4", "GAPCdSrc": "GAP - Default", "GAPCdDt": "2021", "IUCN_Cat": "Unassigned", "IUCNCtSrc": "GAP - Default", "IUCNCtDt": "2021", "Date_Est": "", "Comments": "", "EsmtHldr": null, "EHoldTyp": null, "WebMercAc": 1, "TranspPct": 0, "Shape__Area": 2418.828125, "Shape__Length": 196.2248455673361, "GlobalID": "821cf106-626f-45d7-ad46-527807e3dfb6"}}, {"type": "Feature", "id": 158075, "geometry": {"type": "Polygon", "coordinates": [[[-96.8546571437559, 37.8128099831272], [-96.854663543354, 37.8119843903525], [-96.8552043372398, 37.8119875910685], [-96.8552299374288, 37.811990790365], [-96.8552523351238, 37.8120035918078], [-96.8552523369204, 37.8120291897187], [-96.8552459373223, 37.8127683827879], [-96.8552363379252, 37.8127875833295], [-96.8552203371333, 37.8128003817954], [-96.8552011365425, 37.8128099817079], [-96.8546571437559, 37.8128099831272]]]}, "properties": {"OBJECTID": 158075, "FeatClass": "Fee", "Category": "Fee", "Own_Type": "LOC", "Own_Name": "CITY", "Loc_Own": "City of El Dorado", "Mang_Type": "LOC", "Mang_Name": "CITY", "Loc_Mang": "City of El Dorado", "Des_Tp": "LP", "Loc_Ds": "LP", "Unit_Nm": "Library Park", "Loc_Nm": "Library Park", "State_Nm": "KS", "Agg_Src": "TPL_PADUS2_1_PADUS_DataDelivery_gdb", "GIS_Src": "TPL_Developed_Data_PADUS_DataDelivery.gdb/Albers_NA/ParkServe_Parks", "Src_Date": "2019/09/18", "GIS_Acres": 1, "Source_PAID": "20200750005", "WDPA_Cd": 0, "Pub_Access": "OA", "Access_Src": "TPL", "Access_Dt": "2019", "GAP_Sts": "4", "GAPCdSrc": "GAP - Default", "GAPCdDt": "2021", "IUCN_Cat": "Unassigned", "IUCNCtSrc": "GAP - Default", "IUCNCtDt": "2021", "Date_Est": "", "Comments": "", "EsmtHldr": null, "EHoldTyp": null, "WebMercAc": 2, "TranspPct": 0, "Shape__Area": 7594.734375, "Shape__Length": 358.7957313546413, "GlobalID": "602e6c1d-4a0d-418b-b657-1846f7350e90"}}, {"type": "Feature", "id": 158074, "geometry": {"type": "Polygon", "coordinates": [[[-96.8708318072148, 37.812541739373], [-96.8707986575842, 37.81020477928], [-96.8714533389835, 37.8102047771508], [-96.8714533389835, 37.8132544285389], [-96.8714036163342, 37.8132792900773], [-96.8703925903297, 37.8132792900773], [-96.8703925903297, 37.8132295669921], [-96.8704506017341, 37.8131798438735], [-96.8705251861572, 37.8131052612617], [-96.8706494905346, 37.8130058134041], [-96.8707406488747, 37.8128897971214], [-96.8707986584825, 37.8127489161091], [-96.8708318072148, 37.812541739373]]]}, "properties": {"OBJECTID": 158074, "FeatClass": "Fee", "Category": "Fee", "Own_Type": "LOC", "Own_Name": "CITY", "Loc_Own": "City of El Dorado", "Mang_Type": "LOC", "Mang_Name": "CITY", "Loc_Mang": "City of El Dorado", "Des_Tp": "LP", "Loc_Ds": "LP", "Unit_Nm": "Graham Park", "Loc_Nm": "Graham Park", "State_Nm": "KS", "Agg_Src": "TPL_PADUS2_1_PADUS_DataDelivery_gdb", "GIS_Src": "TPL_Developed_Data_PADUS_DataDelivery.gdb/Albers_NA/ParkServe_Parks", "Src_Date": "2019/09/18", "GIS_Acres": 5, "Source_PAID": "20200750004", "WDPA_Cd": 0, "Pub_Access": "OA", "Access_Src": "TPL", "Access_Dt": "2019", "GAP_Sts": "4", "GAPCdSrc": "GAP - Default", "GAPCdDt": "2021", "IUCN_Cat": "Unassigned", "IUCNCtSrc": "GAP - Default", "IUCNCtDt": "2021", "Date_Est": "", "Comments": "", "EsmtHldr": null, "EHoldTyp": null, "WebMercAc": 8, "TranspPct": 0, "Shape__Area": 32457.703125, "Shape__Length": 1070.1615337316794, "GlobalID": "8da91ae7-7813-4a91-94cc-a373ef64b1e2"}}, {"type": "Feature", "id": 158086, "geometry": {"type": "Polygon", "coordinates": [[[-96.8445532312066, 37.8293830859935], [-96.8445319438294, 37.8275416879876], [-96.8451439687274, 37.8275257218362], [-96.8451652561047, 37.8279514780684], [-96.8458038917963, 37.8279461558113], [-96.8458145350358, 37.8293777631303], [-96.8445532312066, 37.8293830859935]]]}, "properties": {"OBJECTID": 158086, "FeatClass": "Fee", "Category": "Fee", "Own_Type": "LOC", "Own_Name": "CITY", "Loc_Own": "City of El Dorado", "Mang_Type": "LOC", "Mang_Name": "CITY", "Loc_Mang": "City of El Dorado", "Des_Tp": "LP", "Loc_Ds": "LP", "Unit_Nm": "Rio Park", "Loc_Nm": "Rio Park", "State_Nm": "KS", "Agg_Src": "TPL_PADUS2_1_PADUS_DataDelivery_gdb", "GIS_Src": "TPL_Developed_Data_PADUS_DataDelivery.gdb/Albers_NA/ParkServe_Parks", "Src_Date": "2019/09/18", "GIS_Acres": 5, "Source_PAID": "20200750010", "WDPA_Cd": 0, "Pub_Access": "OA", "Access_Src": "TPL", "Access_Dt": "2019", "GAP_Sts": "4", "GAPCdSrc": "GAP - Default", "GAPCdDt": "2021", "IUCN_Cat": "Unassigned", "IUCNCtSrc": "GAP - Default", "IUCNCtDt": "2021", "Date_Est": "", "Comments": "", "EsmtHldr": null, "EHoldTyp": null, "WebMercAc": 8, "TranspPct": 0, "Shape__Area": 32438.2890625, "Shape__Length": 801.0286820073409, "GlobalID": "9cf2ae7a-0de4-470d-a92a-0207d954be96"}}, {"type": "Feature", "id": 148673, "geometry": {"type": "Polygon", "coordinates": [[[-96.9806423310763, 37.6958910749283], [-96.9806613654788, 37.695653127442], [-96.9851442722586, 37.6956531288636], [-96.9855820940601, 37.6975471798229], [-96.9856772714628, 37.6980896960073], [-96.985867628963, 37.6996411049563], [-96.9859723240161, 37.6999171233664], [-96.984173451253, 37.7012115489082], [-96.9838022556994, 37.7011829971003], [-96.9838593633987, 37.7009831206324], [-96.9839545416997, 37.7007927642643], [-96.9839926123014, 37.700630962282], [-96.984021166151, 37.7003739793869], [-96.9840973082528, 37.7002121772013], [-96.984306701054, 37.7000503732411], [-96.9845732015544, 37.6999742300787], [-96.9849634333071, 37.6998695338136], [-96.9853155935597, 37.6997172484608], [-96.9854202895111, 37.6994412328603], [-96.9849634333071, 37.6991556960952], [-96.9845541653552, 37.6990795527248], [-96.9805947419258, 37.6964335925692], [-96.9805566704257, 37.6960433610325], [-96.9806423310763, 37.6958910749283]]]}, "properties": {"OBJECTID": 148673, "FeatClass": "Fee", "Category": "Fee", "Own_Type": "LOC", "Own_Name": "CITY", "Loc_Own": "City of Augusta", "Mang_Type": "LOC", "Mang_Name": "CITY", "Loc_Mang": "City of Augusta", "Des_Tp": "LP", "Loc_Ds": "LP", "Unit_Nm": "Garvin Park", "Loc_Nm": "Garvin Park", "State_Nm": "KS", "Agg_Src": "TPL_PADUS2_1_PADUS_DataDelivery_gdb", "GIS_Src": "TPL_Developed_Data_PADUS_DataDelivery.gdb/Albers_NA/ParkServe_Parks", "Src_Date": "2019/09/18", "GIS_Acres": 33, "Source_PAID": "20033000002", "WDPA_Cd": 0, "Pub_Access": "OA", "Access_Src": "TPL", "Access_Dt": "2019", "GAP_Sts": "4", "GAPCdSrc": "GAP - Default", "GAPCdDt": "2021", "IUCN_Cat": "Unassigned", "IUCNCtSrc": "GAP - Default", "IUCNCtDt": "2021", "Date_Est": "", "Comments": "", "EsmtHldr": null, "EHoldTyp": null, "WebMercAc": 52, "TranspPct": 0, "Shape__Area": 211526.94140625, "Shape__Length": 2556.1982381272715, "GlobalID": "84ac0914-8b21-4720-b912-f0aef9db5992"}}, {"type": "Feature", "id": 257378, "geometry": {"type": "MultiPolygon", "coordinates": [[[[-96.7477526752284, 37.851321312322], [-96.7490226756479, 37.8509543118961], [-96.7491376761739, 37.8512283118631], [-96.7490526757851, 37.852396312307], [-96.7489086767434, 37.8524643125912], [-96.7481576752844, 37.8525103130608], [-96.7470906761528, 37.8527173123363], [-96.7453016758746, 37.8534503135648], [-96.7451866744503, 37.8534503135648], [-96.745012674373, 37.8533363135553], [-96.7449556753699, 37.8531753139446], [-96.7450416746853, 37.8529243138678], [-96.7458496751474, 37.8523513125956], [-96.7470036752159, 37.8518933129614], [-96.7477526752284, 37.851321312322]]], [[[-96.7602606986669, 37.9428663413825], [-96.7599716989619, 37.9428433413852], [-96.7594226980676, 37.9429123420641], [-96.7593066986149, 37.942866342091], [-96.7592486979903, 37.9427513420323], [-96.7594226980676, 37.9424543416642], [-96.7606656978245, 37.942020341117], [-96.7611566989925, 37.9421343412935], [-96.7616766986762, 37.9420893418602], [-96.7626886993528, 37.9414493407971], [-96.7633236995625, 37.9412893414316], [-96.7638157005554, 37.9410143410662], [-96.7641626999867, 37.9404883418726], [-96.7641626990884, 37.9400313401729], [-96.764076699773, 37.9399393415504], [-96.764076699773, 37.9398703402055], [-96.7634406997384, 37.9392983412447], [-96.7634416995633, 37.9389093411793], [-96.7637596986823, 37.9386123394537], [-96.7660717008139, 37.9376523392353], [-96.7673137007459, 37.9373783398131], [-96.7674876999249, 37.9371493397295], [-96.7674017015078, 37.9364393381561], [-96.7672857011568, 37.9360963392429], [-96.7673157003957, 37.9352723388179], [-96.7675757006867, 37.9344943379404], [-96.76873270023, 37.9332593374524], [-96.7687617005423, 37.9331223374749], [-96.7697437019799, 37.9328483367539], [-96.7696297003805, 37.9314753369892], [-96.7701507016857, 37.9307203372773], [-96.7703817016644, 37.9302393356097], [-96.7704397013907, 37.929896336109], [-96.7706417010571, 37.9296453367101], [-96.7713937014427, 37.9289813358285], [-96.7716247014214, 37.9289133353229], [-96.7724047022944, 37.9293713364925], [-96.772606702859, 37.929371335784], [-96.77330070262, 37.9289823363252], [-96.7733297029323, 37.928753335594], [-96.7727517017257, 37.9282503354228], [-96.772751702624, 37.9280443356301], [-96.7728967014906, 37.9279063360515], [-96.7729547021153, 37.9277463355484], [-96.7730697026413, 37.9276553355276], [-96.773358701448, 37.9272203356478], [-96.7733597012729, 37.9262823344402], [-96.7731577016066, 37.9255723349068], [-96.7731577016066, 37.9250693342323], [-96.7737647022272, 37.924497334891], [-96.7739677017184, 37.9238343334369], [-96.7742567014234, 37.9234683334273], [-96.7748347017317, 37.9233303330553], [-96.7757297031308, 37.9235373338704], [-96.7761627018775, 37.9234683341359], [-96.7767987037088, 37.9232623344097], [-96.7770007042735, 37.9229423319775], [-96.7769727037861, 37.9223933338329], [-96.7768287029477, 37.9219123322553], [-96.7768577023617, 37.9205853321299], [-96.7767137024217, 37.9204023327715], [-96.7764827033413, 37.9202653329307], [-96.7762517024643, 37.9202653329307], [-96.7760207033839, 37.9204023334802], [-96.7758757018223, 37.9207223320833], [-96.7756447018437, 37.9208363326931], [-96.775528702391, 37.9207223320833], [-96.775413701865, 37.9204023327715], [-96.774749701343, 37.9198983329633], [-96.7746347008169, 37.9196923324494], [-96.7745767010906, 37.9184113316679], [-96.7743467000385, 37.9177933322002], [-96.7741737006844, 37.917610332273], [-96.7735667000638, 37.9171973320768], [-96.7732786992854, 37.9169233315387], [-96.773249701668, 37.9167173319053], [-96.7731337004188, 37.916511331695], [-96.7729897004787, 37.9159163310712], [-96.7728746999527, 37.9157103314523], [-96.7726727002863, 37.9154813319111], [-96.7720377000766, 37.9150923319692], [-96.7719506991397, 37.914657330771], [-96.7718356995119, 37.9145423319387], [-96.7714886991823, 37.9143593303016], [-96.7711136983653, 37.9143133308874], [-96.7706806978219, 37.9144053318132], [-96.7701026975136, 37.9147713308597], [-96.7698416973977, 37.9151373316286], [-96.7697556980823, 37.9154113317326], [-96.7691196980476, 37.9158233313594], [-96.76770369714, 37.9158913319223], [-96.7675296970627, 37.9159593324222], [-96.7675006976487, 37.9162113331433], [-96.7668366971267, 37.9164403325381], [-96.766287698029, 37.9167603320794], [-96.7659696962151, 37.9170343318073], [-96.7659696953167, 37.9173093318787], [-96.7666916973617, 37.9177443329846], [-96.7670086966558, 37.9181333337838], [-96.7671516976693, 37.9198723338384], [-96.7670366980415, 37.9199643341892], [-96.7662856965825, 37.9199413334037], [-96.7660546975022, 37.9201923333302], [-96.7656496965479, 37.9202153333286], [-96.7652746975275, 37.920009332994], [-96.7631946960978, 37.9200083337926], [-96.7629926955331, 37.9200543338973], [-96.7624726949512, 37.9203513340658], [-96.7615766946255, 37.9207623344682], [-96.7604206949072, 37.9211283337725], [-96.7604206949072, 37.9214713359087], [-96.7605076940475, 37.9215173336811], [-96.7605066942226, 37.9218603354204], [-96.7603046945563, 37.9219523347016], [-96.7600736936792, 37.9219743356834], [-96.7597566943852, 37.9215623343703], [-96.7593526941541, 37.9212423351703], [-96.7590636935508, 37.9211043355816], [-96.7587456935335, 37.9211043355816], [-96.7583986932038, 37.9212413352769], [-96.7580516937725, 37.9216993346296], [-96.7578786935202, 37.9220653349399], [-96.7578206937939, 37.9225683356123], [-96.7577336937552, 37.9226603354251], [-96.7575026937765, 37.9227283346274], [-96.7572136931732, 37.92204233552], [-96.7569836930195, 37.9217443359161], [-96.7561746918341, 37.9214003344532], [-96.7556836915645, 37.9213543351904], [-96.7551056921545, 37.9215143354294], [-96.7543546915938, 37.922040335755], [-96.7540946913028, 37.9220863352974], [-96.7539496897412, 37.9219943354752], [-96.7539506895661, 37.9217203358003], [-96.7545866913974, 37.9210333344805], [-96.7545866913974, 37.9207823345896], [-96.7543556914187, 37.9205533352489], [-96.7535186906443, 37.9202783352594], [-96.7533736917777, 37.9203923344315], [-96.75239169034, 37.9204833349368], [-96.7521896915719, 37.9207353350399], [-96.7521306911224, 37.9216273363407], [-96.7519856895608, 37.9217873359858], [-96.7516976896807, 37.9217873359858], [-96.7514376893897, 37.9216953357895], [-96.7508596899797, 37.9213063361137], [-96.7503176896564, 37.9213423364871], [-96.7498256895618, 37.9214703360185], [-96.7492846890634, 37.9214013364704], [-96.7492266884388, 37.9212873360277], [-96.7487066878568, 37.9211043355816], [-96.7482156875871, 37.921173336117], [-96.7478116873561, 37.9213793367344], [-96.7474646879247, 37.9213793367344], [-96.7472336870478, 37.9212653362576], [-96.7470316882797, 37.9209683355283], [-96.7469736867568, 37.9206243361048], [-96.7466556867395, 37.9203963361771], [-96.7460486870171, 37.9203273356214], [-96.7454136859091, 37.9203733355266], [-96.7446626871451, 37.920694335574], [-96.7443446853311, 37.9206713357254], [-96.7439406859984, 37.9205573362771], [-96.7438647666788, 37.9204799135795], [-96.743738686332, 37.9203513361918], [-96.7436806857074, 37.9201913355485], [-96.7435936856687, 37.9201223362178], [-96.7435646853564, 37.9199173362428], [-96.743803685731, 37.919617335284], [-96.7441376856419, 37.9195033363278], [-96.744569685462, 37.9189773355737], [-96.7442706857113, 37.9183013341194], [-96.7447306851205, 37.9174683353036], [-96.7450246857467, 37.917386334124], [-96.7451886857782, 37.9176843350866], [-96.7448066852885, 37.9180573350919], [-96.7450336859675, 37.9185553351807], [-96.7452576862735, 37.9187163357674], [-96.7461096862182, 37.9187043359251], [-96.7464066863191, 37.9190653352263], [-96.7473036864696, 37.9183603344163], [-96.7476056883901, 37.918004335594], [-96.7479596874941, 37.9178733337564], [-96.7484476873907, 37.9180883345398], [-96.7491586886667, 37.9182063347192], [-96.7495896877636, 37.9183513357314], [-96.7499286885957, 37.918154335264], [-96.7503176887581, 37.91851533443], [-96.7506171906671, 37.9185565512542], [-96.7514076892525, 37.918665335184], [-96.7523646896775, 37.9186423339921], [-96.7527706895583, 37.9185133345691], [-96.7539506904644, 37.9184023344065], [-96.7553556915014, 37.9186383342771], [-96.7561886911795, 37.9188493338295], [-96.7566156909768, 37.9188903336152], [-96.7573386928467, 37.9186483335643], [-96.7577256933593, 37.91881933392], [-96.7580096921431, 37.91881933392], [-96.7582276926013, 37.918747334229], [-96.7582286933245, 37.9185183342214], [-96.7588066927346, 37.918015334196], [-96.7588646915625, 37.9178553334315], [-96.7585186919561, 37.9175123335654], [-96.7585186919561, 37.9172373342529], [-96.7589226921872, 37.9169633338639], [-96.7594146931801, 37.9169173325346], [-96.7599046927265, 37.9172153332714], [-96.7603086938559, 37.917787333267], [-96.7614346952336, 37.9187493333749], [-96.7619836943313, 37.9189093336118], [-96.7622436946223, 37.9189093343205], [-96.7626766951657, 37.918818333285], [-96.7633696951017, 37.9184983334844], [-96.763832694884, 37.9178573326017], [-96.7642086955259, 37.9170563321343], [-96.7643246949786, 37.9164393318707], [-96.7644986959541, 37.9160273321507], [-96.7650186956378, 37.9155693322029], [-96.7659426964509, 37.9149753317336], [-96.7666076958995, 37.9147463320303], [-96.7673296961479, 37.9146783311177], [-96.7675316967125, 37.9148153314434], [-96.7675316976109, 37.9152043314328], [-96.7681666978206, 37.9152273322823], [-96.7687156978166, 37.9151823319692], [-96.7687408380681, 37.9128442090234], [-96.7687466968804, 37.9122993304612], [-96.7689001488939, 37.9120554029502], [-96.7689196980311, 37.9120243300867], [-96.7692666974624, 37.9116813299624], [-96.7698446977707, 37.9114753298236], [-96.7706526973345, 37.9114303300503], [-96.7715196973478, 37.9114993304475], [-96.7718656996492, 37.9114303300503], [-96.7721256981435, 37.9112933297992], [-96.7722416975962, 37.9111103300021], [-96.77227169953, 37.9101033300465], [-96.7725316989227, 37.9090053293563], [-96.7725026977121, 37.9086623300408], [-96.7723296974597, 37.9084793293696], [-96.7721566972073, 37.9078153280349], [-96.7722446970709, 37.9067623277511], [-96.7721576970323, 37.9066023280268], [-96.7718406986365, 37.9062823282433], [-96.7700835346519, 37.9055704728089], [-96.7690686961974, 37.9051593279836], [-96.768895695945, 37.9050453278852], [-96.768924695359, 37.9041523280921], [-96.7686076960649, 37.9036033279211], [-96.7684636952265, 37.9032373278944], [-96.7685496963386, 37.9030543279072], [-96.7689256951839, 37.903031326796], [-96.7694166954536, 37.9032603282324], [-96.7702526955048, 37.904061327939], [-96.770686695873, 37.9042683276958], [-96.7708400490718, 37.9043112040176], [-96.7711766972161, 37.9044053282693], [-96.7715816972721, 37.904314328429], [-96.7717256981104, 37.9041083275103], [-96.7718126963524, 37.9038563278593], [-96.7721596975804, 37.9038333277076], [-96.7727656983761, 37.9041313275761], [-96.7733426979612, 37.9042913277116], [-96.7736896982908, 37.9043143277202], [-96.7744986994761, 37.904132327702], [-96.7753066990399, 37.9037893262261], [-96.7754226975942, 37.9036063269029], [-96.7754806982189, 37.903377327252], [-96.7756536984712, 37.9032623277992], [-96.7764916999689, 37.9032173272556], [-96.7769536990279, 37.9030113261013], [-96.7773577001573, 37.9026453259656], [-96.7775317002345, 37.9022563254915], [-96.7777046995886, 37.9015703261357], [-96.7780516999182, 37.901501325642], [-96.7785137007739, 37.9020513260543], [-96.7788016997557, 37.9021653258291], [-96.779379700064, 37.9019823253027], [-96.780823701459, 37.9017313263273], [-96.7811997012027, 37.9015483247218], [-96.7814597014937, 37.9010223245918], [-96.7816907023707, 37.9006783261686], [-96.7818347023107, 37.9000843245581], [-96.7816047012586, 37.899832324596], [-96.781459702392, 37.8995573244095], [-96.7814027015923, 37.8990773239806], [-96.7813447018659, 37.8989163243629], [-96.7806807013439, 37.8983903238526], [-96.7794386996152, 37.8984583249333], [-96.7793527002998, 37.898412324084], [-96.7793236999875, 37.897772324911], [-96.7792387013953, 37.8973833241998], [-96.7790946996586, 37.8970623245121], [-96.7782856984733, 37.8967423243598], [-96.7774196991832, 37.8960553237042], [-96.7766986987598, 37.8958493244787], [-96.7762076984901, 37.8958263239512], [-96.7753406975785, 37.8959633246444], [-96.7750806981858, 37.8958943238563], [-96.7748536031836, 37.8956643651858], [-96.7747636979934, 37.895573324764], [-96.7738976960083, 37.8951163246307], [-96.773637697514, 37.8948643239641], [-96.7736096961283, 37.8946813251335], [-96.774157695401, 37.8946123245615], [-96.774475697215, 37.8946813237157], [-96.7748832053672, 37.8946813237157], [-96.7750526976984, 37.8946813244246], [-96.7756876979081, 37.8948643232552], [-96.7759766976131, 37.8948873240832], [-96.7761496978655, 37.8946823239701], [-96.7764676969845, 37.8944763237378], [-96.7776516989868, 37.8944763237378], [-96.7784026977509, 37.8943163235314], [-96.7786336995262, 37.8941563229771], [-96.7786626989402, 37.8938583238356], [-96.7780856993551, 37.8931263221607], [-96.7780856993551, 37.8930353232616], [-96.7779986975198, 37.8928973239297], [-96.7779706997274, 37.8925313238322], [-96.7774506973487, 37.8918443221586], [-96.7774216979347, 37.8915703222001], [-96.777335697721, 37.8915013229657], [-96.777364697135, 37.8912043218858], [-96.777595698012, 37.8911583221747], [-96.7778846986153, 37.8913643231845], [-96.7783456987478, 37.8920053230662], [-96.7790676980978, 37.8926693231413], [-96.7799626994969, 37.8928983220815], [-96.7803956991419, 37.8929443228322], [-96.7808577008959, 37.8928753227588], [-96.7813487002673, 37.8925783222595], [-96.7814357003059, 37.8923263221207], [-96.7814356994076, 37.891663322083], [-96.7812626991552, 37.8914343221369], [-96.7812627000535, 37.8910903221485], [-96.7817247000109, 37.8907243215748], [-96.7819847003019, 37.8903813214175], [-96.7820136997159, 37.8901073216857], [-96.7818407003619, 37.8899013221214], [-96.7818406994635, 37.889626322407], [-96.7827936996906, 37.8892373218947], [-96.7829957002553, 37.8890093204059], [-96.7830827011922, 37.888757320812], [-96.7834867014232, 37.8885283203347], [-96.7837177014019, 37.8883453199334], [-96.7838627011669, 37.8881163203015], [-96.7837177014019, 37.8878873206664], [-96.7829676997679, 37.8874753205914], [-96.7825926989508, 37.8872013206797], [-96.7825926998491, 37.887063320338], [-96.7825347001228, 37.8870403199015], [-96.7823326995581, 37.8866513206153], [-96.7816976993484, 37.8863773204733], [-96.7803116994763, 37.8861023203587], [-96.7802256983643, 37.8859193203089], [-96.7802836980906, 37.8858273213441], [-96.7813226994297, 37.8856443199018], [-96.7817556990747, 37.8853473193013], [-96.781784699387, 37.8850953199363], [-96.781698698275, 37.8849353199032], [-96.7816696997593, 37.8846383199881], [-96.781698698275, 37.8845233196181], [-96.7819876988783, 37.884477319278], [-96.7822756996567, 37.8846383199881], [-96.7824196995968, 37.8848893198205], [-96.7824196986984, 37.8850273206915], [-96.7825356999477, 37.8852103201221], [-96.7825646993617, 37.885416320049], [-96.7827946995155, 37.885645320279], [-96.7838636991952, 37.8859203192644], [-96.7840077000335, 37.8858513196979], [-96.7841517008719, 37.88564531957], [-96.7842677003245, 37.884890320208], [-96.7845277006155, 37.8848443200971], [-96.7846427011416, 37.8849593199658], [-96.7846427011416, 37.8851193199468], [-96.7847007008679, 37.8851653184679], [-96.7847587005942, 37.8857143200384], [-96.7848446999096, 37.8858053201874], [-96.7851047010989, 37.8859433200508], [-96.7854507016037, 37.8859893194751], [-96.7860287010136, 37.885577319415], [-96.7862887013046, 37.885073319979], [-96.7862027010909, 37.8847533194695], [-96.7854807008426, 37.8842273198557], [-96.7854227011162, 37.8839753194941], [-96.7855677008812, 37.8837693190812], [-96.7855387005689, 37.883609318294], [-96.7851347003378, 37.8834263191389], [-96.7850766997132, 37.8832433188201], [-96.7854527012535, 37.8832433181111], [-96.7856826996106, 37.8831743195814], [-96.7860007014246, 37.8828543179101], [-96.7862317014032, 37.8827623193701], [-96.7869537016516, 37.8830143196286], [-96.7873287015703, 37.8830373191956], [-96.7876757018999, 37.882900319264], [-96.7879067009803, 37.8826483193245], [-96.7883977021483, 37.8818023182856], [-96.7886577024393, 37.8815273181027], [-96.7892927017507, 37.8812073184924], [-96.7896967019818, 37.880749317371], [-96.7897837029187, 37.8800633175375], [-96.7899277028588, 37.8797883165338], [-96.7909677022261, 37.8793313169778], [-96.7910547022648, 37.8791023162581], [-96.7909967034367, 37.8787593158514], [-96.7907657025598, 37.8784383165025], [-96.790390702641, 37.8780723161477], [-96.7895537009683, 37.877843315768], [-96.7887447015796, 37.8780033170278], [-96.7874747002619, 37.878483316595], [-96.7873307003218, 37.8783693177255], [-96.7873597006341, 37.8782093158425], [-96.7871286997572, 37.8778433171861], [-96.7871286997572, 37.8775453158364], [-96.7877057002406, 37.8771103167605], [-96.7878217005915, 37.8769273163474], [-96.7878507009038, 37.8761723176627], [-96.7879667012548, 37.8760813162468], [-96.7886307017768, 37.8762873161822], [-96.7896117015929, 37.8761733160413], [-96.7900447021363, 37.8758293163754], [-96.7904327024738, 37.8750313159408], [-96.7888067015039, 37.873363315243], [-96.7893157013169, 37.8723323151648], [-96.789405699932, 37.8720023146571], [-96.7893886993152, 37.8717703149839], [-96.7889556996702, 37.871393315641], [-96.7888457000653, 37.8711493142536], [-96.7888437004155, 37.8707333146633], [-96.7889796999596, 37.8704033140847], [-96.7894377015157, 37.8698393143157], [-96.7892817009818, 37.8695093139877], [-96.7892476997483, 37.8690573125324], [-96.789445700115, 37.868604314078], [-96.7889977004013, 37.8684113140799], [-96.789087700813, 37.8681423129783], [-96.7884116987988, 37.8683033139375], [-96.7875526991814, 37.8687473137469], [-96.7873516993399, 37.8686623138978], [-96.7869506994819, 37.8686153136805], [-96.7868116977681, 37.8685543141234], [-96.7860576977327, 37.8685213138652], [-96.785642697631, 37.8686333139936], [-96.7854266968226, 37.8686093135752], [-96.785071698792, 37.8684763140696], [-96.7842716978275, 37.8686023135699], [-96.783995697643, 37.8687503141486], [-96.7838436964087, 37.8691053137788], [-96.7835836970161, 37.8693623141136], [-96.7834326974033, 37.8697303142548], [-96.783295697136, 37.8699263146975], [-96.7824986965445, 37.8705163147716], [-96.7815776970029, 37.8709113141039], [-96.7796866957191, 37.8713833156058], [-96.7778546948848, 37.8714523152536], [-96.7772706947287, 37.8715153156771], [-96.7768246937666, 37.8716643159354], [-96.7768106935229, 37.8719213158537], [-96.7769696944299, 37.872665316564], [-96.7766306935978, 37.8726063157955], [-96.7762456945317, 37.8726203157537], [-96.7758766935624, 37.8727313161898], [-96.7763556932382, 37.8728883162655], [-96.776556693978, 37.8730833162685], [-96.7767416948242, 37.8731313170193], [-96.7784336959164, 37.8729043158525], [-96.7790046956537, 37.8730233159953], [-96.7804506958002, 37.8728833163496], [-96.7808366973862, 37.8729303152625], [-96.7809596965116, 37.8730153158606], [-96.7809456953696, 37.8731743157152], [-96.7807926970053, 37.8733703162142], [-96.7807476959012, 37.8735783163037], [-96.7808266955439, 37.8737733158986], [-96.7810426963522, 37.8739193156537], [-96.7820296978128, 37.8741593163709], [-96.782276697685, 37.8742563155525], [-96.7824166974271, 37.8745123158277], [-96.7824236970998, 37.8746163161064], [-96.7820326972875, 37.8747663177089], [-96.7790786961719, 37.8747353163202], [-96.7785956953998, 37.8748433169616], [-96.7785676949124, 37.8750313166499], [-96.7786706957428, 37.8763303172904], [-96.7785846955291, 37.8764453176905], [-96.7783816969362, 37.8764903168733], [-96.7781226955718, 37.8761473170668], [-96.7781226946734, 37.8760553172398], [-96.7778336958668, 37.8758043170812], [-96.7775746954007, 37.8756893163895], [-96.7769106957769, 37.8756433169134], [-96.7767366948014, 37.8755743162273], [-96.7765766940695, 37.8750313166499], [-96.7764226940837, 37.8747573172384], [-96.7759956933881, 37.8745633158123], [-96.7745146939798, 37.8746233176676], [-96.7736716933576, 37.8747153171557], [-96.773544693136, 37.875031318068], [-96.7735036940264, 37.8755963183132], [-96.7734176929144, 37.8757113177319], [-96.773186693834, 37.8758023181867], [-96.7724076927859, 37.8753693176511], [-96.7721016933625, 37.875031318068], [-96.7719746922426, 37.8747593182885], [-96.7708266911236, 37.8748673174766], [-96.7709036911164, 37.8750313173589], [-96.7709056916646, 37.8760303180222], [-96.7703856919809, 37.8768773177867], [-96.7702416920409, 37.8769683182192], [-96.7699816917498, 37.8768313176343], [-96.7699236911252, 37.8765563180359], [-96.7697506917712, 37.8762813188289], [-96.7694336906805, 37.8760523185537], [-96.7691446900771, 37.87598431805], [-96.7685376894565, 37.8760753195858], [-96.7677286900678, 37.876487318205], [-96.7670936907564, 37.877150318747], [-96.7669486891948, 37.8775163201378], [-96.7669486900931, 37.8777223181873], [-96.7668336904654, 37.8777683192013], [-96.7666886898022, 37.8779513182342], [-96.7664866910341, 37.8779743186733], [-96.7663426892974, 37.87788231971], [-96.7662276887714, 37.8768983189874], [-96.7661126891437, 37.8767613182723], [-96.7657946891263, 37.8768293194768], [-96.7654766900073, 37.8772183195924], [-96.765187689404, 37.8777673194262], [-96.7646396883346, 37.8777673194262], [-96.7643506886296, 37.8774923197768], [-96.7642646884159, 37.8773553194575], [-96.7638026884585, 37.877080318979], [-96.7632256879751, 37.8771713184517], [-96.7627346868071, 37.8773773195933], [-96.7612036862718, 37.8782923200313], [-96.7603666863957, 37.8786123209618], [-96.760135686417, 37.8788183202005], [-96.7600196860661, 37.8790693200155], [-96.7600476874518, 37.8796413215707], [-96.7601636869044, 37.8798933204545], [-96.7605666873105, 37.8803283208207], [-96.7608556879139, 37.8807863203059], [-96.7608556870155, 37.881015320044], [-96.7607396875629, 37.8810373205046], [-96.7603936879565, 37.880946321554], [-96.7597296874345, 37.8804423209124], [-96.759037686425, 37.8800303217255], [-96.7588636863477, 37.8799843199971], [-96.758257685552, 37.8801213196808], [-96.7582286852397, 37.8804873204895], [-96.7578826856333, 37.8805103201367], [-96.7571606862833, 37.88032632134], [-96.7564386851366, 37.8803723207278], [-96.7562656848842, 37.8804863207513], [-96.7562076851579, 37.8807843215467], [-96.7560916857053, 37.8808523211642], [-96.7553334141807, 37.8809593053059], [-96.7552836852432, 37.8809663211538], [-96.7551676848922, 37.8811263220109], [-96.7545326837842, 37.8814923213704], [-96.7542716845666, 37.8825223218675], [-96.7542146846652, 37.8825453222972], [-96.7539836846865, 37.8825223218675], [-96.7535216838308, 37.8819953221993], [-96.7530316842844, 37.8815833217735], [-96.7526229481351, 37.8814482561933], [-96.75233868345, 37.8813543216744], [-96.7517616829666, 37.8813993221124], [-96.7507126815818, 37.881856322308], [-96.7507089454885, 37.8819523655214], [-96.7507059109795, 37.8820303661968], [-96.7506984378946, 37.8822225066385], [-96.7506886821907, 37.8824733232709], [-96.7506476830811, 37.8827403236789], [-96.7505556821213, 37.8829423224787], [-96.7496438561753, 37.8833047521802], [-96.7496046815441, 37.8833203226826], [-96.7496384977246, 37.8834807502098], [-96.749901681645, 37.8847293235938], [-96.7496256814604, 37.8847623236815], [-96.749599208109, 37.8847711159035], [-96.7493546812988, 37.884852323201], [-96.7483546812161, 37.8854373237778], [-96.7480856816026, 37.8860113241216], [-96.7467636813046, 37.8855333240357], [-96.7470556813826, 37.8865313236905], [-96.7455736812511, 37.8877233245952], [-96.7448976810335, 37.8895163250694], [-96.7442916811361, 37.8898173264424], [-96.743646679084, 37.8889733254794], [-96.7426566799453, 37.8893973246324], [-96.7419886801236, 37.8895613261914], [-96.7418716790495, 37.8902233264108], [-96.7408786786394, 37.8902273262527], [-96.7397406775662, 37.8912323260728], [-96.7392536783928, 37.8912263278097], [-96.7392746774108, 37.8926453277184], [-96.739454674641, 37.8930909665596], [-96.7399766793643, 37.8943833274084], [-96.7394976778919, 37.8940233277723], [-96.7391141565544, 37.8930844240028], [-96.7390736775694, 37.8929853264206], [-96.7387056773234, 37.8925353278022], [-96.7384966779843, 37.8916733271631], [-96.7378836766176, 37.8909993264042], [-96.7372566768038, 37.8913323263555], [-96.7367096764576, 37.8912703261678], [-96.7356596761462, 37.8904923262814], [-96.7346656750129, 37.8904733267445], [-96.7339636757544, 37.8915403274726], [-96.7334746760328, 37.8925503278005], [-96.7334377507831, 37.8929752151817], [-96.7333996756898, 37.8934133290762], [-96.7340226762039, 37.8939993285373], [-96.7342196758474, 37.8960133279695], [-96.7335676759193, 37.8942753284823], [-96.7329556752758, 37.8936653290387], [-96.7313656742909, 37.8937873283393], [-96.7321626757806, 37.8934913289543], [-96.7324916747702, 37.8926913279183], [-96.7325836748318, 37.891401327875], [-96.732237674327, 37.8898633277002], [-96.7329586747505, 37.8886103267359], [-96.7327316740714, 37.8879983264545], [-96.7313256732096, 37.8873773264118], [-96.7321756735044, 37.8868073261091], [-96.7331746746606, 37.8875693267069], [-96.7337496736975, 37.8872523260577], [-96.7343026747898, 37.8879913268736], [-96.7348235117033, 37.8883118429042], [-96.7351476750618, 37.8885113259301], [-96.7353077440656, 37.8878747706034], [-96.7354926757416, 37.8871393262299], [-96.7361952121927, 37.8873511683295], [-96.7364676757099, 37.8874333263428], [-96.7372546762556, 37.8869223250391], [-96.7388676768068, 37.8856813246312], [-96.7389936763051, 37.8848913255583], [-96.7389923845278, 37.8847015530283], [-96.7389886771806, 37.8841573239776], [-96.7394206761024, 37.8836713242238], [-96.7386796755875, 37.8835703244749], [-96.7381666755765, 37.8826213236352], [-96.7383986762784, 37.8825873235874], [-96.7402512269731, 37.8836443757037], [-96.7404456771978, 37.8837553240779], [-96.7406519582348, 37.8836520705214], [-96.7411130302325, 37.883421281652], [-96.7413546779422, 37.883300323722], [-96.7414285176619, 37.8831262998507], [-96.7415536781338, 37.882831323958], [-96.7425046778127, 37.883086323798], [-96.7430876772456, 37.8818333223722], [-96.7419766777331, 37.8809673230126], [-96.7411546770274, 37.8807933234077], [-96.7412736759547, 37.8805513221411], [-96.7423776775911, 37.88039332235], [-96.7428486777693, 37.8796333214457], [-96.7435066784436, 37.8794853221672], [-96.7437306778512, 37.8809513237588], [-96.7444616801171, 37.8811333222443], [-96.7451556789797, 37.8804053234769], [-96.7459236792588, 37.8800543233866], [-96.7461796793519, 37.8804483221811], [-96.7467556800103, 37.8801723228723], [-96.748084679981, 37.8803433218878], [-96.7496606807222, 37.8801363222081], [-96.7503186831931, 37.8801173214171], [-96.7506846819927, 37.8792703220389], [-96.7514166813885, 37.8792483217594], [-96.7514729868922, 37.8792388687561], [-96.7523696816155, 37.8790883217859], [-96.7529466838956, 37.8787913209802], [-96.7533516830532, 37.8784483212524], [-96.7535536827196, 37.8781513207023], [-96.7534966828182, 37.8774873201734], [-96.7542766836911, 37.8767103205185], [-96.7544496839435, 37.8764813194498], [-96.7544506837684, 37.876069320088], [-96.7543636837298, 37.8760233201401], [-96.7543636828315, 37.8759323199583], [-96.7532076822148, 37.8750313194862], [-96.7538381324576, 37.8750313194862], [-96.7539726821209, 37.8750313194862], [-96.7560959149736, 37.8761347096951], [-96.7564126834007, 37.8762993201053], [-96.757163685758, 37.876253318883], [-96.7575386838801, 37.8760473202706], [-96.7579726851467, 37.8756823198932], [-96.7580876847744, 37.8755033201194], [-96.7582036851253, 37.8754803196179], [-96.7583476859637, 37.8753323197947], [-96.7584756851119, 37.8750313187771], [-96.7587376850527, 37.8747913180645], [-96.7594576856513, 37.8747643187863], [-96.7605856857805, 37.8749463183778], [-96.7609246866125, 37.8749323181524], [-96.7616626876527, 37.8747343186312], [-96.7616926859933, 37.8745753193072], [-96.7614456879178, 37.8745273187883], [-96.7610456869863, 37.8745903201278], [-96.7607516872585, 37.87439531915], [-96.7605946868996, 37.8739323183717], [-96.7607636860557, 37.8738703191339], [-96.7608566859421, 37.8739923186137], [-96.7608896873507, 37.8742483183881], [-96.7612746873152, 37.8742833178532], [-96.7615686879414, 37.8744413186963], [-96.7617526862678, 37.8744523181365], [-96.7624136864168, 37.8741563176076], [-96.7626436874688, 37.8741183178992], [-96.7628136873482, 37.8741913185347], [-96.763013688263, 37.8741783179897], [-96.7637356885114, 37.8739313192536], [-96.7645026880673, 37.8735123181457], [-96.7645786882352, 37.8732923177133], [-96.7645006875191, 37.8730963177159], [-96.7647736873306, 37.8726063172137], [-96.76483468743, 37.8724113166572], [-96.7647866877494, 37.8721183181198], [-96.7650286875987, 37.8715793173241], [-96.7652746894427, 37.871407317248], [-96.7659046878329, 37.8712703169578], [-96.768412689783, 37.8709903164109], [-96.7688276898847, 37.8708423160768], [-96.7689316905401, 37.8703893165416], [-96.7691016895211, 37.8704983170459], [-96.7696096895093, 37.8703623170684], [-96.7699596893136, 37.869786316258], [-96.770280689704, 37.8694913160161], [-96.7708646907584, 37.869248316021], [-96.7719076913971, 37.8685693147516], [-96.7723226914988, 37.8684203153256], [-96.7727846914562, 37.8684313156648], [-96.77323069152, 37.8683433157422], [-96.7743386924561, 37.8682903151901], [-96.7756496928834, 37.8685533149323], [-96.7761266938077, 37.8685873150759], [-96.7768186939188, 37.8683653143144], [-96.7774316934889, 37.8679593151079], [-96.7778886943217, 37.8671873138344], [-96.7777606933769, 37.8664793140957], [-96.7780366935614, 37.8663803140348], [-96.7781116939045, 37.866050313817], [-96.7783086944463, 37.8655353140272], [-96.7786446931086, 37.8651673142104], [-96.7791046934162, 37.8648483129804], [-96.7791956945511, 37.8646643133594], [-96.7803466951448, 37.8640483121167], [-96.781514695457, 37.8637263139471], [-96.7816676947196, 37.8635543132692], [-96.7816966959302, 37.863358313607], [-96.7819756946912, 37.8635403122975], [-96.7841756966698, 37.8633973117432], [-96.7845446967407, 37.8632853121668], [-96.7846666960411, 37.863028312622], [-96.7851776973006, 37.8634903124526], [-96.7856856972887, 37.863537313102], [-96.7864696974613, 37.8633013117115], [-96.7870976988967, 37.8628593116657], [-96.7875106975519, 37.8623683111833], [-96.7874936978335, 37.8620993114257], [-96.7873066973374, 37.8618683117677], [-96.7869196977231, 37.8615403111936], [-96.7870266978533, 37.8614293116288], [-96.7874906974605, 37.8616473099067], [-96.7879366984226, 37.8616943117314], [-96.7883216992854, 37.8616193114913], [-96.7889346979572, 37.861226311283], [-96.7895946991796, 37.8609053100074], [-96.7903146988798, 37.8603403105791], [-96.7905436992086, 37.8600703097873], [-96.7905726986226, 37.8598133096699], [-96.79123369967, 37.8596153106546], [-96.791525699748, 37.8594553098867], [-96.7919816998576, 37.8586343100402], [-96.7919647001391, 37.8584153099054], [-96.7917946993615, 37.8582693099269], [-96.791886699423, 37.8581583096914], [-96.7923626996241, 37.8580583083394], [-96.7927157006998, 37.8578373099484], [-96.7932356994852, 37.8573583085522], [-96.7927886995964, 37.8572013080125], [-96.7927727006012, 37.8571163097402], [-96.7928787000081, 37.8568953092342], [-96.7932306994623, 37.856625309299], [-96.7932597006729, 37.8563073087532], [-96.7929186992928, 37.8559793082564], [-96.7929476996051, 37.8556983084021], [-96.7932997008559, 37.8554153080292], [-96.7938976994591, 37.8550463079562], [-96.7937473008193, 37.8549576955459], [-96.7937126995111, 37.8549373094207], [-96.7938316993368, 37.8542273081321], [-96.7935536995025, 37.8541313082143], [-96.7936586999828, 37.8536783080901], [-96.7937967000751, 37.8536653081816], [-96.7946696999362, 37.8529043080742], [-96.7948520759052, 37.8526721163441], [-96.7949484211177, 37.8525494531229], [-96.795295699925, 37.8521073070303], [-96.7953386995828, 37.8517403069703], [-96.7953056999708, 37.8512763062799], [-96.7951956994676, 37.8510323077966], [-96.794920699108, 37.8514003079672], [-96.794414699668, 37.8517203065299], [-96.7925726987881, 37.8525103080957], [-96.7918516983646, 37.8529533078955], [-96.7918195359825, 37.8529638615571], [-96.7916420540352, 37.853022094278], [-96.7910226970878, 37.8532253080195], [-96.7909926978489, 37.8534083077208], [-96.789994697416, 37.8538533079983], [-96.789149697144, 37.8540763093059], [-96.7886743185771, 37.8540863804907], [-96.7884416971393, 37.8540913086253], [-96.7882856975037, 37.8538963080135], [-96.7881896990409, 37.8539183974315], [-96.7872556972838, 37.8541333091152], [-96.7858596955694, 37.8547873085894], [-96.785505695567, 37.8548743097187], [-96.7851506957398, 37.8547773091378], [-96.7847646950521, 37.8545103088099], [-96.7841946942414, 37.8545373098354], [-96.7835356946405, 37.8549553095283], [-96.7831290174299, 37.8551295169785], [-96.7828446943543, 37.8552513098797], [-96.7822586936501, 37.8551443103931], [-96.7815326932037, 37.8547073101017], [-96.7811656936809, 37.8552103093987], [-96.781138498084, 37.8552117471042], [-96.7809196927353, 37.855223309744], [-96.7798096921495, 37.8549953093577], [-96.7792746932955, 37.8556333099088], [-96.779124691711, 37.8561103103187], [-96.7790206928523, 37.8568203097849], [-96.7789796928444, 37.8574803105477], [-96.778824693932, 37.8574193102844], [-96.778543691928, 37.8568093112588], [-96.7779556924722, 37.8563233105219], [-96.7777241005038, 37.8561369915873], [-96.7773366912577, 37.8558253106724], [-96.7768116915512, 37.8557053096332], [-96.7767514092057, 37.8557375106062], [-96.7764896904376, 37.8558773101874], [-96.7763536908934, 37.8561953104603], [-96.7763446915709, 37.85714931085], [-96.7757946908517, 37.8578723115349], [-96.775567691071, 37.8584963122074], [-96.7754356917248, 37.8594013114286], [-96.7755156920908, 37.8599753125307], [-96.7751776910837, 37.8600253126326], [-96.774732691743, 37.8602723118861], [-96.7749296913865, 37.8597823119189], [-96.7748966908763, 37.8594893121003], [-96.7744616906831, 37.8588553124249], [-96.7742954763044, 37.85880824283], [-96.7741226889527, 37.8587593121508], [-96.7740756899954, 37.8586743114195], [-96.7743223826438, 37.8584663167765], [-96.7743816903171, 37.8584163113616], [-96.7745196904094, 37.858244311767], [-96.7745145232999, 37.8575709193147], [-96.7745136905616, 37.8574623117659], [-96.7742656908645, 37.8571943118883], [-96.774047689508, 37.8567433115569], [-96.7737386897115, 37.8565983104568], [-96.7733376889552, 37.8565633111024], [-96.7729226897518, 37.8566873109897], [-96.7727840635338, 37.8566533472024], [-96.772722688837, 37.8566383108132], [-96.7727323097936, 37.8565371832146], [-96.772765689393, 37.8561863105584], [-96.7726406888212, 37.8558083115596], [-96.7723776881571, 37.8556873104179], [-96.771808688968, 37.8557263111945], [-96.7713447288867, 37.8560605359459], [-96.7710576884073, 37.856267310345], [-96.7709186875918, 37.8562553123787], [-96.7708856879798, 37.8558763101152], [-96.7704806879239, 37.8552433113619], [-96.7703364265741, 37.8551421215608], [-96.7702026871912, 37.8550483116694], [-96.7699256871818, 37.8550743102869], [-96.7696026871416, 37.8552103115266], [-96.7692768951375, 37.8552062572966], [-96.7688796870683, 37.8552013115044], [-96.7682956869122, 37.8553743111858], [-96.7679746856235, 37.8557543118484], [-96.7679306861409, 37.8560483123982], [-96.7680886863247, 37.8567193122309], [-96.7680756868042, 37.8570863123292], [-96.767831687305, 37.8574293122146], [-96.7677866870992, 37.8576003115345], [-96.7676496868318, 37.857833312603], [-96.7677136873043, 37.8582243123819], [-96.7673956872869, 37.8590933125061], [-96.76716468641, 37.8590333121885], [-96.7669886866829, 37.8582273125028], [-96.7666606866198, 37.8574713129305], [-96.7664990473608, 37.8573122806096], [-96.7664746859486, 37.8572883119669], [-96.7664876854691, 37.8569703121535], [-96.7662866856277, 37.8567023119058], [-96.7662696868075, 37.8564583122301], [-96.7660816855883, 37.8561043120323], [-96.7657406851064, 37.855727311978], [-96.7654476861018, 37.8556553122751], [-96.7649406850402, 37.8557303122005], [-96.7646367679116, 37.8559689876671], [-96.7642046854465, 37.8563083116566], [-96.7638996840513, 37.8566883124695], [-96.7637646843321, 37.8572513128331], [-96.7636726851689, 37.8573373124206], [-96.7634396846421, 37.8569593122313], [-96.7634676842312, 37.8566173116395], [-96.7632806846335, 37.8562263118477], [-96.7631144504918, 37.855299238552], [-96.7630726851193, 37.8550663117499], [-96.7628246836256, 37.8547863120488], [-96.762516683654, 37.8547883122227], [-96.7620876833086, 37.8550093112434], [-96.7615990698626, 37.8555402092074], [-96.7615676836249, 37.855574311816], [-96.761049683591, 37.8563953131187], [-96.7609896824183, 37.8567253133044], [-96.7610836839262, 37.8569083121193], [-96.7609616837275, 37.857104311912], [-96.7608886839326, 37.8576663133061], [-96.7604756834807, 37.8581443140779], [-96.7604466840667, 37.8584263138658], [-96.7606466831849, 37.8584493125987], [-96.7607096838324, 37.8585833139241], [-96.7606826831699, 37.8592073142515], [-96.7603566827567, 37.85875631347], [-96.7601846832276, 37.8583903125043], [-96.7602586828474, 37.8579253124872], [-96.7597496830344, 37.8577443134538], [-96.7596141074951, 37.8576231083877], [-96.7595326824011, 37.8575503133339], [-96.759024682413, 37.8576253134591], [-96.7587317903078, 37.85784607134], [-96.7580136815613, 37.8583873138085], [-96.7569856818895, 37.8589663137385], [-96.7563426812838, 37.8593963141437], [-96.7561286819219, 37.8597153155681], [-96.7559266813572, 37.8594473139527], [-96.7559546809463, 37.8590313142575], [-96.7563986813603, 37.8586753142907], [-96.7564896815969, 37.8584673132673], [-96.7564706813304, 37.8578683134822], [-96.7565936804557, 37.8577703132482], [-96.7567626814084, 37.8577323136001], [-96.7571456808247, 37.8574623138937], [-96.7572802250981, 37.8572285165742], [-96.7573286811229, 37.8571443127031], [-96.7574815555196, 37.8571045019935], [-96.7577126812624, 37.8570443128125], [-96.7578395754828, 37.8569514089398], [-96.7578806814919, 37.8569213142929], [-96.7579106816291, 37.856726313365], [-96.7582176826741, 37.8566143135809], [-96.7584006820739, 37.8563813129148], [-96.7585226813743, 37.8560883123438], [-96.7588116819776, 37.8556223126242], [-96.7588836810493, 37.8548883116273], [-96.7587436813073, 37.8545713114805], [-96.7586186807355, 37.8543403123451], [-96.7575536812538, 37.8540143118027], [-96.7573516815874, 37.8536123119686], [-96.7569316796662, 37.8530393117879], [-96.7563446809337, 37.8527733116635], [-96.7561136800567, 37.8527623118243], [-96.7559159949986, 37.8526714127167], [-96.7556656794447, 37.8525563113738], [-96.7554196793974, 37.852618312231], [-96.7550196793643, 37.8525463123289], [-96.7545606788817, 37.8525253126989], [-96.7539076800269, 37.8526763118646], [-96.7536016779085, 37.8529663121853], [-96.7531556778447, 37.8525203121105], [-96.7528107759796, 37.8524735690061], [-96.752668677773, 37.8524543121152], [-96.752563678191, 37.8518923121259], [-96.7503186769049, 37.8524463118754], [-96.7502510400522, 37.8524988223444], [-96.7498536756762, 37.8528073134128], [-96.7498246762622, 37.8512283118631], [-96.7498676768182, 37.8509763121123], [-96.7503186778032, 37.8506083112441], [-96.7516293952612, 37.8504218040812], [-96.7518436766942, 37.8503913116754], [-96.7503186769049, 37.849133312321], [-96.7498236764373, 37.849009311077], [-96.7498230035991, 37.8467910429568], [-96.749822675714, 37.8457133096267], [-96.749682675972, 37.8456683093834], [-96.7491046756636, 37.845737309698], [-96.7490849271004, 37.8465065882512], [-96.7490206750997, 37.849009311077], [-96.7455866735851, 37.8487593111729], [-96.7443456734779, 37.848279312329], [-96.7436246730545, 37.8481193117835], [-96.7426716728274, 37.848142311604], [-96.7415466721729, 37.8485093118398], [-96.7399886700768, 37.8486243123902], [-96.739584670744, 37.848716313127], [-96.739094669401, 37.8490823124696], [-96.7385176707142, 37.8492883119866], [-96.7381706694862, 37.8492653125236], [-96.7378826705045, 37.8491743119256], [-96.7370456688317, 37.8492663126855], [-96.7354876685322, 37.8499073129124], [-96.7351116678903, 37.8499073129124], [-96.7344766676805, 37.8496793131095], [-96.7336396669061, 37.849725313898], [-96.7333806682367, 37.8499763135164], [-96.7332076679843, 37.8503433138452], [-96.7330346668336, 37.8505043139657], [-96.7328036677533, 37.8504803140273], [-96.73265866709, 37.8501833142318], [-96.7326296667777, 37.8492223140635], [-96.7330336670087, 37.8490153127781], [-96.7338126671585, 37.8489473135689], [-96.7346496679329, 37.8491753135073], [-96.7352266684163, 37.8491983137078], [-96.735572668921, 37.8491293123756], [-96.7359476679414, 37.8489933126862], [-96.7361496685061, 37.8487413123899], [-96.7361786688184, 37.8484433132193], [-96.7360916687798, 37.8483063127991], [-96.7360626684675, 37.8478943133773], [-96.7361206690921, 37.8476883120938], [-96.7365526680139, 37.847436312303], [-96.7375336696267, 37.8473443120973], [-96.737707669704, 37.8472533126752], [-96.737995669584, 37.8468183121092], [-96.7380246698964, 37.8465433118706], [-96.7379086695454, 37.8464523121695], [-96.737418669999, 37.8464293118219], [-96.7364086698705, 37.8467503122927], [-96.7360046687411, 37.8467963120711], [-96.7355426687838, 37.8467273127474], [-96.7351386676544, 37.8470713120755], [-96.7345616689677, 37.8473683130564], [-96.7342156675646, 37.8475973116776], [-96.7337826679196, 37.8477123122316], [-96.7337536667089, 37.8474833139676], [-96.7335806673549, 37.8474143124494], [-96.7320806667817, 37.8475523118746], [-96.731878666217, 37.8475293125794], [-96.7317056659646, 37.8474383126763], [-96.7316766656523, 37.8473243118831], [-96.731878666217, 37.8472093135614], [-96.7339846675859, 37.8467963120711], [-96.7343596675047, 37.8465683118702], [-96.7349936669912, 37.8460413118162], [-96.7349936678895, 37.8458353117405], [-96.7345036674447, 37.8458353124498], [-96.7341286684243, 37.8456983121496], [-96.7339546674487, 37.8454693125968], [-96.7336666666703, 37.8453093116292], [-96.7328296658959, 37.8453093116292], [-96.7325696674015, 37.8452643118487], [-96.7323386674229, 37.8450813117963], [-96.7322806667982, 37.844921312115], [-96.7317616660411, 37.8443493113021], [-96.7317906663535, 37.8442573115012], [-96.7323676650402, 37.8442343104691], [-96.7332916667516, 37.8448283120964], [-96.7335806664566, 37.8448963115571], [-96.734417667231, 37.8446213112448], [-96.734532667757, 37.8442783120673], [-96.7347636677357, 37.8442093118064], [-96.7353976681205, 37.844438311725], [-96.7358886692885, 37.8443013116671], [-96.7368406687923, 37.8438203112348], [-96.7384653761882, 37.8433292527474], [-96.7388886695366, 37.8432013102874], [-96.7408796712778, 37.8429493100605], [-96.7412256708842, 37.8427883097604], [-96.7413406714103, 37.8424683100325], [-96.7415416703534, 37.8413243099022], [-96.7416286694937, 37.8412323091654], [-96.7418596703707, 37.8412093086086], [-96.7419746699985, 37.8413233096326], [-96.7420046719323, 37.8423993102063], [-96.742091669276, 37.8426513101843], [-96.7423226719496, 37.8428793097265], [-96.7447261728828, 37.8432384023089], [-96.7449196717916, 37.8432673093432], [-96.7463046727371, 37.8436563099941], [-96.7467086729682, 37.8435643093288], [-96.746762730887, 37.8435299606818], [-96.7469966737466, 37.8433813100237], [-96.7475156745037, 37.8424193089186], [-96.7477756738964, 37.8423733099569], [-96.7478616750084, 37.8424423083887], [-96.7478626748333, 37.843563309799], [-96.7479206745596, 37.8437233102985], [-96.7481516745383, 37.8438153100561], [-96.7490166740035, 37.8438833097415], [-96.749075674453, 37.8447073099591], [-96.749277675916, 37.8447533103025], [-96.7496816752487, 37.8447753102407], [-96.7498216749908, 37.8447073099591], [-96.7498216749908, 37.844134309383], [-96.7503186760066, 37.8439503098396], [-96.7503186760066, 37.8450223102252], [-96.7516716762667, 37.8446053097737], [-96.7516709459364, 37.8445911285673], [-96.7516546765483, 37.8442753092506], [-96.7518836750805, 37.8439693100257], [-96.751849676542, 37.8435293080432], [-96.7522186766129, 37.843491308858], [-96.7520676761018, 37.843858309541], [-96.7520546765814, 37.8442373097405], [-96.7521786764299, 37.844383309133], [-96.7523946754417, 37.8444433093145], [-96.7523796771697, 37.8445533101117], [-96.7521260863582, 37.8447572019504], [-96.7519816758881, 37.8448733093054], [-96.7519676765427, 37.8451053099451], [-96.7521996763463, 37.845300309689], [-96.7529556769299, 37.845468309546], [-96.7541286772649, 37.8459393092198], [-96.7546366781514, 37.8459373102245], [-96.7548109297569, 37.845841684699], [-96.754882679097, 37.8458023098222], [-96.7549906781537, 37.8458263098645], [-96.754984390845, 37.8459632964489], [-96.7549766788083, 37.8461313096921], [-96.7553420802282, 37.8462740167261], [-96.7553786775929, 37.8462883096884], [-96.7554084028456, 37.8463295187182], [-96.7556426789802, 37.8466543104421], [-96.7561376794478, 37.8470553104267], [-96.7563675825835, 37.8471863091938], [-96.7569256798184, 37.8475043100683], [-96.757851679383, 37.8478303096037], [-96.75829868017, 37.8477913096154], [-96.7584206803688, 37.8476813101014], [-96.7584966796384, 37.8474853100836], [-96.7584290562605, 37.8472255854408], [-96.7582873227699, 37.8466812150344], [-96.7579436794445, 37.8453613093393], [-96.7579416797946, 37.8451413092819], [-96.7580336798561, 37.8449943083328], [-96.7582036797355, 37.8451283085776], [-96.7582206794539, 37.8453233082606], [-96.7583776789144, 37.8458723088006], [-96.7586916796321, 37.8466773100101], [-96.7586973309335, 37.8467103916944], [-96.7587396811093, 37.8469583101987], [-96.7589402012504, 37.8472353177807], [-96.7591276805485, 37.8474943096289], [-96.7594686810303, 37.8477983101787], [-96.7598226810327, 37.8478583097097], [-96.7600734107099, 37.8477142572682], [-96.760144681248, 37.847673310053], [-96.7603856561196, 37.8472628307866], [-96.7605256810145, 37.8470243087296], [-96.760772681785, 37.8470723094297], [-96.7607507161797, 37.8472697760704], [-96.7606706816777, 37.8479893098877], [-96.7608377746088, 37.8482570609095], [-96.7613396813243, 37.8490613097249], [-96.7621436815885, 37.8494863096577], [-96.7624366814914, 37.8495823099493], [-96.7628036828109, 37.8493003096681], [-96.763126682851, 37.8492253095853], [-96.763527682709, 37.849345309823], [-96.7645736837208, 37.8490723101162], [-96.7647526829226, 37.8482163097749], [-96.7643626838336, 37.8474603096855], [-96.7643418878348, 37.8473380456715], [-96.7641716831396, 37.8463373082317], [-96.7642946831632, 37.8463123095725], [-96.7644506827988, 37.8466293097623], [-96.7648226832428, 37.8470303091735], [-96.7652386849661, 37.8471513096272], [-96.765607685037, 37.8470513096593], [-96.7659165303233, 37.8466073472639], [-96.7662636842648, 37.8461083085351], [-96.7664486842127, 37.8461933081492], [-96.7664529251592, 37.8462480674982], [-96.7664826845479, 37.8466323089364], [-96.7668096847861, 37.8472173079853], [-96.7668213287488, 37.847385118334], [-96.7668266845045, 37.8474623093487], [-96.7669366841094, 37.8477063082965], [-96.7671676849864, 37.8477783093783], [-96.7676756849745, 37.8477763090143], [-96.7678296858586, 37.8477023089831], [-96.7679772215676, 37.8474070458424], [-96.7682136033531, 37.8469339749989], [-96.7685886850186, 37.8461833082414], [-96.7687116850422, 37.8460123079767], [-96.7689116850588, 37.8459873077886], [-96.7689426850209, 37.8460963082061], [-96.768897684815, 37.8463173091631], [-96.7690161249903, 37.8470919905022], [-96.7690260010685, 37.8471565872281], [-96.7691066859507, 37.8476843085234], [-96.76938568561, 37.8479523096336], [-96.7699566862456, 37.8481453092978], [-96.7701876862243, 37.848071309637], [-96.7706806861438, 37.8481053085893], [-96.7710486863898, 37.8479453083756], [-96.7712316875862, 37.8476143084276], [-96.7714566877171, 37.8468073078348], [-96.7714818567148, 37.8466624233893], [-96.7715699643761, 37.8461552457845], [-96.7715756866445, 37.8461223078523], [-96.7717227740942, 37.8459684911389], [-96.7717286868054, 37.8459623083014], [-96.7718526857556, 37.8461453075863], [-96.7718536307833, 37.8461554770374], [-96.7718696863724, 37.8463283085451], [-96.7719218254898, 37.8463582110228], [-96.7722096870293, 37.8465233078925], [-96.7724162869683, 37.8467272403928], [-96.7727516873526, 37.8470583074554], [-96.7729236877801, 37.8474603082668], [-96.772924687605, 37.8475953084712], [-96.77314168734, 37.8477773077776], [-96.7737576890797, 37.8477753074135], [-96.7738976870252, 37.8480313074696], [-96.7744536893888, 37.8483463077238], [-96.7750856892255, 37.8483803079681], [-96.7755616885283, 37.8481823080364], [-96.775806689649, 37.8479373076465], [-96.7759416893682, 37.8474483081578], [-96.7758316897633, 37.8470943079667], [-96.7756766890543, 37.8469973077901], [-96.7757066891915, 37.8468503084127], [-96.7760136893382, 37.8467143080666], [-96.7763196896599, 37.8463713079835], [-96.776394690003, 37.8461383075755], [-96.776532689197, 37.8460773078586], [-96.7767646890005, 37.846100308316], [-96.7768576897853, 37.8462343079698], [-96.7768896895723, 37.8464663078747], [-96.7771846900234, 37.8468073071255], [-96.7783086899547, 37.8468633073946], [-96.7788776909405, 37.8467633077455], [-96.7794006909972, 37.8465903077202], [-96.7800866912606, 37.8456583058575], [-96.7800977881493, 37.8456149910432], [-96.7802526918402, 37.8450103075913], [-96.7803086910184, 37.8441913076564], [-96.7797056914941, 37.8437783062889], [-96.7795926906178, 37.8431063054809], [-96.7798216900484, 37.8427273058536], [-96.7798624627825, 37.8425142777214], [-96.7799106897369, 37.8422623049418], [-96.7800166918387, 37.8420413060208], [-96.7802626900894, 37.8419923046231], [-96.7810946899426, 37.8419513045724], [-96.7813086902028, 37.8417673052578], [-96.781274690766, 37.8412423054881], [-96.7810406895159, 37.8408033045387], [-96.7811011380497, 37.8406746809128], [-96.7813456909111, 37.840154305184], [-96.7814836910033, 37.8400683047077], [-96.7824066910931, 37.8400393041944], [-96.7826222041163, 37.8399342959784], [-96.7827596921689, 37.8398673042921], [-96.7830491922355, 37.8399733767396], [-96.7832536919133, 37.8400483046485], [-96.7838376920694, 37.8399113042394], [-96.7840066912255, 37.8397883040954], [-96.7840206923675, 37.8395813039956], [-96.7844956918453, 37.8392123041352], [-96.7849256929139, 37.8390513034811], [-96.7851199158649, 37.8387811310754], [-96.785260693548, 37.838585303917], [-96.7855846925148, 37.8386453038494], [-96.7862496937601, 37.8390823035639], [-96.7865131947857, 37.8391721176761], [-96.7866046935873, 37.8392033042886], [-96.7867896935352, 37.8392393043779], [-96.7873126953886, 37.8391393043228], [-96.7873458818501, 37.8391441994038], [-96.787712693625, 37.8391983042157], [-96.7878806938545, 37.838965303847], [-96.7878336939989, 37.8387463034599], [-96.787723694394, 37.83851430339], [-96.7878296938009, 37.8382323040595], [-96.7890156936565, 37.8382033035339], [-96.7894297181877, 37.838452389995], [-96.7900046947668, 37.838798303669], [-96.7900526953457, 37.8391153035232], [-96.7902696950807, 37.839249303099], [-96.7905316959198, 37.8393213032152], [-96.7905831720805, 37.8393518193532], [-96.7912266955057, 37.8397333044203], [-96.7916146958432, 37.8401963029714], [-96.7920326972163, 37.8404143037375], [-96.7929406981358, 37.8404713034671], [-96.793324697377, 37.8403353041266], [-96.7934466975757, 37.8401273038574], [-96.7933526969661, 37.8397983041609], [-96.7934886974085, 37.8393943035568], [-96.7938996973123, 37.8387693033659], [-96.7942526974897, 37.8385353027537], [-96.7951276970006, 37.838202303222], [-96.7954496972159, 37.8379683029394], [-96.7956316967908, 37.8375763018335], [-96.7954576976118, 37.8366363018719], [-96.7956536974304, 37.8361343017815], [-96.7958836966858, 37.8359503014356], [-96.7966316968735, 37.83489630119], [-96.7966276966755, 37.8343343014774], [-96.7964471586596, 37.8340509785939], [-96.7964256970092, 37.8340173002332], [-96.7956356969887, 37.8333113005173], [-96.7956806971946, 37.8331523019343], [-96.7958646973176, 37.8330543014859], [-96.7966036972844, 37.8330872998849], [-96.7971886972654, 37.8329753010874], [-96.797957699166, 37.8329112999752], [-96.7983726983694, 37.8327253007511], [-96.7985706978378, 37.8324562999681], [-96.8000176996059, 37.832376300667], [-96.8014497004071, 37.8324193004351], [-96.8027446991443, 37.8326342996096], [-96.8038857014889, 37.832934299572], [-96.8048280872225, 37.8332637030738], [-96.8056137016677, 37.8335382994665], [-96.806740701972, 37.8339982996118], [-96.8081157037701, 37.8347013001892], [-96.8099707050689, 37.8357933000063], [-96.8122437059441, 37.8372622998864], [-96.8180567095375, 37.8431513023218], [-96.8254197166278, 37.8507093029837], [-96.8261770700742, 37.8516096255539], [-96.8265057169243, 37.8520003036897], [-96.8271447173319, 37.8531333036881], [-96.8272855992196, 37.8535455306002], [-96.8275367178674, 37.8542803046123], [-96.827624982734, 37.8548696532909], [-96.8276977175259, 37.8553553040085], [-96.8277047171986, 37.8564063046139], [-96.8272437170662, 37.8564323048803], [-96.8264616967804, 37.856647351088], [-96.8257527167138, 37.8568423061227], [-96.8249977159551, 37.8567603054893], [-96.8242747149835, 37.8568113042851], [-96.8241357159647, 37.8567633056697], [-96.8240407155301, 37.8563853060833], [-96.8233277155026, 37.85574030443], [-96.8229727156753, 37.8555343052081], [-96.8227857151793, 37.8551933044699], [-96.8225537153757, 37.8551203055816], [-96.8222757155413, 37.8548653039813], [-96.8220107134308, 37.8544633052412], [-96.8217787145256, 37.8543293049377], [-96.8216107151944, 37.8545503046251], [-96.8217087151037, 37.8554173060582], [-96.821556715666, 37.8556623057082], [-96.8202827141503, 37.8562303064431], [-96.8201147148191, 37.8564263052015], [-96.820054715443, 37.8566833064894], [-96.8200917152529, 37.8576363054801], [-96.8199427143917, 37.8584553064388], [-96.8200397144761, 37.859115306038], [-96.8201657148728, 37.8594443060799], [-96.8201377143854, 37.8600063073637], [-96.8199747150771, 37.860911307194], [-96.8200523447889, 37.8610892367441], [-96.8202247153223, 37.861484307888], [-96.8204257151638, 37.8616303078811], [-96.820856715159, 37.8616413078155], [-96.8210577158987, 37.8617133080544], [-96.8213347150099, 37.8617363078893], [-96.8215837154302, 37.862114306985], [-96.8215547160162, 37.8623833073971], [-96.8213417155809, 37.8627513083506], [-96.8211440781335, 37.862994630473], [-96.8211427153892, 37.8629963077371], [-96.8208367150675, 37.8632293080596], [-96.8200077155873, 37.8636123092627], [-96.8198687156702, 37.8635393087832], [-96.819606714831, 37.8635033085008], [-96.8192967152096, 37.8632363078661], [-96.8191567145692, 37.8629193081594], [-96.8188317139809, 37.8627493083927], [-96.8184157140543, 37.86270230795], [-96.8181547139384, 37.86282530817], [-96.8181107135574, 37.8630823084228], [-96.8182207149589, 37.8634113084869], [-96.8181257154227, 37.8640041343808], [-96.8181167134052, 37.8640603095238], [-96.8177967137381, 37.8645133082548], [-96.8179687150639, 37.8648913080001], [-96.8191577152924, 37.8654243098418], [-96.8192564401422, 37.8656746730653], [-96.8192827158642, 37.86574131012], [-96.8191467154218, 37.8660713095941], [-96.8192867151639, 37.8662543100258], [-96.8198107159438, 37.8663743102017], [-96.8197337159509, 37.866448309929], [-96.8197047156386, 37.8666923091553], [-96.8205917157434, 37.8680573103038], [-96.8205947161165, 37.8686803099446], [-96.8204887158113, 37.8689503103951], [-96.8195967156836, 37.8691983094119], [-96.8194587155913, 37.8691743098867], [-96.8192547162751, 37.8686493102497], [-96.818205713992, 37.8683973104852], [-96.8180124854761, 37.8683088346814], [-96.8172797153258, 37.867973310276], [-96.8170177144866, 37.8679753093829], [-96.8167397595681, 37.8680880046025], [-96.8152517137746, 37.8686913102449], [-96.8152247131122, 37.8692653113249], [-96.8154417137454, 37.8695333105673], [-96.8156307147896, 37.8700823109433], [-96.8159440983647, 37.8704368857686], [-96.8160187151272, 37.8705213105934], [-96.8160197149521, 37.8707283110555], [-96.8158527136492, 37.8710713119831], [-96.815377713273, 37.871391311663], [-96.8153637139277, 37.8716603115397], [-96.8154257129536, 37.8717453114758], [-96.8156267145917, 37.8718793120268], [-96.8157657154072, 37.8718783121718], [-96.817208716079, 37.8712613110964], [-96.817670715138, 37.8711983111648], [-96.8180557151025, 37.8712333113698], [-96.8182094905095, 37.8712981202434], [-96.8184567158588, 37.8714023108494], [-96.8187357155181, 37.8716583111145], [-96.8189237176357, 37.8721823114428], [-96.8195437168785, 37.872779311497], [-96.8195607165969, 37.8729863119969], [-96.8195157163911, 37.8732193119324], [-96.819346717235, 37.8733293116306], [-96.8185487159203, 37.8736013117263], [-96.8184257158967, 37.8736883126294], [-96.8184107158281, 37.8738223117737], [-96.8184427165134, 37.8739443120421], [-96.8189547166995, 37.8745533119529], [-96.8192337172571, 37.8747473119872], [-96.8192977159329, 37.8750283115403], [-96.8188377165236, 37.8754313135001], [-96.8176297160285, 37.8762693134847], [-96.8176403574713, 37.8763369655698], [-96.8176437162722, 37.8763583129526], [-96.8173837168795, 37.8764723128072], [-96.8170947153779, 37.8764723120982], [-96.8170857160553, 37.8765653126139], [-96.8170519537737, 37.8765819871477], [-96.816840715833, 37.8766863128042], [-96.8154877155728, 37.8768783126104], [-96.8150587152274, 37.877120313182], [-96.8148657148836, 37.8773543140043], [-96.8141527139578, 37.8779673138853], [-96.8136527143655, 37.8782973139077], [-96.8131737146897, 37.8784833137587], [-96.8129667132039, 37.8785073145058], [-96.8129667141022, 37.878646313627], [-96.8128227150605, 37.8787383137632], [-96.8127309476626, 37.8787479568565], [-96.8120139672001, 37.8788232984421], [-96.8119567139737, 37.8788293140238], [-96.8118697130368, 37.8789213153495], [-96.8117827129982, 37.8792643142927], [-96.8115807133318, 37.8796303143968], [-96.8113497133531, 37.8796303136877], [-96.8111630784714, 37.8795675811319], [-96.810397712951, 37.8793103157618], [-96.8101434654711, 37.8790444501586], [-96.8096757127026, 37.8785553138494], [-96.8091277116332, 37.8782113139627], [-96.8083767110725, 37.8780283148667], [-96.8080017111538, 37.8780973146722], [-96.8079338344509, 37.8781570988049], [-96.8077417117611, 37.8783263142623], [-96.8076257105119, 37.8788753157646], [-96.8076257123085, 37.8806603147001], [-96.8074817114701, 37.8810953162086], [-96.8074755409425, 37.8812170236567], [-96.8074527120561, 37.88166731621], [-96.8077417117611, 37.8819413161517], [-96.8082037117185, 37.8821023160249], [-96.8083468843102, 37.8821209369789], [-96.8085497131215, 37.8821473160058], [-96.809444712724, 37.8820563155906], [-96.8099357138919, 37.8818733161215], [-96.8101667138706, 37.8816903154887], [-96.8103977138493, 37.8816903154887], [-96.8105720346251, 37.8818069949914], [-96.810772713768, 37.8819413154426], [-96.8110327131607, 37.8819873145307], [-96.8118697130368, 37.8818963153359], [-96.8124564988686, 37.8815622779491], [-96.8129957144145, 37.8812553153674], [-96.8133997146456, 37.8812783161928], [-96.8133707143332, 37.8815303151479], [-96.8132753860136, 37.8816543368371], [-96.8126497139098, 37.8824683162063], [-96.8125977149296, 37.8826023156862], [-96.8145987158182, 37.8826023163952], [-96.8146817156589, 37.8826613155386], [-96.81513871739, 37.8833323148244], [-96.8154017153591, 37.8834863151927], [-96.8158637162148, 37.8834693153704], [-96.8165317160365, 37.8833423160735], [-96.8166837181691, 37.8838433155168], [-96.8165287156634, 37.8847563156744], [-96.8170167173567, 37.8851443160794], [-96.8171077175933, 37.8853303163637], [-96.8172087169773, 37.8854273157233], [-96.8172187170231, 37.8856053158164], [-96.8171527169008, 37.8856263159464], [-96.817146717053, 37.8857023162318], [-96.81710671687, 37.8857503158491], [-96.8167707173094, 37.8857343155075], [-96.8166867167455, 37.885503315505], [-96.8163247172455, 37.8852593161887], [-96.8155817170808, 37.8850613160678], [-96.8154297167448, 37.8850863171831], [-96.815164716431, 37.8852473158527], [-96.8150387169326, 37.8856283174102], [-96.8149997165745, 37.8859663158671], [-96.814799716558, 37.886223316934], [-96.8144297166621, 37.8863283173519], [-96.8142467154657, 37.8862883168052], [-96.8137980896263, 37.8854723172174], [-96.813611715256, 37.8851333168179], [-96.8132557156038, 37.8851223175547], [-96.8119567148721, 37.884482317698], [-96.8114077139777, 37.8843903155199], [-96.8107926303162, 37.8844946067198], [-96.8105997135157, 37.8845273162247], [-96.8102527140844, 37.884665316356], [-96.8101377135583, 37.8848713170985], [-96.8098331954568, 37.8849919392224], [-96.8095168833739, 37.8851172312635], [-96.8092137127453, 37.8852373176983], [-96.8090117139772, 37.8854433168406], [-96.8090117139772, 37.8856943160562], [-96.809704713015, 37.8863353170907], [-96.8103107138107, 37.8872053171408], [-96.8107727146663, 37.8876393179239], [-96.8110327131607, 37.8879833177302], [-96.8111741699702, 37.8886562514717], [-96.8112057143114, 37.8888063180633], [-96.8111477145851, 37.8889213174161], [-96.8109167146064, 37.8889903183594], [-96.810599714414, 37.8888983182688], [-96.8101377144566, 37.8885783180756], [-96.8093287132713, 37.8878683183304], [-96.8090977150893, 37.8878003181014], [-96.8086357133353, 37.8879143179701], [-96.8081157136516, 37.8883263184246], [-96.8078277128732, 37.8884633181871], [-96.8076257141051, 37.8884633181871], [-96.8074807116452, 37.8883033190914], [-96.8073657120175, 37.8877313181697], [-96.8071927117652, 37.8873193172218], [-96.8070187116879, 37.8870443177893], [-96.8067017114955, 37.8867933175037], [-96.8065039761318, 37.886753198811], [-96.8054597115634, 37.8865413174154], [-96.8052577109987, 37.8863583177476], [-96.8052287124831, 37.8861293176078], [-96.8050267119184, 37.8857863180231], [-96.804536709677, 37.8854883176159], [-96.8042767111826, 37.8854193162268], [-96.803698709976, 37.8855113178283], [-96.803552333992, 37.8856160172339], [-96.8034107100959, 37.8857173176222], [-96.8031797101172, 37.8860143174393], [-96.8030057109383, 37.8864723184309], [-96.8028327115842, 37.8873643182686], [-96.802752308773, 37.8874493688533], [-96.8026597104335, 37.8875473182722], [-96.8020527089146, 37.887456318149], [-96.8013317093895, 37.8875473182722], [-96.8009557087475, 37.8877763189647], [-96.8007247096671, 37.8883023194594], [-96.8006087093162, 37.8894923201116], [-96.8006491128427, 37.8897686467622], [-96.8006957093548, 37.8900873196058], [-96.8009267102318, 37.89102632044], [-96.8010707092735, 37.8912093198492], [-96.8011239605053, 37.8913878957942], [-96.8011867096245, 37.8915983198674], [-96.8014164393854, 37.8918719978701], [-96.8014167106766, 37.8918723197218], [-96.8017347106939, 37.8921703198133], [-96.8026924998397, 37.8926429500104], [-96.8030337114257, 37.8928113204753], [-96.8039245428451, 37.8932030186541], [-96.8062087133726, 37.8942073199926], [-96.8062782501621, 37.8942589464774], [-96.806412123394, 37.8943583372479], [-96.80667071333, 37.8945503200472], [-96.8069017133086, 37.8948483199318], [-96.807161714498, 37.8950313218918], [-96.8077715663713, 37.8950313211829], [-96.8078837156446, 37.8950313211829], [-96.808143714139, 37.8952143205612], [-96.8084037153283, 37.8955113203503], [-96.808489715542, 37.8957173205217], [-96.8085246707864, 37.8957624135532], [-96.8087207155207, 37.8960153199355], [-96.8093577153803, 37.8961983211208], [-96.8093577144819, 37.8964903923499], [-96.8093577153803, 37.8964953219019], [-96.8092127156153, 37.896633320869], [-96.8087797150719, 37.8967473219472], [-96.8087660238487, 37.8967421847109], [-96.8082307150759, 37.8965413204049], [-96.8079137139852, 37.8962663206822], [-96.8075097137542, 37.8960153206444], [-96.8071917146352, 37.8959003203213], [-96.8069505753719, 37.8958849573471], [-96.8064697134885, 37.8958543207089], [-96.8063915573638, 37.8957744185553], [-96.8055747129878, 37.8949393208432], [-96.8043607117465, 37.8944353195621], [-96.8037837121614, 37.8942983202786], [-96.8032546619513, 37.8943948321519], [-96.8030327124991, 37.8944353202711], [-96.8025997110574, 37.894710320454], [-96.8024837116048, 37.8948703212219], [-96.8023397116647, 37.8953963213665], [-96.8023107113524, 37.8958773219365], [-96.8021947118998, 37.8962663213911], [-96.8020507110614, 37.8965183215115], [-96.801819711981, 37.8965183215115], [-96.8017117695182, 37.8963639046395], [-96.801675712041, 37.896312321455], [-96.801675712041, 37.8962203212985], [-96.801588711104, 37.8961513214602], [-96.801444711164, 37.895534321685], [-96.8011557105607, 37.894664320098], [-96.8010784814974, 37.894529170758], [-96.8010117097223, 37.8944123207196], [-96.8008387112666, 37.8942293214743], [-96.8002348556478, 37.8941576975392], [-96.7998464600515, 37.8941116273653], [-96.7996837095766, 37.8940923218073], [-96.7996257098502, 37.8940233206832], [-96.7994527095979, 37.8935423214681], [-96.7993367101452, 37.8930393215329], [-96.7991927102052, 37.8928103201956], [-96.7991637089945, 37.8926503213305], [-96.7984997093708, 37.8918493200785], [-96.7981537088661, 37.8913003195875], [-96.7978937085751, 37.8910943205254], [-96.7976019995512, 37.8911516504206], [-96.7975477089687, 37.891162319839], [-96.7969697086604, 37.8925583201419], [-96.7969977082495, 37.8932223201918], [-96.797894808113, 37.8957019603449], [-96.7980356441866, 37.89609122514], [-96.7980388314093, 37.8961000323135], [-96.7980657099009, 37.8961743218861], [-96.7982677104656, 37.8968833221195], [-96.7983537106793, 37.8984163227721], [-96.7987297095246, 37.8988283232914], [-96.7987297095246, 37.8991493223661], [-96.7984697101319, 37.8994003230587], [-96.7979332057015, 37.8996433851966], [-96.7978627104096, 37.8996753224141], [-96.7976027092203, 37.8999043236606], [-96.7975157091817, 37.9009793237249], [-96.7971697095752, 37.9015063243239], [-96.7966207095792, 37.90203232383], [-96.7961587096219, 37.9023063245415], [-96.7959325452744, 37.9025255294797], [-96.7958987093309, 37.9025583245384], [-96.7957827098783, 37.9030163239718], [-96.7959114654079, 37.9036288756128], [-96.7959847095446, 37.9039773257349], [-96.7960906604425, 37.9041943432824], [-96.7961297093096, 37.904274325605], [-96.796706709793, 37.904457323976], [-96.7967258996041, 37.9044603151261], [-96.7971269892936, 37.9045228358064], [-96.7977846773541, 37.9046253527093], [-96.7980347108371, 37.9046643254541], [-96.7984687112053, 37.9049153257668], [-96.7983322876564, 37.9052383495478], [-96.7983090832743, 37.9052932925456], [-96.7982947102297, 37.9053273253446], [-96.7983096914337, 37.905341977553], [-96.7991607122148, 37.9061743248039], [-96.7998537130491, 37.9063573255377], [-96.8001341967252, 37.9064137143292], [-96.8017887138155, 37.9067463255971], [-96.8017887138155, 37.9068278729685], [-96.8017887138155, 37.9070443250095], [-96.8017027136018, 37.9071353250176], [-96.8001936346543, 37.9074981388545], [-96.8000847130278, 37.9075243252167], [-96.7998827124631, 37.9079593253577], [-96.7995937127581, 37.9078903258931], [-96.7991607122148, 37.9075243259255], [-96.7988427112991, 37.9074553253442], [-96.7982657117141, 37.907638326436], [-96.7979477107984, 37.9075013255027], [-96.7977080914846, 37.9071939756292], [-96.7975727099814, 37.9070203264762], [-96.7972257096517, 37.9067463255971], [-96.7957537095659, 37.9061963255436], [-96.7952337098823, 37.906265325888], [-96.7948577092403, 37.9066543264338], [-96.7944247095952, 37.9073173261138], [-96.7941067095779, 37.9079583259925], [-96.7941067095779, 37.9085763265791], [-96.7946257112333, 37.9095143275218], [-96.7946257112333, 37.9096293264178], [-96.794394709458, 37.9097203260639], [-96.7938467101852, 37.9098123277724], [-96.7937307107326, 37.9099263275729], [-96.7936147094833, 37.9105443272218], [-96.7930947089013, 37.9105213263255], [-96.7927487092949, 37.9104523278461], [-96.7921137081869, 37.9105663280723], [-96.7917377093416, 37.9109323277914], [-96.7915927095766, 37.9112073272867], [-96.7915357087769, 37.9115043277416], [-96.7915637092643, 37.9120993279069], [-96.7919397090079, 37.9125573281977], [-96.7919967089093, 37.9128323279972], [-96.7919967098077, 37.9141363286208], [-96.7921407097477, 37.9143193293952], [-96.792458709765, 37.9143193293952], [-96.7936427108691, 37.9140223296742], [-96.7940477100267, 37.9140223282568], [-96.7942207093807, 37.9141823288544], [-96.7941627105527, 37.9145713293564], [-96.7939317105741, 37.9148923285038], [-96.7934117108904, 37.9153723299541], [-96.7934687116901, 37.9157383298588], [-96.7938157111214, 37.9159213280652], [-96.7949417116008, 37.9160593288745], [-96.7951437121655, 37.9164023291382], [-96.7965017115502, 37.9170203289544], [-96.7964437118239, 37.917157329879], [-96.7961597893969, 37.9174162020951], [-96.7958657124139, 37.9176843294172], [-96.7953457118319, 37.9179353292509], [-96.7946527118958, 37.9180953298413], [-96.7944507113312, 37.9182103302057], [-96.7941907119385, 37.9188053299895], [-96.7939476197377, 37.9188573119765], [-96.7938727119211, 37.9188733299215], [-96.7929777114204, 37.9188043307717], [-96.7927747110308, 37.9185073300253], [-96.7921687111334, 37.91809533055], [-96.7895987083607, 37.9166763301997], [-96.7892807092417, 37.9166983299251], [-96.7891077089893, 37.9168593303246], [-96.789049709263, 37.9169963301317], [-96.789078708677, 37.917316330089], [-96.7892807092417, 37.9176373300138], [-96.7894247091817, 37.9183693302655], [-96.7895107093954, 37.9194223316659], [-96.7895977085358, 37.919467331511], [-96.7896267097464, 37.919742330281], [-96.7901457096052, 37.9202003311737], [-96.7903197096824, 37.9204063302647], [-96.7904637105208, 37.9210013314167], [-96.7903767095838, 37.9212523312688], [-96.7883837090911, 37.922602332075], [-96.7831537067272, 37.9258963337179], [-96.7834677074449, 37.9264293340558], [-96.7838747071506, 37.9267893338835], [-96.784307707694, 37.9266743334707], [-96.7865907095133, 37.925004333887], [-96.7888147099847, 37.9237013316344], [-96.7890177103743, 37.9236783334348], [-96.7889887100619, 37.9238843327043], [-96.7884967099674, 37.9247303333808], [-96.7882657090904, 37.9249133325985], [-96.7877167099927, 37.9250053337292], [-96.7876307097789, 37.9250963334866], [-96.787629709954, 37.9256003338106], [-96.7878317096204, 37.9258743339094], [-96.7878317087221, 37.9266523331864], [-96.7880047098728, 37.9267903337014], [-96.7901717104427, 37.9272253339995], [-96.7902867109688, 37.9273163338439], [-96.7902577115548, 37.9274313339611], [-96.7900557118884, 37.9275223335505], [-96.7888427095738, 37.9276823338325], [-96.7880337110834, 37.9277283340971], [-96.7874557089785, 37.9279563339673], [-96.7862427084604, 37.9276133337359], [-96.7855497094227, 37.9276813340267], [-96.7854337090717, 37.9278423337663], [-96.7852887084085, 37.9283683341773], [-96.7856357096364, 37.9292833342924], [-96.7859817101411, 37.929810334091], [-96.7860107095551, 37.9300843340896], [-96.7854037089345, 37.9312513343071], [-96.7853167088959, 37.9318003357543], [-96.7853747095205, 37.9321663346776], [-96.7855477097729, 37.9323723356746], [-96.7855767091869, 37.9325553357114], [-96.7857497094392, 37.9328763357211], [-96.7862987112319, 37.9332423356642], [-96.7856327101617, 37.9349123373081], [-96.7861527098454, 37.9353023369748], [-96.7861237113297, 37.9358743358604], [-96.786383709824, 37.9364233360817], [-96.7864987094518, 37.9371553370832], [-96.786614710701, 37.9374533358675], [-96.7868167112657, 37.9376593369266], [-96.7869027123778, 37.9379563368353], [-96.7867297103288, 37.9382313358907], [-96.7862957108588, 37.9386653375596], [-96.7859787106664, 37.938803337488], [-96.7854587109827, 37.9384133379767], [-96.7854877094984, 37.9382763376863], [-96.7851407100671, 37.9379333374268], [-96.7850537091301, 37.937704336947], [-96.7847947104607, 37.9374753378791], [-96.7849097100884, 37.9367663370115], [-96.784996710127, 37.9366973376471], [-96.7849677098147, 37.9364223356863], [-96.7836387089457, 37.9364223371033], [-96.7830327090483, 37.9362853373527], [-96.7827147081327, 37.9359873359585], [-96.7826277089924, 37.935690337304], [-96.7826867085436, 37.9348663372873], [-96.7827437093433, 37.9347973361393], [-96.7828307084836, 37.93438533724], [-96.7827447091682, 37.93427133638], [-96.7824557094632, 37.934156336334], [-96.782108707337, 37.9341793362159], [-96.7819067076706, 37.934316336349], [-96.781790708218, 37.9344993372147], [-96.7817907073197, 37.9349113368921], [-96.7819927078843, 37.9353233363858], [-96.781963707572, 37.9355293377465], [-96.7817037081793, 37.9358043373803], [-96.781414707576, 37.9358043373803], [-96.78086570758, 37.9353693382462], [-96.7802887070966, 37.9351173372819], [-96.7796817073743, 37.9349343365378], [-96.7793347070447, 37.9347283377607], [-96.7792487059326, 37.9346133370126], [-96.7792487059326, 37.9343393375979], [-96.7800867056336, 37.9333783356897], [-96.7800867056336, 37.9332633363722], [-96.7802897069215, 37.9329433370781], [-96.7803477066478, 37.9317533354527], [-96.7804637069988, 37.9316623361402], [-96.7804347057882, 37.9315473355554], [-96.7804927055145, 37.9315013355545], [-96.7805217076234, 37.930884336026], [-96.7802617064341, 37.9305403355162], [-96.7797707052661, 37.9302663357999], [-96.7793657061085, 37.9301513351571], [-96.7789037052528, 37.9300823352518], [-96.7789037061511, 37.9299453357307], [-96.7794527052488, 37.9295563357662], [-96.7815047052928, 37.928413335634], [-96.7828047067478, 37.9275663335919], [-96.7828047076461, 37.9273603340086], [-96.7821117059134, 37.9266963337485], [-96.7817077056824, 37.9267883333569], [-96.7791937047827, 37.928458335646], [-96.778442704222, 37.9288693339619], [-96.7774597056544, 37.9289153356096], [-96.7767667039217, 37.9292583340185], [-96.7762467033398, 37.9296013357872], [-96.7758707035961, 37.9299903355137], [-96.7752057041475, 37.9304013366023], [-96.7747147038778, 37.9304933358262], [-96.7743977027871, 37.9300813361872], [-96.773964703142, 37.9296693356565], [-96.7735597039844, 37.9297373361714], [-96.7730397025041, 37.9300803357054], [-96.7730397025041, 37.9303093365548], [-96.7732707024827, 37.9307903363472], [-96.7732127036548, 37.9309963362401], [-96.7705547019168, 37.9315903369781], [-96.7706977011336, 37.932596336358], [-96.7721717017675, 37.9323003372078], [-96.7724317038552, 37.9323453369663], [-96.7725757028969, 37.9332153372754], [-96.7724597025459, 37.9333753365046], [-96.7722577028796, 37.9334673376749], [-96.7714777038032, 37.9334663379478], [-96.7713037028276, 37.9336953374607], [-96.7712167018907, 37.9341763377719], [-96.771389702143, 37.9349313381246], [-96.7713317024167, 37.9354343379302], [-96.771129701852, 37.9359153381983], [-96.7711287020271, 37.936441338238], [-96.7711867026518, 37.9366473385909], [-96.7714757032551, 37.9370133388875], [-96.7715327040548, 37.9372883393456], [-96.7715037019458, 37.9374023397774], [-96.7707527040801, 37.9374253393521], [-96.7704347022662, 37.9376993393076], [-96.7702037040841, 37.9381803396319], [-96.7691337027829, 37.9398953397043], [-96.7686997024146, 37.9403303396825], [-96.7673127018193, 37.9414283403025], [-96.7663007020411, 37.9417943415866], [-96.7662427014164, 37.9418853411081], [-96.7659827002271, 37.9420223417555], [-96.7655197022414, 37.9426403409117], [-96.7651436998029, 37.9428913412791], [-96.7648547009962, 37.9428463423093], [-96.7642766997896, 37.9424793417009], [-96.7636697000673, 37.9425023411038], [-96.7635836989552, 37.9424103420324], [-96.7635256992289, 37.9419983418829], [-96.7631786997976, 37.9420213414362], [-96.7624566995492, 37.9427533405256], [-96.7617047000619, 37.9432333421835], [-96.7612426983079, 37.9432793419268], [-96.7608956979783, 37.943233341475], [-96.7605206980596, 37.9429583420083], [-96.7602606986669, 37.9428663413825]]]]}, "properties": {"OBJECTID": 257378, "FeatClass": "Designation", "Category": "Designation", "Own_Type": "DESG", "Own_Name": "DESG", "Loc_Own": "", "Mang_Type": "FED", "Mang_Name": "USACE", "Loc_Mang": "Tulsa District", "Des_Tp": "REC", "Loc_Ds": "Recreation Reservoir", "Unit_Nm": "El Dorado Lake", "Loc_Nm": "El Dorado Lake", "State_Nm": "KS", "Agg_Src": "USGS_PADUS1_4Designation_USACE_reservoirs_20131210_shp", "GIS_Src": "USACE_reservoirs_20131210.shp", "Src_Date": "2015/03/23", "GIS_Acres": 7882, "Source_PAID": "M505350", "WDPA_Cd": 0, "Pub_Access": "OA", "Access_Src": "GAP - Default", "Access_Dt": "2021", "GAP_Sts": "4", "GAPCdSrc": "GAP - Default", "GAPCdDt": "2021", "IUCN_Cat": "Unassigned", "IUCNCtSrc": "GAP - Default", "IUCNCtDt": "2021", "Date_Est": "", "Comments": "", "EsmtHldr": null, "EHoldTyp": null, "WebMercAc": 12671, "TranspPct": 0, "Shape__Area": 51276582.4375, "Shape__Length": 132766.46762559106, "GlobalID": "31f00bbd-e8c6-4a95-9baf-652336894436"}}, {"type": "Feature", "id": 158085, "geometry": {"type": "Polygon", "coordinates": [[[-96.8480193528826, 37.8360236548781], [-96.8479285898013, 37.8358723789755], [-96.8495673962556, 37.8358875082824], [-96.8495976497177, 37.836149716238], [-96.8495976515143, 37.8363262043339], [-96.849592610169, 37.8364472251877], [-96.8495673962556, 37.8364926070699], [-96.8489875103835, 37.8364926077793], [-96.8487958970384, 37.8364421816511], [-96.8487051303638, 37.8363917561978], [-96.8485790688817, 37.8363262036245], [-96.8484681359272, 37.836311075117], [-96.8483017329023, 37.83628082164], [-96.8481454161614, 37.8362757788014], [-96.8481050755169, 37.8362606517024], [-96.8480647357708, 37.8362404817594], [-96.8480647348725, 37.8361698869153], [-96.8480546503851, 37.8360942498621], [-96.8480193528826, 37.8360236548781]]]}, "properties": {"OBJECTID": 158085, "FeatClass": "Fee", "Category": "Fee", "Own_Type": "LOC", "Own_Name": "CITY", "Loc_Own": "City of El Dorado", "Mang_Type": "LOC", "Mang_Name": "CITY", "Loc_Mang": "City of El Dorado", "Des_Tp": "LP", "Loc_Ds": "LP", "Unit_Nm": "Rice Park", "Loc_Nm": "Rice Park", "State_Nm": "KS", "Agg_Src": "TPL_PADUS2_1_PADUS_DataDelivery_gdb", "GIS_Src": "TPL_Developed_Data_PADUS_DataDelivery.gdb/Albers_NA/ParkServe_Parks", "Src_Date": "2019/09/18", "GIS_Acres": 2, "Source_PAID": "20200750008", "WDPA_Cd": 0, "Pub_Access": "OA", "Access_Src": "TPL", "Access_Dt": "2019", "GAP_Sts": "4", "GAPCdSrc": "GAP - Default", "GAPCdDt": "2021", "IUCN_Cat": "Unassigned", "IUCNCtSrc": "GAP - Default", "IUCNCtDt": "2021", "Date_Est": "", "Comments": "", "EsmtHldr": null, "EHoldTyp": null, "WebMercAc": 3, "TranspPct": 0, "Shape__Area": 12803.93359375, "Shape__Length": 498.88198922512777, "GlobalID": "2faf5b56-a9c5-4d07-9e15-0ff738ce5b97"}}, {"type": "Feature", "id": 158071, "geometry": {"type": "Polygon", "coordinates": [[[-96.8432314186566, 37.8137850557783], [-96.8433544752741, 37.8137696728433], [-96.8445619583396, 37.813785054359], [-96.8445465755887, 37.8147233534003], [-96.8440005157786, 37.8149617726791], [-96.8439851348243, 37.8163384593448], [-96.8439543711191, 37.8173075215628], [-96.8435467497792, 37.8172844461311], [-96.8426699787905, 37.8172229194173], [-96.8424469405802, 37.8171998475074], [-96.8424084854995, 37.8170075737411], [-96.8423469580891, 37.8150233012775], [-96.8423469553941, 37.8146925893373], [-96.8423546494645, 37.8145772250517], [-96.8423931036469, 37.8144387878129], [-96.8424392492047, 37.814338804531], [-96.842585378152, 37.8142234396925], [-96.8428161068395, 37.8140311659804], [-96.8429622339901, 37.813923492114], [-96.8430622173795, 37.813846581809], [-96.8432314186566, 37.8137850557783]]]}, "properties": {"OBJECTID": 158071, "FeatClass": "Fee", "Category": "Fee", "Own_Type": "LOC", "Own_Name": "CITY", "Loc_Own": "City of El Dorado", "Mang_Type": "LOC", "Mang_Name": "CITY", "Loc_Mang": "City of El Dorado", "Des_Tp": "LP", "Loc_Ds": "LP", "Unit_Nm": "East Park", "Loc_Nm": "East Park", "State_Nm": "KS", "Agg_Src": "TPL_PADUS2_1_PADUS_DataDelivery_gdb", "GIS_Src": "TPL_Developed_Data_PADUS_DataDelivery.gdb/Albers_NA/ParkServe_Parks", "Src_Date": "2019/09/18", "GIS_Acres": 14, "Source_PAID": "20200750001", "WDPA_Cd": 0, "Pub_Access": "OA", "Access_Src": "TPL", "Access_Dt": "2019", "GAP_Sts": "4", "GAPCdSrc": "GAP - Default", "GAPCdDt": "2021", "IUCN_Cat": "Unassigned", "IUCNCtSrc": "GAP - Default", "IUCNCtDt": "2021", "Date_Est": "", "Comments": "", "EsmtHldr": null, "EHoldTyp": null, "WebMercAc": 23, "TranspPct": 0, "Shape__Area": 93513.6640625, "Shape__Length": 1372.9181780735844, "GlobalID": "41bb5879-750d-48fe-adba-894cbf73100f"}}, {"type": "Feature", "id": 158079, "geometry": {"type": "Polygon", "coordinates": [[[-96.8791371102072, 37.8157576954753], [-96.8791585260436, 37.8153222544105], [-96.8796796279601, 37.8153222558298], [-96.8796724890486, 37.8157505577461], [-96.8791371102072, 37.8157576954753]]]}, "properties": {"OBJECTID": 158079, "FeatClass": "Fee", "Category": "Fee", "Own_Type": "LOC", "Own_Name": "CITY", "Loc_Own": "City of El Dorado", "Mang_Type": "LOC", "Mang_Name": "CITY", "Loc_Mang": "City of El Dorado", "Des_Tp": "LP", "Loc_Ds": "LP", "Unit_Nm": "Martin Park", "Loc_Nm": "Martin Park", "State_Nm": "KS", "Agg_Src": "TPL_PADUS2_1_PADUS_DataDelivery_gdb", "GIS_Src": "TPL_Developed_Data_PADUS_DataDelivery.gdb/Albers_NA/ParkServe_Parks", "Src_Date": "2019/09/18", "GIS_Acres": 1, "Source_PAID": "20200750006", "WDPA_Cd": 0, "Pub_Access": "OA", "Access_Src": "TPL", "Access_Dt": "2019", "GAP_Sts": "4", "GAPCdSrc": "GAP - Default", "GAPCdDt": "2021", "IUCN_Cat": "Unassigned", "IUCNCtSrc": "GAP - Default", "IUCNCtDt": "2021", "Date_Est": "", "Comments": "", "EsmtHldr": null, "EHoldTyp": null, "WebMercAc": 1, "TranspPct": 0, "Shape__Area": 3577.7578125, "Shape__Length": 239.37931392108715, "GlobalID": "31efc8e8-4f85-4cd9-9184-b719dd4cfe78"}}, {"type": "Feature", "id": 28753, "geometry": {"type": "MultiPolygon", "coordinates": [[[[-96.7507646581041, 37.8789668341706], [-96.7505162388938, 37.8789575697381], [-96.7504704679334, 37.8789657202549], [-96.7503107402894, 37.8789941658703], [-96.7501984095564, 37.8789988278644], [-96.7501372010478, 37.8789662265157], [-96.7500229003094, 37.8789053475585], [-96.7497693283626, 37.8785986043452], [-96.7496286198497, 37.8785057928776], [-96.7494916097009, 37.8784736422687], [-96.7493986152044, 37.8784518183058], [-96.7493535179805, 37.8784502052084], [-96.7493518201646, 37.8750234301871], [-96.7493410960767, 37.853810720056], [-96.7493388251357, 37.8493170719453], [-96.749338808966, 37.8492839119851], [-96.7497970234228, 37.8493593156191], [-96.7501313161844, 37.8494378154147], [-96.7503119485234, 37.849520099414], [-96.7508660240008, 37.8497447232983], [-96.7510192280792, 37.8498220019278], [-96.751312087845, 37.850048388989], [-96.7515223304524, 37.8502822062428], [-96.7516293952612, 37.8504218040812], [-96.7517327599094, 37.850556577555], [-96.7517227158462, 37.8508402456069], [-96.751606743343, 37.850986714972], [-96.7513868546261, 37.8511402055717], [-96.7511811107816, 37.8512489089713], [-96.7506220325864, 37.8514612373145], [-96.7503118604885, 37.8515634372638], [-96.7502368700269, 37.8516183550573], [-96.7501753192603, 37.8516802552718], [-96.7501919883987, 37.852182962418], [-96.7502045181003, 37.8524715694787], [-96.7502510400522, 37.8524988223444], [-96.7503118173694, 37.8525344251176], [-96.7503935901114, 37.8525494985183], [-96.7504698049767, 37.8525892570715], [-96.7506172544475, 37.8527858272767], [-96.7506972269656, 37.8530757243184], [-96.7508179398786, 37.8533573909768], [-96.7509136571687, 37.8534471933788], [-96.7510410095299, 37.8535666725076], [-96.7512265143311, 37.8534463166909], [-96.7515505519254, 37.8529749145635], [-96.7518171314775, 37.8527344554407], [-96.7520284888942, 37.8526281112429], [-96.7521600013535, 37.8526013414601], [-96.7524768254761, 37.8526006456343], [-96.7527447695691, 37.8525021418849], [-96.7528107759796, 37.8524735690061], [-96.7532730930422, 37.8522734457654], [-96.7535737915072, 37.8520786928587], [-96.7537318590646, 37.8519961074215], [-96.7539804947689, 37.8519680578165], [-96.7541245890321, 37.8519518018791], [-96.7546784596936, 37.8520277248356], [-96.7552672272088, 37.8520772784994], [-96.755517930835, 37.8521721837945], [-96.7557765593985, 37.8524271925824], [-96.7559159949986, 37.8526714127167], [-96.7559755290475, 37.8527756828563], [-96.7560597577834, 37.8529259807215], [-96.7561037006722, 37.8530462217719], [-96.7562376924816, 37.8531952182351], [-96.756599553641, 37.8533958773286], [-96.7567596388146, 37.8534575086467], [-96.7569622897595, 37.8536145731941], [-96.7572612877136, 37.8537802375633], [-96.7573380819923, 37.8538245079609], [-96.7573962649749, 37.854037387806], [-96.7573456925194, 37.8543698455823], [-96.7572862213526, 37.8545038819857], [-96.756980779783, 37.8549486210186], [-96.7566296220502, 37.855518646557], [-96.756308898341, 37.8558346794395], [-96.7562615229895, 37.8558743255748], [-96.755835018164, 37.8560711870417], [-96.755760211857, 37.8561486079865], [-96.7557228347547, 37.8564204899314], [-96.7556479592774, 37.8565001624258], [-96.755455763824, 37.8566068790759], [-96.7550850569541, 37.8567439768453], [-96.7550036111988, 37.8568528102885], [-96.7550748583806, 37.8570096193609], [-96.7550776198018, 37.8572462231988], [-96.7549211602288, 37.8574392311606], [-96.7546278522037, 37.8577174838237], [-96.7544737569965, 37.8581132936382], [-96.7543238623116, 37.8582771400246], [-96.7542846454595, 37.8583755161949], [-96.7543433800077, 37.8586402237207], [-96.7544564042401, 37.8588248660617], [-96.7544932746927, 37.8589675002992], [-96.7545207838016, 37.8589973139604], [-96.7546001526519, 37.8590394393184], [-96.7547717650071, 37.8591305249057], [-96.7549500428618, 37.8590145314932], [-96.7550222557326, 37.8587185341958], [-96.7552592366944, 37.8583535954947], [-96.7556708214014, 37.8581339228668], [-96.7558005695694, 37.8580485412563], [-96.7559307013181, 37.8579271196596], [-96.7561772664057, 37.8578079227879], [-96.7567887666876, 37.8575312386292], [-96.7572802250981, 37.8572285165742], [-96.7574815555196, 37.8571045019935], [-96.7575018026478, 37.8570920303782], [-96.7578395754828, 37.8569514089398], [-96.7578623819112, 37.8569419140662], [-96.7578795127837, 37.8569347831579], [-96.758135368248, 37.8569306566781], [-96.758315601735, 37.8570309687973], [-96.7584845559753, 37.8571986532586], [-96.7586122119671, 37.8574398921872], [-96.7586704695099, 37.8576505203496], [-96.7587207284534, 37.857820444639], [-96.7587317903078, 37.85784607134], [-96.758807016128, 37.8580203421745], [-96.7591417248097, 37.8583322712651], [-96.7592339674163, 37.8584182348384], [-96.7594538785911, 37.8583345685175], [-96.759527727294, 37.858171518036], [-96.7596141074951, 37.8576231083877], [-96.7596236026876, 37.8575628217529], [-96.7596395037665, 37.8572725061628], [-96.7596068823452, 37.8568956553537], [-96.7596448747935, 37.856673347723], [-96.7597506900458, 37.8562991372889], [-96.759854154407, 37.8557446543973], [-96.7600119964872, 37.8552475294329], [-96.7601540587612, 37.8549663778405], [-96.7603226482855, 37.8547240300113], [-96.7607668337525, 37.8543179740941], [-96.7610428069876, 37.8541947738436], [-96.761062063274, 37.8541861779913], [-96.7612001990119, 37.8541752932675], [-96.7614637745977, 37.8542208692252], [-96.7615620610695, 37.854306098517], [-96.7616205189367, 37.8545572797217], [-96.7616287349283, 37.8551071349914], [-96.7615990698626, 37.8555402092074], [-96.7615943671821, 37.8556088690533], [-96.7616172032549, 37.8558165674817], [-96.7617181783845, 37.856118122914], [-96.7618549414966, 37.8564811867464], [-96.7620035372176, 37.8567115578589], [-96.7621777430091, 37.8568703247935], [-96.7622328519568, 37.8569028848531], [-96.7623668698174, 37.8569820660179], [-96.762566251793, 37.8568957503947], [-96.7626667975279, 37.8567422178738], [-96.7626439578618, 37.8565345192163], [-96.7626469591331, 37.8562709914421], [-96.762725403617, 37.8559323034965], [-96.7628797413693, 37.8555973149852], [-96.7630698940537, 37.8553463621647], [-96.7631144504918, 37.855299238552], [-96.7632812353007, 37.855122847635], [-96.7635477079534, 37.8549319231476], [-96.7636821327508, 37.8548860894514], [-96.7637479594982, 37.8548636456828], [-96.7639276414196, 37.854864813159], [-96.7641636890319, 37.8549751913507], [-96.7643057638823, 37.8552099405745], [-96.7644133335443, 37.8555521718264], [-96.7645120934283, 37.8556689473413], [-96.7646367679116, 37.8559689876671], [-96.7646630678882, 37.8560322800712], [-96.7647352214701, 37.8563242722876], [-96.7648343424769, 37.8564996297677], [-96.765053359828, 37.856774140363], [-96.7652097169931, 37.857124056977], [-96.7652614006647, 37.857341315467], [-96.765232450658, 37.8577350158546], [-96.7653458620643, 37.8579782297099], [-96.7655149339839, 37.8581661823559], [-96.7656358849504, 37.8584185504531], [-96.7657404344765, 37.858531405683], [-96.7658525846481, 37.8586524659881], [-96.766011189398, 37.8585991605833], [-96.766186681577, 37.858269075875], [-96.7662667097907, 37.8580655873723], [-96.7663918469064, 37.8576151420437], [-96.7664990473608, 37.8573122806096], [-96.7665114530949, 37.8572772333646], [-96.766618307698, 37.8569616116543], [-96.7667457040766, 37.8567184717544], [-96.7669294877056, 37.8564899213472], [-96.7671887953955, 37.8562537945464], [-96.7672352382957, 37.8561037353967], [-96.7672340004173, 37.8560271151703], [-96.7672060484389, 37.8559882847776], [-96.7669047112718, 37.8556874295758], [-96.7668468974967, 37.8555083549834], [-96.7668228001892, 37.8552713455353], [-96.7668532503824, 37.8549452590314], [-96.7668376547308, 37.8548030319404], [-96.7668911898301, 37.8547004187146], [-96.7670214635126, 37.8545970095301], [-96.76719554354, 37.8545432465417], [-96.7672688388806, 37.8545206104528], [-96.767317046072, 37.854523779534], [-96.7676155508511, 37.8545654996105], [-96.7678394307828, 37.8546392040754], [-96.7679278393798, 37.854668308786], [-96.7681278735323, 37.8546540869579], [-96.7683823249298, 37.8545079802299], [-96.7685599649806, 37.8543649188848], [-96.7685919198519, 37.8543540980231], [-96.768786750064, 37.8542881237852], [-96.7688772454474, 37.8543258890165], [-96.7690185172039, 37.8545876519543], [-96.7690913732684, 37.854809817635], [-96.7692336520364, 37.8551324271471], [-96.7692768951375, 37.8552062572966], [-96.7695031987239, 37.8555926259764], [-96.7695554806734, 37.8556231460205], [-96.7695869657258, 37.8556415254219], [-96.7698355133953, 37.8556439929837], [-96.7699658167221, 37.8555631116702], [-96.7701436301478, 37.8553907649656], [-96.7703066078965, 37.8551685719553], [-96.7703364265741, 37.8551421215608], [-96.7706000147363, 37.8549083034062], [-96.7706336683218, 37.8548987153538], [-96.7707927536704, 37.8548533866448], [-96.7709245616754, 37.8548874292824], [-96.7710727136287, 37.8550862403547], [-96.7712003390778, 37.8553297182888], [-96.7712572554359, 37.8554682235073], [-96.7712765889774, 37.855793003347], [-96.7713341718854, 37.8560036135186], [-96.7713354519847, 37.8560554533221], [-96.7713447288867, 37.8560605359459], [-96.7713710037104, 37.8560749312736], [-96.7714248999325, 37.8561044602695], [-96.7716539101428, 37.8560952887135], [-96.7718997413068, 37.8559287351565], [-96.771955592263, 37.8559134234225], [-96.7720995823216, 37.8558739517889], [-96.772293966071, 37.8559294543568], [-96.772433985576, 37.8560447532844], [-96.7726244957899, 37.8563232168987], [-96.772631804483, 37.8563377206929], [-96.7727323097936, 37.8565371832146], [-96.7727746393081, 37.8566211891852], [-96.7727840635338, 37.8566533472024], [-96.7728828566555, 37.8569904601143], [-96.7728996066423, 37.8571890300411], [-96.7728130054556, 37.8573991574761], [-96.7724108467709, 37.8578736428006], [-96.7724195235982, 37.8579864506357], [-96.7725316531086, 37.8581079792313], [-96.7730195173596, 37.8583492761791], [-96.7732164289682, 37.858580549287], [-96.773245322381, 37.8587297863461], [-96.7731258491432, 37.8590406698508], [-96.7729904918945, 37.8592656434616], [-96.7728414461175, 37.859449804792], [-96.7728289559418, 37.8596050146884], [-96.7728520013221, 37.8596384366787], [-96.7728793244798, 37.8596780616189], [-96.7729776998848, 37.8597610320751], [-96.773429886646, 37.8594654682819], [-96.7737133823733, 37.8592923980581], [-96.7737591668084, 37.8592644462672], [-96.7738686759331, 37.85923723562], [-96.7740087223876, 37.8592950350056], [-96.7740918057716, 37.8593293259529], [-96.7741688524769, 37.8593893607821], [-96.7742516852309, 37.8593751604327], [-96.7743133572701, 37.8593087431593], [-96.7742881217971, 37.8590379215435], [-96.7742924642532, 37.8588465100172], [-96.7742954763044, 37.85880824283], [-96.7743223826438, 37.8584663167765], [-96.774333885571, 37.8583201239837], [-96.7743978752636, 37.8579879131107], [-96.7744824534442, 37.8576560908301], [-96.7745145232999, 37.8575709193147], [-96.7745565743366, 37.857459242816], [-96.7746569996972, 37.8572381121255], [-96.7748463438978, 37.8569420679758], [-96.7750925784054, 37.8567146885457], [-96.775227046322, 37.8564716726621], [-96.7753262571603, 37.8561491392285], [-96.7753311359106, 37.8559870251142], [-96.7752986779827, 37.8554328377705], [-96.7752954709972, 37.8553780746034], [-96.7753957912549, 37.8551366650842], [-96.7754422045106, 37.855055424319], [-96.7754632753939, 37.8550185410955], [-96.7755948174976, 37.8550142740711], [-96.7758931920209, 37.8551077875275], [-96.7760246721409, 37.8551864904395], [-96.7762274308836, 37.8553078633549], [-96.7765078193383, 37.8554798839869], [-96.7767248172767, 37.8557047727137], [-96.7767514092057, 37.8557375106062], [-96.7769645668462, 37.8559999309895], [-96.7771131068717, 37.8562573174776], [-96.7771987666239, 37.8564797192767], [-96.7773420326404, 37.8568181082357], [-96.7774272971339, 37.8569024869576], [-96.7776158993261, 37.8570891295075], [-96.7777303770327, 37.8569200773418], [-96.7777548947517, 37.8566479447416], [-96.7777241005038, 37.8561369915873], [-96.7777188732071, 37.85605025225], [-96.7777309798022, 37.8558837695184], [-96.7777817337175, 37.8555896037608], [-96.7778821132639, 37.8553459401454], [-96.7780992953569, 37.8550211299649], [-96.778385104246, 37.8547291588302], [-96.7785960960484, 37.8544447815613], [-96.7787067631015, 37.8542763425384], [-96.7787993120336, 37.8541354759895], [-96.7789020505561, 37.8540495570719], [-96.7792310216979, 37.8539048365171], [-96.7794172262867, 37.8538542875284], [-96.7794632101477, 37.8538489288386], [-96.7796667180855, 37.8538252115773], [-96.7798627807861, 37.8538840302009], [-96.7798750993836, 37.8538877256028], [-96.7799528566563, 37.8540423904193], [-96.7800117466131, 37.8542575265854], [-96.7801305784538, 37.8543926916659], [-96.7802567109028, 37.8544739260687], [-96.7804583000391, 37.8545498286957], [-96.7808669894759, 37.854589090381], [-96.780992110422, 37.8546567879068], [-96.781098400883, 37.8548074862273], [-96.7811710907592, 37.8550837103577], [-96.781138498084, 37.8552117471042], [-96.781112305007, 37.8553146454566], [-96.7810523002409, 37.8554914877226], [-96.7810196788197, 37.855608020762], [-96.7810273890598, 37.8556825107683], [-96.7810565483739, 37.8557003277016], [-96.7812366578934, 37.8558103734124], [-96.7814137023612, 37.8556627759563], [-96.7817979333678, 37.8555125184252], [-96.7818478500532, 37.8554929991871], [-96.7820551560679, 37.8554969136742], [-96.7822645946832, 37.8555954893146], [-96.7824480746816, 37.8558490223253], [-96.7825755384339, 37.8560992457247], [-96.782806553684, 37.8563311472098], [-96.7829154600391, 37.8564000815142], [-96.7831000449654, 37.8565169173919], [-96.7832249305528, 37.856521526195], [-96.7832147104198, 37.8562937936713], [-96.78312519959, 37.8557964723955], [-96.78316020514, 37.8553871107771], [-96.7831290174299, 37.8551295169785], [-96.7830981450286, 37.8548745373978], [-96.7831289967687, 37.8545799931112], [-96.7833381766691, 37.8542369998277], [-96.7833998352336, 37.8541705779247], [-96.7835950463313, 37.8540828723508], [-96.7836885699356, 37.8540408533907], [-96.7837578390271, 37.854028643694], [-96.7840426921088, 37.8541510611684], [-96.7841197127629, 37.8541841614875], [-96.7842307014129, 37.8542020255958], [-96.7844505739602, 37.8541183112229], [-96.7845381210728, 37.8539464916891], [-96.7845545979717, 37.8536336531681], [-96.78458686905, 37.8534337565041], [-96.7845751514255, 37.8531136284839], [-96.7846416330447, 37.8529098704017], [-96.7846953091796, 37.8527779632586], [-96.7849399770253, 37.8525302565426], [-96.7850636328191, 37.8524334621222], [-96.7855435101489, 37.852196143461], [-96.7855726595816, 37.852181726806], [-96.7856900657959, 37.8521749288113], [-96.7858392463202, 37.8522013377119], [-96.7859606841736, 37.8522228353672], [-96.7862782529996, 37.8521972818978], [-96.7866023040686, 37.8520975036934], [-96.7867725482897, 37.8520120711141], [-96.7868359567724, 37.8519802522497], [-96.7869180699759, 37.8519660291937], [-96.7871480575532, 37.8520424543255], [-96.7873992175235, 37.8522184043313], [-96.7875683029179, 37.8524311072323], [-96.7877619985577, 37.8529371465122], [-96.7880330849576, 37.8534919533892], [-96.7881896990409, 37.8539183974315], [-96.7881913824838, 37.8539229808626], [-96.7882624230531, 37.854041468344], [-96.7883636263546, 37.8540959771603], [-96.7884574661659, 37.8541465203088], [-96.7885897215319, 37.854189562001], [-96.7886505689176, 37.8541501561174], [-96.7886743185771, 37.8540863804907], [-96.7887247167595, 37.8539510474561], [-96.7887956333613, 37.8535986807778], [-96.7888199121285, 37.8533806090448], [-96.7888249992879, 37.853234267853], [-96.7889475690185, 37.8526035176003], [-96.7890868249556, 37.8521510585105], [-96.7891741133534, 37.8519161505915], [-96.7892892360504, 37.8517718805168], [-96.7894808278358, 37.8516358083866], [-96.7898181901408, 37.8515182490761], [-96.7899477119334, 37.8513674915426], [-96.789959013638, 37.8512032439305], [-96.7899440908245, 37.8511083423533], [-96.7897603197719, 37.8508165160286], [-96.7897365234, 37.8505907803555], [-96.7899189218268, 37.8502630409918], [-96.7900262192993, 37.8500240016095], [-96.7900848298801, 37.8497502539444], [-96.7900895406454, 37.849592640654], [-96.7901833840499, 37.8493758778508], [-96.7902377330229, 37.8493160724935], [-96.7903899309882, 37.8492339258774], [-96.7904232710617, 37.8492159307569], [-96.7905266770323, 37.8492021058141], [-96.7906868798851, 37.8492366596543], [-96.7910488883682, 37.849434963896], [-96.7913074271003, 37.8496493431735], [-96.7915557879201, 37.850061783921], [-96.791662784457, 37.8502845775157], [-96.7917418541683, 37.8504910751651], [-96.7917801682135, 37.8507779112926], [-96.791741719421, 37.8515183852642], [-96.7917595734373, 37.851753019238], [-96.7918504631811, 37.8518820186275], [-96.7918577009073, 37.8518922908466], [-96.792046996599, 37.8519994816013], [-96.7921964591942, 37.8518468425437], [-96.79227705155, 37.8516455983079], [-96.7923396641253, 37.8515479302714], [-96.7923783716325, 37.8514875492949], [-96.7924470244798, 37.8514482873764], [-96.7925722298675, 37.8515159338785], [-96.7926630279831, 37.8515649906583], [-96.7928564909594, 37.8515325807433], [-96.7929393416797, 37.8514935862599], [-96.7930328724704, 37.8512632974362], [-96.7930693530542, 37.850921546344], [-96.7930872978003, 37.8507011011074], [-96.7931576053443, 37.8502969034525], [-96.7931612821487, 37.850078443882], [-96.7932956027416, 37.8497903466827], [-96.7935686582486, 37.8495183728994], [-96.793994273742, 37.8492515159634], [-96.7941250477861, 37.8491773748363], [-96.7941783286623, 37.849034191072], [-96.7941349014065, 37.8489184789855], [-96.7938332076082, 37.8486266964846], [-96.7937833924324, 37.8485108645893], [-96.7938004891689, 37.8482949093861], [-96.7938555729638, 37.8482103356733], [-96.7939664969351, 37.8481410397476], [-96.7940061171307, 37.8481162885522], [-96.7941928840648, 37.8481175433847], [-96.7944294967174, 37.8482098497721], [-96.7946538213152, 37.8483807747158], [-96.7948361685381, 37.848577945604], [-96.7949504710732, 37.8487941156173], [-96.795210496517, 37.8491256642607], [-96.7953051466086, 37.8494293268263], [-96.7954050527429, 37.8496519833032], [-96.7955249724435, 37.8498705115235], [-96.7956046188732, 37.8500342130853], [-96.7956266563437, 37.8501765579031], [-96.795775557492, 37.8504474447034], [-96.7958372016834, 37.8504902161751], [-96.7959223961083, 37.8505493282816], [-96.7960815515255, 37.8505478082039], [-96.7964996400351, 37.8501996975284], [-96.7966212575516, 37.8500037269031], [-96.796845068313, 37.8496677403787], [-96.7968962767758, 37.8493555511849], [-96.7970034817218, 37.8491187574559], [-96.7972410151475, 37.8487987972558], [-96.7972529142318, 37.8486615953339], [-96.7972383309815, 37.8486027462983], [-96.7971049329584, 37.8484312785126], [-96.7969128488962, 37.8481077671818], [-96.7969111825213, 37.847925252286], [-96.7970196945161, 37.8477876096519], [-96.7972047106336, 37.8476806880016], [-96.7973845794047, 37.8476750500884], [-96.7974678747911, 37.847692382343], [-96.7976123723978, 37.847634263874], [-96.7977289036531, 37.8475373225744], [-96.797801840566, 37.8473539543337], [-96.797846961146, 37.8470551678461], [-96.7979370459993, 37.8469417616111], [-96.7979827406029, 37.846884240539], [-96.798113882058, 37.8468213658961], [-96.7982959939223, 37.8470027577756], [-96.7984094205999, 37.8472008850117], [-96.7984951252679, 37.8473759627177], [-96.79853857049, 37.8475389845844], [-96.7985286396145, 37.8478249142991], [-96.7985456042987, 37.8480662903035], [-96.7985751750412, 37.8481704768691], [-96.7986832917772, 37.8483268355332], [-96.7987093258525, 37.8483644853578], [-96.7988133848984, 37.8484002291587], [-96.7989784691964, 37.8483424950025], [-96.7991708398213, 37.8481793869533], [-96.7992773530645, 37.8479177963337], [-96.7993551507614, 37.8474754359062], [-96.7996527015296, 37.8470236766933], [-96.7998876172646, 37.8469582378443], [-96.8000855673256, 37.846822266781], [-96.8000762850338, 37.8466328508874], [-96.8000255634579, 37.8464516701971], [-96.8000417978117, 37.8461208011613], [-96.8001989050701, 37.8459728005395], [-96.8001991817512, 37.8459726281634], [-96.8003704257972, 37.8458656223043], [-96.8006156254456, 37.846075225162], [-96.8006905844661, 37.8461017433615], [-96.8008173493291, 37.8461465886989], [-96.8009070604833, 37.8461392574149], [-96.8012722669688, 37.8460154270587], [-96.8013884559659, 37.8459297398632], [-96.8014622256171, 37.8457418787409], [-96.8015270723025, 37.8454479647779], [-96.8016263909386, 37.845409824707], [-96.8017620078004, 37.8453577411971], [-96.8020059210613, 37.8454434099042], [-96.8023131772278, 37.845620377997], [-96.8025222304658, 37.845779739149], [-96.8027398329704, 37.8460338797918], [-96.8028398406143, 37.846301591096], [-96.802890837973, 37.8464737639738], [-96.8028861245127, 37.8465367552482], [-96.8028676758117, 37.8467752164587], [-96.8028138631329, 37.8468891067316], [-96.8026842021014, 37.8470218536478], [-96.8023265899734, 37.8472246817234], [-96.8018026071597, 37.8473613131617], [-96.8014725535479, 37.8473776644551], [-96.8012121211673, 37.847465157397], [-96.8012556670007, 37.847601145718], [-96.8014080670869, 37.8477549412921], [-96.8014789639258, 37.8479027049617], [-96.8015307482086, 37.8481199516133], [-96.8017207221283, 37.8483240130546], [-96.8018823003018, 37.848527544053], [-96.8019113410383, 37.848649742254], [-96.8018700023656, 37.8491085572027], [-96.8018742693632, 37.8494668441521], [-96.8019751465763, 37.8497052845378], [-96.8021728558889, 37.8499838366468], [-96.8023203996827, 37.850157815383], [-96.8023772369891, 37.8503008111223], [-96.8023548626503, 37.8506473352778], [-96.8021063670831, 37.8506674672337], [-96.8020348009994, 37.8506411450302], [-96.8019321154776, 37.8506033779113], [-96.8017835655706, 37.8503437699407], [-96.8016278902268, 37.8501088101571], [-96.8015157894625, 37.8499850559811], [-96.801181824586, 37.8498458843319], [-96.8008735227805, 37.8496080650658], [-96.8006361079323, 37.8494707000846], [-96.8004771833822, 37.8494406889225], [-96.8003422905625, 37.84946988648], [-96.800333487971, 37.8494717910383], [-96.8002574752266, 37.8495199305929], [-96.8001425106332, 37.8496597093353], [-96.8001161369948, 37.8497583424337], [-96.8001371261314, 37.8498646205473], [-96.8003435194578, 37.850280763476], [-96.8003747826263, 37.8504953722429], [-96.8003620040914, 37.8506145341233], [-96.800296009359, 37.8507079198082], [-96.8001855174774, 37.8507689320089], [-96.7997719052728, 37.8508715748237], [-96.7995363202929, 37.8508874366178], [-96.7994189778589, 37.850867491273], [-96.7993426749587, 37.8508545213697], [-96.7988625496939, 37.8506382595106], [-96.7986889844012, 37.8505989602551], [-96.7985894501694, 37.850645349178], [-96.798544924274, 37.8506660989532], [-96.798431103236, 37.8509343112425], [-96.7983272957184, 37.8513671709325], [-96.7982764510733, 37.8517627240266], [-96.7982015306803, 37.851869457465], [-96.7979418798339, 37.8520493253911], [-96.7976748762769, 37.8521659752328], [-96.7974462918681, 37.8522089982207], [-96.797274004878, 37.8521768489044], [-96.7972315469045, 37.8521689252395], [-96.7969259104004, 37.8520325261418], [-96.796513352818, 37.8517657052591], [-96.7963821511758, 37.8517587384101], [-96.7962307500161, 37.8517729437733], [-96.7961620477615, 37.851779389987], [-96.7960887488276, 37.852046106552], [-96.7960577758149, 37.8523226297161], [-96.7959082539308, 37.8524775247932], [-96.7956962182861, 37.8526087182063], [-96.7955516982215, 37.8526195223009], [-96.7954065340648, 37.852592220538], [-96.7950593621569, 37.8525269242359], [-96.7949484211177, 37.8525494531229], [-96.7949309372073, 37.8525530038939], [-96.7948664058306, 37.8525661068474], [-96.7948520759052, 37.8526721163441], [-96.7948418000766, 37.8527481272215], [-96.7948467695568, 37.8530816462471], [-96.7948081761355, 37.8533039569069], [-96.7948185085579, 37.8535767494363], [-96.794821771239, 37.8538246264124], [-96.7947623863106, 37.8540533049529], [-96.7945737140497, 37.8544012101821], [-96.7943151097407, 37.8546644467418], [-96.7940562557, 37.8548645961191], [-96.7937473008193, 37.8549576955459], [-96.7937466010317, 37.854957906202], [-96.7935658339454, 37.8549135386043], [-96.7935378666956, 37.8549066741892], [-96.793329757587, 37.8547630859121], [-96.7928438597481, 37.8542403001392], [-96.7925759803338, 37.8538860701196], [-96.7923708554286, 37.853571317669], [-96.7921441502952, 37.8531705503056], [-96.7918863823177, 37.8530012437362], [-96.7918195359825, 37.8529638615571], [-96.7917613233554, 37.8529313061414], [-96.7916420540352, 37.853022094278], [-96.791633702398, 37.8530284517202], [-96.7915418128293, 37.8530983977345], [-96.7913347897838, 37.8535608499189], [-96.7912559868722, 37.8537733907749], [-96.7911810170718, 37.8538575899849], [-96.7905704591226, 37.8542268414213], [-96.7903658812914, 37.854369429941], [-96.7902838112071, 37.8544534951247], [-96.7902654101168, 37.8546176092436], [-96.7904010512331, 37.8549040228991], [-96.7906563218941, 37.855323353243], [-96.7907420885459, 37.8555434959843], [-96.7907390154093, 37.8557890009258], [-96.7907212260717, 37.855980160799], [-96.790654070716, 37.8561118175149], [-96.7905250070642, 37.8561995043617], [-96.7903731495604, 37.8562417043732], [-96.7901310517947, 37.8562371487477], [-96.7900981402176, 37.8562266260532], [-96.7899438860086, 37.8561773056906], [-96.7897058279667, 37.8560376534971], [-96.7891539632433, 37.855583450101], [-96.7890621967438, 37.8554690781836], [-96.7888603192483, 37.8553548876634], [-96.7887704922114, 37.8553419320258], [-96.7886048419747, 37.855370352717], [-96.7886009468797, 37.8553736487221], [-96.7884955188013, 37.8554629152932], [-96.7884556434841, 37.8556086009479], [-96.788468125575, 37.8559512729337], [-96.7884166377362, 37.8562476827889], [-96.7884158687783, 37.8566058740487], [-96.7883914507723, 37.8568284485654], [-96.7882769721674, 37.8570696043035], [-96.7881335004367, 37.8571637754725], [-96.7879748777205, 37.8571945806973], [-96.7877888438117, 37.8571648195012], [-96.7875598776188, 37.8571281891201], [-96.7869501712725, 37.8569927928715], [-96.7869696548327, 37.857058002944], [-96.7871180502294, 37.8575546695777], [-96.7872468839126, 37.8578071660155], [-96.7876013528355, 37.8580211081649], [-96.7878729773262, 37.8581073281402], [-96.7880676943506, 37.8582236385959], [-96.7881802595439, 37.858378953915], [-96.7881955533616, 37.8584851273998], [-96.7881958956197, 37.8585211797807], [-96.7881849298851, 37.8587214789755], [-96.788098233477, 37.8589361220388], [-96.7879143016259, 37.8591241516772], [-96.7875794761633, 37.8592980733818], [-96.7871336845087, 37.8594293532408], [-96.7867190221735, 37.8594936306398], [-96.7861183708453, 37.8594823098102], [-96.7861129665806, 37.859481304113], [-96.7859029036362, 37.8594422024838], [-96.7853266128219, 37.8592105547644], [-96.7851168193721, 37.8590759318664], [-96.7849068516492, 37.858875971234], [-96.7846809235586, 37.8585923539602], [-96.7844571711876, 37.8584732368906], [-96.7842861337542, 37.8584677565461], [-96.7842599352872, 37.8585236479553], [-96.7841647084772, 37.8587267990121], [-96.7841593635013, 37.8592606284365], [-96.784211304091, 37.8594238155192], [-96.7842058567071, 37.8599373665025], [-96.7841219657377, 37.860366082505], [-96.7841240022184, 37.8604877759731], [-96.7842379490206, 37.8606679023062], [-96.7844698994169, 37.8609403697118], [-96.7845619030716, 37.8610705189842], [-96.7845720252883, 37.8612779736549], [-96.7845313585554, 37.8613785862401], [-96.7843586924763, 37.8613798344639], [-96.7842398723136, 37.8613403955448], [-96.7841715850807, 37.8613177296283], [-96.7837585136619, 37.860996786907], [-96.783445255851, 37.8607588291426], [-96.7833668814357, 37.8606717406315], [-96.7833582198797, 37.8605341515814], [-96.7834672807451, 37.8603559809721], [-96.7833821087781, 37.8602349709832], [-96.7831674886803, 37.8602376788199], [-96.7831054025177, 37.8602675976425], [-96.7829065523448, 37.8603634186452], [-96.7826229353449, 37.8605948811796], [-96.7825315155951, 37.8606694874239], [-96.7822845750117, 37.8607549397577], [-96.7821352085362, 37.8606948968209], [-96.7820199448038, 37.8606485631581], [-96.7816927990385, 37.8604711651734], [-96.781395862718, 37.8603990991813], [-96.7812498936708, 37.8603636725487], [-96.7811375117339, 37.8604037850474], [-96.7811120211394, 37.860412883017], [-96.7811099056069, 37.8605048108866], [-96.781107358883, 37.8606155536857], [-96.7811797819595, 37.8608534736147], [-96.7812267135432, 37.8610886587291], [-96.7813483328563, 37.8614153684092], [-96.7814031121223, 37.861815162588], [-96.7813094959916, 37.8620229101949], [-96.7812479290553, 37.8620622983949], [-96.7810764092266, 37.8620725748691], [-96.7809870268558, 37.8620282165182], [-96.7807838153621, 37.8619273679428], [-96.7803588224012, 37.8616963024981], [-96.7801833481885, 37.8615307800318], [-96.7800919661679, 37.8614635434273], [-96.7793034196216, 37.8608833411232], [-96.7790809877741, 37.8607912732995], [-96.7789694502535, 37.8607914165627], [-96.7788981410879, 37.8608351068604], [-96.7788196391119, 37.8608832042432], [-96.7788089850926, 37.8611195530938], [-96.7788663586932, 37.8612197644769], [-96.779035337188, 37.8614122017519], [-96.7790644452982, 37.8615073716239], [-96.7789851258552, 37.8616883543247], [-96.7788195906029, 37.8617595679988], [-96.7784966022408, 37.861845826863], [-96.7782678776947, 37.8618212235298], [-96.7780617718292, 37.8618713932997], [-96.7779180773163, 37.8619723071993], [-96.7778244845418, 37.8621552710021], [-96.7778203558848, 37.8622926173131], [-96.7777746361284, 37.8625373153931], [-96.7777013327029, 37.862659835047], [-96.7776481434549, 37.8628458169336], [-96.7775296251262, 37.8631724918748], [-96.7772951280061, 37.8636241790853], [-96.7772875579033, 37.8636387601637], [-96.7770686941641, 37.8638058352873], [-96.7768584820994, 37.8640158786132], [-96.7764621714472, 37.8642719605678], [-96.7764154006619, 37.8642838423405], [-96.7760412182101, 37.8643788858145], [-96.7758215118511, 37.8644085185712], [-96.7756044456408, 37.8643906413342], [-96.7755373307093, 37.8643851132048], [-96.7753151000845, 37.8642389725757], [-96.7750554142038, 37.864015524726], [-96.7748313635922, 37.8637882465464], [-96.7745527097843, 37.8636049896442], [-96.7745118642866, 37.8636402608232], [-96.7744560187204, 37.8637350753479], [-96.7743898236637, 37.8638474650069], [-96.7743854848009, 37.8639915667735], [-96.7744489094532, 37.8640558487041], [-96.7748098983484, 37.8646664565208], [-96.7750162826917, 37.8651502278951], [-96.7750810566136, 37.8652843638379], [-96.7751634087689, 37.8654548981512], [-96.7751524088983, 37.8656078848956], [-96.7750447727609, 37.865808603811], [-96.7749682515701, 37.8658724870187], [-96.7746059753891, 37.8661066788768], [-96.7745378031405, 37.8662000073502], [-96.7744212125964, 37.8662969241096], [-96.7741806653228, 37.8664050080381], [-96.7738489318615, 37.8664505367207], [-96.7736292856897, 37.8664329457743], [-96.773517237926, 37.8664239719434], [-96.773371921954, 37.8663423663402], [-96.773307318712, 37.8662721194395], [-96.7732749245646, 37.8662368956163], [-96.7730003562946, 37.8662626349858], [-96.7729151295304, 37.866270624507], [-96.7728542273474, 37.8663348030382], [-96.7727303712293, 37.866366246938], [-96.772347451763, 37.8666721312249], [-96.772100671978, 37.8668454259446], [-96.7716202457775, 37.8670390682915], [-96.771179722742, 37.8671816504648], [-96.7709930384529, 37.8672231641024], [-96.7708365546254, 37.8671844856955], [-96.7705586329444, 37.8671157919552], [-96.7703710988491, 37.8669500263618], [-96.7703420114002, 37.8667602324267], [-96.7702341839217, 37.8665193821341], [-96.770178972566, 37.8664890467306], [-96.7700766203192, 37.8665141371227], [-96.7700081776777, 37.8665691586633], [-96.7699823681813, 37.866629292552], [-96.7699141833562, 37.8667881558448], [-96.7696985679251, 37.867223368341], [-96.7694517216648, 37.8675633674063], [-96.769164753949, 37.8677967206319], [-96.768952734474, 37.8679008296725], [-96.7683757932794, 37.868090371757], [-96.7681948249705, 37.8681072084777], [-96.7681196252014, 37.8681035265534], [-96.7680752906472, 37.8680835333894], [-96.7676345870502, 37.8678847914137], [-96.7674396247858, 37.8676828328732], [-96.7671806476759, 37.8673422322816], [-96.7670809122215, 37.8670925214805], [-96.7669236881822, 37.8666997873206], [-96.7667904671272, 37.8665237832344], [-96.7665014287947, 37.866049691163], [-96.7663942570863, 37.8658111022361], [-96.7663831826555, 37.8655428015292], [-96.7664210340683, 37.8652776840664], [-96.76641638888, 37.8649847231148], [-96.7663854266471, 37.8647633540216], [-96.766238905136, 37.8646749582476], [-96.7661012392171, 37.8647872365495], [-96.7660892970137, 37.8648103581142], [-96.7659940845767, 37.8649947140898], [-96.7659894825075, 37.8655465764838], [-96.7659163695248, 37.8657794829329], [-96.7658310232846, 37.8661585938387], [-96.7657294337075, 37.8667694388231], [-96.7657185622959, 37.8670350700268], [-96.7658184585488, 37.8673028078998], [-96.7660157213986, 37.8676399848595], [-96.7660682405034, 37.8679473729406], [-96.7660281882181, 37.8682147004453], [-96.7659346475459, 37.8684652414038], [-96.7659238614743, 37.8686340011583], [-96.7660001814425, 37.8687886470882], [-96.7660976764986, 37.8689008921747], [-96.766516012045, 37.869258042617], [-96.7666210754073, 37.86940197141], [-96.7666216440409, 37.8695314150371], [-96.7666218865861, 37.8695867208168], [-96.7664975085467, 37.8696587005285], [-96.7661270235606, 37.8697868247093], [-96.7658948710435, 37.8698410070249], [-96.7657878601335, 37.8698659813956], [-96.7651508018835, 37.8699282031262], [-96.7645423289241, 37.8700788276754], [-96.7644934695558, 37.8700733914511], [-96.7643926695978, 37.870035133639], [-96.7643122434304, 37.8700046082164], [-96.7642626672065, 37.8698820107134], [-96.7642477848172, 37.8697397982621], [-96.7642096324687, 37.8693335563022], [-96.7640362764836, 37.8693099801787], [-96.7639528679094, 37.8692723460153], [-96.7639105563612, 37.8691679077427], [-96.7637905297612, 37.8689786357777], [-96.7635446662578, 37.8687216333954], [-96.7634330317191, 37.8686541742966], [-96.7633157512689, 37.8687262846932], [-96.7632977032165, 37.868774989629], [-96.7632809361617, 37.8688202416983], [-96.7632749785348, 37.8689935980257], [-96.7633185908435, 37.8691724051283], [-96.7633975078412, 37.869475791521], [-96.7633359310234, 37.8696323191565], [-96.7631975931646, 37.8699540950887], [-96.7630802103064, 37.8701703860845], [-96.7628242236881, 37.8703885442975], [-96.7623218067295, 37.8705794748405], [-96.7621001132972, 37.8706270659277], [-96.7619130283595, 37.8705965910985], [-96.7618964939684, 37.8705938978251], [-96.7617420214687, 37.870509851759], [-96.7614624082601, 37.870405396094], [-96.7613425927642, 37.8703265144213], [-96.7610986220111, 37.8702182320147], [-96.7609096730692, 37.8702168818254], [-96.7608808003176, 37.8702506174039], [-96.7608470649855, 37.8702900331173], [-96.7609248357329, 37.8704199276097], [-96.7609315596228, 37.8704467285052], [-96.7609958367763, 37.870702889517], [-96.7609968940934, 37.8709259433792], [-96.760922206364, 37.8712804701789], [-96.7608257326924, 37.8714160543345], [-96.7603447594179, 37.8716727204146], [-96.7596976059007, 37.8719735224203], [-96.7594891230929, 37.8720303722389], [-96.759348767618, 37.8719805703252], [-96.759341504739, 37.8719779926882], [-96.7592416264524, 37.871827398259], [-96.7591694171749, 37.8716548031019], [-96.7589574812432, 37.8713804160067], [-96.7586946961748, 37.8707446011448], [-96.7585891818582, 37.870686265419], [-96.7584430681822, 37.8707015003346], [-96.7583936895877, 37.8707366021809], [-96.7583928622393, 37.8707423390266], [-96.7583855903771, 37.8707927693551], [-96.7583175968933, 37.8709964815486], [-96.7581562010778, 37.8711173079318], [-96.7580296006064, 37.8711216484821], [-96.7578480367145, 37.8711812624133], [-96.7578623711315, 37.8712941789397], [-96.7579826609379, 37.8714744511761], [-96.7580189825198, 37.8716824076891], [-96.7580153712923, 37.871988727996], [-96.7579338842146, 37.8721921808925], [-96.7577690954622, 37.8724481138838], [-96.7575682689957, 37.8726740705199], [-96.7572734895301, 37.8728351523425], [-96.7569763061729, 37.8730051990431], [-96.7577492696439, 37.8730312246545], [-96.7579709037875, 37.8731030428705], [-96.7581031600518, 37.8731934289174], [-96.758183577236, 37.8732828256541], [-96.7582766400045, 37.8734941169307], [-96.7583163473367, 37.8739184122636], [-96.7582997904877, 37.8743236106851], [-96.7582666830779, 37.8745482639317], [-96.7581454383623, 37.87493794689], [-96.7580891445367, 37.8750158372855], [-96.7580439413116, 37.8750982139863], [-96.7578485963649, 37.875400873276], [-96.7577188293322, 37.8755560942493], [-96.7573707222782, 37.8757882493434], [-96.7567955606461, 37.8760566176867], [-96.7565137151241, 37.8761188185893], [-96.75621081399, 37.8761490769933], [-96.7560959149736, 37.8761347096951], [-96.756053077911, 37.8761293526251], [-96.7557004487378, 37.8760852558762], [-96.7554154168914, 37.8759716702331], [-96.7548014803784, 37.8755048567005], [-96.7543634573543, 37.8752351497223], [-96.7540104221426, 37.8751382837195], [-96.7538381324576, 37.8750313194862], [-96.7538096028625, 37.8750136079164], [-96.7537780324702, 37.8749761397565], [-96.7536321936788, 37.8748652121934], [-96.7534266411755, 37.8748252337841], [-96.7532946957282, 37.8748182045876], [-96.7530866063825, 37.8747916945907], [-96.7529019846253, 37.8746710132152], [-96.7526896184006, 37.874504743437], [-96.752552446555, 37.8744593140405], [-96.752483153209, 37.8744715047528], [-96.75242378984, 37.8745285802622], [-96.7524004444224, 37.8745510251333], [-96.752447711976, 37.8746555607206], [-96.752629723229, 37.8747919626263], [-96.7529044181614, 37.8749414015647], [-96.7529875770039, 37.8750131611917], [-96.7530095030834, 37.8750131725371], [-96.7530590182218, 37.8751381050298], [-96.7532895762294, 37.8753137347058], [-96.7537343096687, 37.8756196187199], [-96.7539167700793, 37.8758348776819], [-96.7540454762016, 37.876112186599], [-96.7540273796402, 37.8763100923643], [-96.7539340356991, 37.8765290861198], [-96.7537982795984, 37.8766706728286], [-96.7535460416498, 37.8768573390577], [-96.7532923996343, 37.8769966695909], [-96.7532177729904, 37.8770673331252], [-96.7531657003483, 37.8772375537048], [-96.7531414494289, 37.8775209488995], [-96.7531791544164, 37.877706404025], [-96.7530330200792, 37.8780956051353], [-96.7529193742126, 37.8783277266998], [-96.7527501989867, 37.8785632914018], [-96.7525532505472, 37.8787307382617], [-96.7522528063055, 37.8789367563135], [-96.7519860731414, 37.8790623146226], [-96.7514774335528, 37.8790926682479], [-96.7514144418885, 37.8790964276182], [-96.7511452904597, 37.8790912728422], [-96.7511383581606, 37.8790898434022], [-96.750952512898, 37.8790515349666], [-96.7507646581041, 37.8789668341706]]], [[[-96.7994250846063, 37.907364792106], [-96.7994573574811, 37.9072122018275], [-96.7997979007205, 37.9073537571816], [-96.80003267542, 37.9072995819092], [-96.8002049677999, 37.9072667655738], [-96.8003559099205, 37.907211018879], [-96.8011084870245, 37.9070989583405], [-96.8015760107225, 37.9068914399228], [-96.8017887138155, 37.9068278729685], [-96.8020300192671, 37.9067557580583], [-96.8022292287662, 37.9066783846241], [-96.8023514948663, 37.9065590185559], [-96.8022942452332, 37.9064047524572], [-96.8020523846228, 37.9063867075077], [-96.8016931115097, 37.9064205314184], [-96.801280484757, 37.9065750101189], [-96.8009966126356, 37.9065832100285], [-96.8007818443158, 37.9065386353682], [-96.8003715441997, 37.9064002821526], [-96.8001341967252, 37.9064137143292], [-96.8000126735319, 37.906420591665], [-96.7997706404449, 37.9063845152364], [-96.7993189073329, 37.9062769223339], [-96.7988186553141, 37.9061278659393], [-96.7984569028509, 37.9059588766839], [-96.7983866815452, 37.9058584334316], [-96.7983109463802, 37.9054424874281], [-96.7983096914337, 37.905341977553], [-96.7983090832743, 37.9052932925456], [-96.7983086386082, 37.9052577095948], [-96.7983322876564, 37.9052383495478], [-96.7985884305815, 37.905028658379], [-96.7987019803284, 37.9047964898562], [-96.7986939718476, 37.9046836977017], [-96.7986519792014, 37.9046378531358], [-96.7985045917144, 37.9045269518238], [-96.7984544944676, 37.9043953468926], [-96.7984356523045, 37.9040976153135], [-96.7983372481534, 37.9039651037578], [-96.7982196811406, 37.9039268536273], [-96.7981229298895, 37.903929544973], [-96.797931423444, 37.9041061812435], [-96.7978369781683, 37.9042936497566], [-96.7977934089787, 37.9043325234445], [-96.7977281688312, 37.9043907347051], [-96.797535931157, 37.9044727369035], [-96.7973363785015, 37.9045140494872], [-96.7971269892936, 37.9045228358064], [-96.7970395921996, 37.9045265038604], [-96.7968244286211, 37.9044954313613], [-96.7967258996041, 37.9044603151261], [-96.79631732066, 37.9043146970075], [-96.7960906604425, 37.9041943432824], [-96.7959478633466, 37.9041185201502], [-96.7956898097048, 37.9039289403594], [-96.7956403700248, 37.9038469092027], [-96.7956654869202, 37.9037437497421], [-96.7957340149016, 37.9036864615501], [-96.7959114654079, 37.9036288756128], [-96.796009638692, 37.9035970159536], [-96.7966175466111, 37.9035678759921], [-96.7970860018621, 37.9034955636724], [-96.7973065562307, 37.9034411289689], [-96.7978078601767, 37.9032207423277], [-96.7978268047477, 37.9032123960274], [-96.7980138609393, 37.9031299855641], [-96.7981103606621, 37.9030642095227], [-96.7981564397446, 37.9029253968398], [-96.7980933789099, 37.9024421017954], [-96.7980282106276, 37.9022200988768], [-96.7978658122923, 37.9019040111965], [-96.7978575756394, 37.9018879803417], [-96.7977586738216, 37.9017960105458], [-96.7976269996656, 37.9017304608463], [-96.7975853546673, 37.9017206676555], [-96.7970954665119, 37.9017970851305], [-96.796690882376, 37.9019922495916], [-96.7963148637677, 37.9022780651376], [-96.795979664606, 37.9025060694787], [-96.7959325452744, 37.9025255294797], [-96.79589618237, 37.902540547998], [-96.7956752444208, 37.9025363992638], [-96.7956131322071, 37.9025217160173], [-96.7955221436486, 37.9024028585209], [-96.7955470889657, 37.9022816723446], [-96.7957093534521, 37.902036904977], [-96.795886956672, 37.9018735273351], [-96.7961013108685, 37.9014314858259], [-96.7961878680377, 37.9011988126054], [-96.7964170794706, 37.9008066125856], [-96.7965386152404, 37.9005926188856], [-96.7966817492045, 37.9004646383153], [-96.7967625993767, 37.9003039500791], [-96.7969730656646, 37.9000871195358], [-96.7971568825313, 37.899905834214], [-96.7976589051295, 37.8992078538754], [-96.7977610831032, 37.8991421849099], [-96.7979485381468, 37.8991290384921], [-96.7980652194207, 37.8991208554732], [-96.7981598704106, 37.8989739416331], [-96.7980055560145, 37.8983807974583], [-96.7979743979489, 37.898261572463], [-96.7979321924019, 37.8981000663493], [-96.7979083636906, 37.8978743330359], [-96.7979518241841, 37.8975372186227], [-96.7980030955289, 37.8972988954298], [-96.798048367026, 37.8970884571691], [-96.7981022866043, 37.8964721840536], [-96.7980385924574, 37.8961080738915], [-96.7980356441866, 37.89609122514], [-96.7980342787474, 37.8960834153653], [-96.7979109409572, 37.8957386672491], [-96.797894808113, 37.8957019603449], [-96.7976533661175, 37.8951525965666], [-96.797426073486, 37.8947428177139], [-96.7971183214494, 37.8940521730644], [-96.7969257630767, 37.8935979870679], [-96.7968317121614, 37.8933439012605], [-96.7967431517491, 37.8929772759945], [-96.7967041792388, 37.8926160862992], [-96.7967707192485, 37.892482162464], [-96.7969467207723, 37.8922286392335], [-96.7969852099889, 37.8920581442122], [-96.7969884340425, 37.8917833538887], [-96.7970335079102, 37.8915589141383], [-96.797153662071, 37.8912953301374], [-96.7973447885292, 37.8910826408689], [-96.7974413897616, 37.8910844528994], [-96.7976019995512, 37.8911516504206], [-96.7976217876403, 37.8911599293223], [-96.7977145701344, 37.8913373930763], [-96.7977524305304, 37.8915453665309], [-96.79782130077, 37.8920242654939], [-96.7979229190932, 37.8923821254615], [-96.7982266933897, 37.8928248763568], [-96.7985668135225, 37.893335896244], [-96.7986664753151, 37.8935450294984], [-96.7987123657514, 37.8937937049496], [-96.7987156760432, 37.8940641109996], [-96.7987731143225, 37.8946644491174], [-96.7988164274922, 37.8947373528273], [-96.7988716711873, 37.8947582489805], [-96.7988916272613, 37.894765797313], [-96.7989096986699, 37.8947589607129], [-96.799050490726, 37.8947056948994], [-96.7994188745527, 37.8943881883382], [-96.7997890047043, 37.8941788497707], [-96.7998464600515, 37.8941116273653], [-96.7999178752183, 37.8940280703389], [-96.7999665405505, 37.893992936349], [-96.8002098438553, 37.8941281618171], [-96.8002348556478, 37.8941576975392], [-96.8004075765241, 37.8943616577383], [-96.8005285086259, 37.8945188910132], [-96.8005341590291, 37.8945262366251], [-96.8006284381165, 37.8948208750216], [-96.8007078554758, 37.8950656720584], [-96.8009786023125, 37.895615936065], [-96.8010660497122, 37.8959014353986], [-96.8011330307947, 37.8961820451675], [-96.8011296486376, 37.8964388092541], [-96.8012249338382, 37.896819073796], [-96.8012367233279, 37.8971392026297], [-96.8013952193817, 37.8975927429721], [-96.8014552322326, 37.8978687166843], [-96.8015953191113, 37.8980335464659], [-96.8017628171825, 37.8981132795841], [-96.8021923628053, 37.8981528618563], [-96.8023025241069, 37.8981053615677], [-96.8023066797134, 37.8979657619057], [-96.8020319326787, 37.8975731250067], [-96.801816081889, 37.8970644419205], [-96.8017364857649, 37.8968016191173], [-96.8016837088436, 37.8965212754136], [-96.8017117695182, 37.8963639046395], [-96.8017357554346, 37.8962293786922], [-96.8018213082873, 37.896005693281], [-96.8019294034637, 37.8958365000161], [-96.8019677103224, 37.8956479764011], [-96.8019358551641, 37.8953094496041], [-96.8020264610403, 37.8948921126724], [-96.8022223943835, 37.8945893917018], [-96.8024200830348, 37.8943948406587], [-96.8027993742057, 37.8943073176521], [-96.8031874697646, 37.8943776611674], [-96.8032546619513, 37.8943948321519], [-96.8038533378841, 37.8945478190522], [-96.8040556789103, 37.8946507298193], [-96.8043352472032, 37.8948812460127], [-96.804546317159, 37.8950969633336], [-96.8051538612603, 37.8955318611302], [-96.8052530720986, 37.8956373466217], [-96.8054315844136, 37.8959921308965], [-96.8055299517338, 37.8961021072165], [-96.8056741519981, 37.8961048031017], [-96.8058595750526, 37.8959640845693], [-96.8062306646049, 37.8958178244017], [-96.8063915573638, 37.8957744185553], [-96.8064649551124, 37.8957546165035], [-96.806596368757, 37.8957570727975], [-96.8068744153038, 37.8958478748062], [-96.8069505753719, 37.8958849573471], [-96.8072016005949, 37.896007181939], [-96.8073490285061, 37.8961406010164], [-96.8074641610844, 37.8964040833124], [-96.8076385402508, 37.8965154781944], [-96.8079509051363, 37.8966474722135], [-96.8081060154398, 37.8967855382386], [-96.8081705495115, 37.896957961795], [-96.8081859017197, 37.8970393513009], [-96.8083260937012, 37.8971771408392], [-96.8084358489643, 37.8971431432593], [-96.8085339216372, 37.8971675037037], [-96.8086889367192, 37.8969496154933], [-96.8087660238487, 37.8967421847109], [-96.8088086659769, 37.8966274378843], [-96.8089325014338, 37.8965261170625], [-96.808979257846, 37.896459404359], [-96.8091307470406, 37.8964081622131], [-96.8093318618664, 37.8964569721903], [-96.8093577144819, 37.8964903923499], [-96.8093743009753, 37.8965118324252], [-96.8096704836094, 37.8964227375116], [-96.8099396233601, 37.8963827020428], [-96.8099810913902, 37.8963744641347], [-96.810132931826, 37.8963592735177], [-96.8103926365713, 37.8965894044016], [-96.8106152831162, 37.8966791654591], [-96.8106765985242, 37.8966487687524], [-96.810745375339, 37.8965824658922], [-96.8107771334792, 37.8963983222369], [-96.8108356227874, 37.8961515979247], [-96.8109706970668, 37.8959108068679], [-96.8110162614146, 37.8957404380496], [-96.8109943793526, 37.8956634322891], [-96.8108979488001, 37.8956796573172], [-96.8108158086472, 37.8957412064835], [-96.8104801064288, 37.8959647381614], [-96.8100180561658, 37.8960867861087], [-96.8096718041328, 37.8960668097554], [-96.809580532605, 37.8959569694885], [-96.8093635804807, 37.895795220841], [-96.8091825816291, 37.8957152463168], [-96.8087605010063, 37.8957118741386], [-96.8085246707864, 37.8957624135532], [-96.8082576501614, 37.8958196377336], [-96.8081531859753, 37.8957951577501], [-96.80802230593, 37.8953917043617], [-96.8078730319809, 37.8951050560615], [-96.8077715663713, 37.8950313211829], [-96.8076566637616, 37.8949478219119], [-96.8073007171101, 37.89475193271], [-96.8069396976721, 37.8946550753627], [-96.8066049728208, 37.894486614831], [-96.806412123394, 37.8943583372479], [-96.8063470997404, 37.8943150850812], [-96.8062782501621, 37.8942589464774], [-96.8062339892697, 37.8942228569978], [-96.8061716255278, 37.8941450939595], [-96.8061665590296, 37.8938611388991], [-96.8062601760586, 37.8936285891999], [-96.8064774416949, 37.8933487877797], [-96.8065514673659, 37.8932014817334], [-96.8065577780308, 37.893156542385], [-96.8065148583231, 37.8930701308996], [-96.8063408393812, 37.8929947882931], [-96.8061615194808, 37.893050012654], [-96.8059152750918, 37.8932526750699], [-96.8057167249561, 37.8933571011709], [-96.8054477675634, 37.8934151552277], [-96.8050957968553, 37.8934446210538], [-96.8047707360799, 37.8934295319151], [-96.8044580702587, 37.8933560994807], [-96.8040411342876, 37.8932041181763], [-96.8039270904673, 37.8931173239339], [-96.8038590475761, 37.8930655399787], [-96.8038086799364, 37.8929429425762], [-96.8037689627228, 37.8925817420787], [-96.8036639829037, 37.8925031804824], [-96.8035663198627, 37.8924653072113], [-96.8034076504341, 37.8924713507442], [-96.8029051652035, 37.892615144148], [-96.8026924998397, 37.8926429500104], [-96.8026640070755, 37.8926466753699], [-96.8025459603624, 37.8926489722613], [-96.8021227182179, 37.8925419235766], [-96.8016282082305, 37.8922983672654], [-96.80150836848, 37.8921699625167], [-96.8014296464167, 37.891997271115], [-96.8014164393854, 37.8918719978701], [-96.8013891907879, 37.8916135263544], [-96.8013118368587, 37.8914904224859], [-96.8011239605053, 37.8913878957942], [-96.8010467880358, 37.8913457811323], [-96.8008378551721, 37.8912021901303], [-96.800605150191, 37.8909500165549], [-96.8004562634158, 37.8906994124087], [-96.8004520215711, 37.8903884363282], [-96.8004647273424, 37.8903436172002], [-96.8004991462926, 37.8902856876216], [-96.8006372218433, 37.8898016552258], [-96.8006491128427, 37.8897686467622], [-96.8007565315878, 37.8894704660932], [-96.8007383910089, 37.8891727471613], [-96.8007349244102, 37.8889789354202], [-96.8007704339151, 37.8885740848975], [-96.8009300259135, 37.8881310071306], [-96.8011213464078, 37.8879588663353], [-96.8012918403605, 37.8878178755871], [-96.801490247664, 37.8877179591516], [-96.8015810682376, 37.8877466934799], [-96.801867359522, 37.8879412947039], [-96.8020507829266, 37.8882015557651], [-96.802197353845, 37.8882673798276], [-96.8023223616033, 37.8882697201021], [-96.802404230465, 37.8882171833668], [-96.8024228588291, 37.888068842604], [-96.8024622185133, 37.8879163853052], [-96.8026995004107, 37.8876324579751], [-96.8027529295089, 37.8874847682838], [-96.802752308773, 37.8874493688533], [-96.8027481846075, 37.8872143359414], [-96.8026836298746, 37.8870193818552], [-96.8026243284894, 37.8867434213519], [-96.8026954993145, 37.8864293523118], [-96.8027799095101, 37.886052449262], [-96.8028810184886, 37.8858786169387], [-96.8030715772115, 37.885683931566], [-96.8031878039379, 37.8856230255483], [-96.8033878785146, 37.8855862164695], [-96.803552333992, 37.8856160172339], [-96.8039978768134, 37.8856967535432], [-96.8041444459351, 37.885762574882], [-96.8042782589798, 37.8859227787225], [-96.8043874060835, 37.8862672551829], [-96.8044765647738, 37.8867104852507], [-96.8045920647631, 37.8870325524138], [-96.804773614282, 37.8871170496758], [-96.8048422015523, 37.8871048156824], [-96.8050549001537, 37.8869781253862], [-96.805226526882, 37.8869182534115], [-96.8053525003292, 37.8869836879779], [-96.8055693680118, 37.8871950051787], [-96.8057572695181, 37.8872570924565], [-96.8058950198788, 37.8872371371032], [-96.8061439735867, 37.8872057439405], [-96.8061494398352, 37.8872054894204], [-96.8062130028281, 37.8872025273458], [-96.8064481422436, 37.8872294497498], [-96.8065464170374, 37.8872943672015], [-96.8066528476356, 37.8874675730007], [-96.8067181228174, 37.8876625393705], [-96.8067576271303, 37.8880552759214], [-96.8068113041635, 37.8883536572853], [-96.8069123044458, 37.888661934459], [-96.8070882089515, 37.8888409440817], [-96.8071160863697, 37.8888594874738], [-96.8074006331259, 37.8889459046103], [-96.8074694889924, 37.8889246615472], [-96.8076552417285, 37.8888199930774], [-96.8079815664336, 37.8884566149947], [-96.8081932939562, 37.8882668204587], [-96.8084948673802, 37.8881147499535], [-96.8086813603281, 37.8881047124866], [-96.8087439495472, 37.888150938137], [-96.8093329057087, 37.8886125025217], [-96.8095428204311, 37.8888191777804], [-96.8100470906141, 37.8891890438061], [-96.8102977268666, 37.8892928447061], [-96.8105746900451, 37.8893475734528], [-96.8107479579954, 37.889328275153], [-96.8112509372994, 37.8892385264007], [-96.8113969000584, 37.8892772931903], [-96.8118695908659, 37.8893942414157], [-96.8120350443716, 37.8893747963757], [-96.8120458879354, 37.8891767463513], [-96.8119319869472, 37.888967359644], [-96.8117292057466, 37.8888554421846], [-96.8112645997766, 37.8887296325865], [-96.8111741699702, 37.8886562514717], [-96.8110543221349, 37.8885590004323], [-96.8109757150559, 37.8883818100197], [-96.8108044728066, 37.8880451930728], [-96.8104459434986, 37.8876735410901], [-96.8103106994376, 37.8874412270741], [-96.810069593412, 37.8870402256083], [-96.8097607427358, 37.8867190624209], [-96.8095214522054, 37.886448759136], [-96.8090491404869, 37.8858406828321], [-96.8088932639205, 37.8855854521836], [-96.8088757099415, 37.8853147810267], [-96.8088818840625, 37.8852743446108], [-96.8089494993556, 37.8851990089153], [-96.8090527103918, 37.8851693937374], [-96.8093436019488, 37.8851613041712], [-96.8095168833739, 37.8851172312635], [-96.8096736959848, 37.8850773484602], [-96.8098317779152, 37.8849946879797], [-96.8098331954568, 37.8849919392224], [-96.8099192414846, 37.8848251014421], [-96.8100967279235, 37.8846391707811], [-96.8102196965061, 37.8845423384153], [-96.8104197234721, 37.88448298699], [-96.8106682648533, 37.884465092645], [-96.8107926303162, 37.8844946067198], [-96.8113894629061, 37.8846362397991], [-96.8120657326183, 37.8849327051431], [-96.812357814443, 37.8851003551819], [-96.812492975859, 37.8852876090679], [-96.8126330205169, 37.8854298957255], [-96.8129587604187, 37.8854449744509], [-96.8131590514894, 37.8854487058465], [-96.8135810315008, 37.8854295298884], [-96.8137980896263, 37.8854723172174], [-96.8138586944669, 37.8854842636337], [-96.8141558904006, 37.8855033133781], [-96.8142378814332, 37.8854462655153], [-96.8142584348869, 37.8854241196115], [-96.8143809579051, 37.8852461701275], [-96.8144054657427, 37.885066395982], [-96.814325833686, 37.884803581392], [-96.8141977276383, 37.8845939319737], [-96.8140857759943, 37.8845107448759], [-96.8139050223828, 37.8843992410776], [-96.8136245270286, 37.8842002715704], [-96.8132620011159, 37.8839637273334], [-96.8126203156438, 37.8836273603198], [-96.8124655341237, 37.8835028222524], [-96.8122726811036, 37.8830801944136], [-96.8122856446914, 37.883026367832], [-96.8123616430628, 37.8829556908714], [-96.8124763965521, 37.8828001288583], [-96.8125155990311, 37.882652169267], [-96.8126154854025, 37.8823746729761], [-96.8128035764533, 37.8820222231094], [-96.8130348953339, 37.8817697054154], [-96.8132753860136, 37.8816543368371], [-96.8133513457574, 37.8816178965937], [-96.813721108498, 37.881417518538], [-96.8138439333502, 37.8812530925684], [-96.8138487330488, 37.881090974828], [-96.8137579591876, 37.8810847793379], [-96.8134337033026, 37.8810922581694], [-96.8129023264559, 37.8812310517576], [-96.8124854632483, 37.8815341821654], [-96.8124564988686, 37.8815622779491], [-96.8122667064086, 37.8817463828475], [-96.8121027728524, 37.8818830048906], [-96.8119719565875, 37.8819571662962], [-96.8115054632571, 37.8821602421155], [-96.8111675718444, 37.8822440586396], [-96.8107585320646, 37.8821868699935], [-96.8106815230886, 37.8820998238243], [-96.8105868604206, 37.8818412322126], [-96.8105720346251, 37.8818069949914], [-96.8104944138964, 37.8816277378364], [-96.8103810581856, 37.8814724296852], [-96.8103533155147, 37.8814493828339], [-96.8102143389537, 37.8814152510753], [-96.8101527262033, 37.8814321251653], [-96.8099467541868, 37.8815724673299], [-96.8097014871648, 37.8818157081558], [-96.809543589389, 37.881916394797], [-96.8092891011605, 37.882015278973], [-96.8085563319085, 37.8820196280983], [-96.8085145629428, 37.8820143430673], [-96.8083508377957, 37.8819876172822], [-96.8080782296497, 37.8819431170629], [-96.8078262522125, 37.8817897239352], [-96.8076639032845, 37.8815614058499], [-96.8074755409425, 37.8812170236567], [-96.8073302609031, 37.8809514060063], [-96.8072006358043, 37.8806741344516], [-96.8071716265088, 37.8805023747017], [-96.8071506364739, 37.8800604204072], [-96.8071942173416, 37.8797413262505], [-96.8072110266172, 37.8794622839116], [-96.8072627201702, 37.8792289506172], [-96.8073817199959, 37.8788346666431], [-96.8074194770856, 37.8785920619187], [-96.8074588610243, 37.8784621307831], [-96.8077384365036, 37.8781879945222], [-96.8079338344509, 37.8781570988049], [-96.8079933074143, 37.8781476945864], [-96.8081325858093, 37.8781953523992], [-96.8083075857114, 37.8783563207541], [-96.8085874693129, 37.8785507858383], [-96.8091861290762, 37.8788503253037], [-96.8096830124126, 37.879179502421], [-96.8101265762454, 37.8796146154866], [-96.8101746531811, 37.8796617753118], [-96.8104254313674, 37.8797836014116], [-96.8107113175116, 37.8799916918755], [-96.8108584139444, 37.8800394910119], [-96.8109197580986, 37.8800316228113], [-96.8110021893057, 37.8799835967772], [-96.8110765015392, 37.8798498087901], [-96.8111630784714, 37.8795675811319], [-96.8112015649931, 37.879442117987], [-96.8112402814835, 37.8792626097462], [-96.8113413168001, 37.8790662406207], [-96.8114083508833, 37.8789142943434], [-96.8115648661519, 37.87876401544], [-96.8116678903385, 37.8787163728852], [-96.8118058895325, 37.8786874045915], [-96.8119662549804, 37.878766990617], [-96.8120139672001, 37.8788232984421], [-96.812121422776, 37.8789501119613], [-96.8122394874555, 37.8790424265354], [-96.8124826398434, 37.8790379460604], [-96.8126751479104, 37.8789919685288], [-96.8128117304612, 37.8788908801129], [-96.8128042304269, 37.8788321658234], [-96.8127309476626, 37.8787479568565], [-96.8126846583744, 37.8786947652549], [-96.8125361039758, 37.878480227958], [-96.8124291424732, 37.8782529475974], [-96.8123552533462, 37.8779406752639], [-96.8122686422781, 37.8776980037794], [-96.8121839158754, 37.8775837817581], [-96.8121140979132, 37.8775419293538], [-96.8119749928931, 37.877512303297], [-96.8116792899595, 37.8775878950275], [-96.8116231856784, 37.8775868498699], [-96.8114981087498, 37.8775394611071], [-96.8113771236474, 37.8773299413316], [-96.8111351615273, 37.87683881037], [-96.811055014736, 37.8765940059133], [-96.8110553084851, 37.8761524479402], [-96.811107189786, 37.8758402659728], [-96.8112127768661, 37.8755380963367], [-96.8113925450259, 37.8753702281143], [-96.8117174692574, 37.8752433637595], [-96.812488231856, 37.8752014029536], [-96.8130048916035, 37.8752222918876], [-96.8134742343899, 37.8753053774415], [-96.8137362783482, 37.8754544402337], [-96.8139743768143, 37.8756683907157], [-96.8141929899235, 37.8759405523538], [-96.8144764730744, 37.8763738764147], [-96.8145626224084, 37.8765602143865], [-96.8146884988376, 37.876652673061], [-96.8148109598721, 37.8765242857002], [-96.8148838419877, 37.876318377189], [-96.8150533504886, 37.8760647032894], [-96.8152029963402, 37.8759300622539], [-96.815348269193, 37.8759192473946], [-96.8154877928279, 37.8759826708629], [-96.8158861067232, 37.8762333917473], [-96.8160593890466, 37.8763087061239], [-96.8163916129881, 37.8763193911653], [-96.8166631629187, 37.876387520411], [-96.8169976551064, 37.8765379247053], [-96.8170519537737, 37.8765819871477], [-96.8172079129851, 37.876708546424], [-96.8178480955757, 37.8769502376906], [-96.8178733912358, 37.8768155351665], [-96.8178153268308, 37.8766162033983], [-96.8176403574713, 37.8763369655698], [-96.8176382203793, 37.8763335549232], [-96.8173183877988, 37.8758071952338], [-96.8171147900295, 37.8756276866435], [-96.8168097086843, 37.8755882206047], [-96.8166082884313, 37.8755033733006], [-96.8163750651223, 37.8751723694598], [-96.8162152108158, 37.8750307068353], [-96.8160658326621, 37.8747926405154], [-96.8156461981519, 37.8743500293774], [-96.8154361944963, 37.8741230872753], [-96.8149359218163, 37.8736924920626], [-96.8148738742813, 37.873556165413], [-96.814896598963, 37.8734124035741], [-96.814984013125, 37.873339685808], [-96.8151216458063, 37.8732746596173], [-96.8151770368251, 37.8732756899449], [-96.8156156356693, 37.8735091378262], [-96.8157766155648, 37.8736878559693], [-96.8159197773767, 37.8737964048613], [-96.8161006648373, 37.873806527243], [-96.8161337066701, 37.8737463141199], [-96.8161661484282, 37.8734900892341], [-96.8162078670883, 37.8733286585467], [-96.8162616159867, 37.8732891054747], [-96.8166306852279, 37.8731585438094], [-96.8174477128603, 37.8729687204836], [-96.8169651280082, 37.8727569908892], [-96.816656217145, 37.8726791548341], [-96.8164419788312, 37.8725715396125], [-96.8163773773858, 37.87240137278], [-96.8163164554399, 37.872082583692], [-96.8163926819833, 37.8719555860345], [-96.8165864979974, 37.8717924784665], [-96.8168960861904, 37.8716067396958], [-96.8173862411454, 37.8714175973829], [-96.8176682878901, 37.8713462419989], [-96.8181197012019, 37.8713140790466], [-96.8182094905095, 37.8712981202434], [-96.8182918363766, 37.8712834839507], [-96.818366886127, 37.8712443261806], [-96.8184413753287, 37.8711037785466], [-96.8183712465494, 37.8709763147246], [-96.8182318370005, 37.8708610802846], [-96.8178268001136, 37.870718382552], [-96.8170802012978, 37.8705693328689], [-96.8164592300779, 37.8704248674167], [-96.8159440983647, 37.8704368857686], [-96.8157070024185, 37.8704424169896], [-96.8152387070676, 37.870444971279], [-96.8147310457444, 37.8705053636736], [-96.8141806452749, 37.8704252794218], [-96.8138513336715, 37.8702929887808], [-96.8137497710438, 37.8700275111487], [-96.8137548986274, 37.8699983196062], [-96.813782922471, 37.8698943099718], [-96.8138219407954, 37.8697494985552], [-96.8138297058327, 37.869727355023], [-96.8138902244351, 37.86955476842], [-96.8138704336511, 37.8693552461023], [-96.8138655980199, 37.8693064940376], [-96.8137886896552, 37.8690482333586], [-96.8135292660826, 37.8688113575106], [-96.8135108506193, 37.8686893586703], [-96.8135077235837, 37.8685789102447], [-96.8137123202796, 37.8684835927827], [-96.8137989313477, 37.8683658022102], [-96.8138376550247, 37.8682336036069], [-96.8137937678315, 37.8679399119217], [-96.8137865202237, 37.8674644191522], [-96.813852337988, 37.8672809090021], [-96.8139329770561, 37.8671968010057], [-96.8140226702439, 37.8671669303825], [-96.8142231122316, 37.8671639029681], [-96.8144600545659, 37.8671998532393], [-96.8146417684765, 37.8672775801989], [-96.8148409662975, 37.8674367356863], [-96.8149187154853, 37.8674964540088], [-96.8149972731569, 37.8675567935059], [-96.8152627325099, 37.8676135488687], [-96.8154228338531, 37.867605263065], [-96.8154502836732, 37.8675900041069], [-96.8155780744123, 37.8674729772889], [-96.8157359326622, 37.8671560057349], [-96.8159092769694, 37.866915918379], [-96.8160341167427, 37.8669227462174], [-96.8162517120607, 37.8670124023159], [-96.8164439910574, 37.8671894491218], [-96.8166109537327, 37.8674538874232], [-96.8166126515486, 37.8679495528827], [-96.8167397595681, 37.8680880046025], [-96.8170187655155, 37.8683919095944], [-96.8172055234665, 37.86853956524], [-96.8175495054567, 37.8688005338057], [-96.8177821987597, 37.8689084906706], [-96.8180070560585, 37.8689689914056], [-96.8180490181621, 37.8689675178021], [-96.8182351517839, 37.8689439415615], [-96.8182083613272, 37.8687925013009], [-96.8180780238642, 37.8684904467145], [-96.8180294214141, 37.8683318416769], [-96.8180124854761, 37.8683088346814], [-96.8179638452967, 37.8682427608878], [-96.8179682874658, 37.8678035320782], [-96.8180473832282, 37.8674828395688], [-96.8181239286736, 37.867272491257], [-96.8182123085245, 37.8671907766733], [-96.8185455709185, 37.8669964610193], [-96.8188541808462, 37.8668670207398], [-96.8189810103879, 37.8667342031818], [-96.8189790754167, 37.8666553168697], [-96.8186236677544, 37.8663243009329], [-96.8184677318991, 37.8661434267735], [-96.8184712757529, 37.8659993072303], [-96.8185784645293, 37.8658098051542], [-96.8187212050313, 37.8657155826243], [-96.8189480691664, 37.8656837505272], [-96.8192564401422, 37.8656746730653], [-96.8193704453349, 37.8656713172408], [-96.8196818741759, 37.8656388014778], [-96.8197563804456, 37.8655455630684], [-96.8197606977488, 37.8653992063133], [-96.819681073777, 37.8652805782323], [-96.8194704889114, 37.8651460011714], [-96.8190602229313, 37.8650370033872], [-96.8187874198509, 37.8648922583071], [-96.8187234642942, 37.864796448866], [-96.8187124464573, 37.864543921764], [-96.8188034709484, 37.8642279545901], [-96.8187584608611, 37.8640198543474], [-96.8186598923182, 37.8639414261053], [-96.8183090454025, 37.8640340346538], [-96.8181257154227, 37.8640041343808], [-96.8176698868913, 37.8639297903677], [-96.8174971902695, 37.8639558681191], [-96.8172158837366, 37.864099331401], [-96.8170152288482, 37.8641338995345], [-96.8168067828714, 37.8640714502246], [-96.8167366648719, 37.8640160771871], [-96.8166231869903, 37.8638652771298], [-96.8166232076515, 37.863840496463], [-96.8166617004614, 37.8636677393393], [-96.8168374522535, 37.8633939026251], [-96.8169169495629, 37.8632038853524], [-96.8169205374341, 37.8631939466154], [-96.8169904551093, 37.8630002409742], [-96.8171032098472, 37.8628082872678], [-96.8171999045044, 37.8626436722458], [-96.8174449469475, 37.8624049155564], [-96.8177269119456, 37.8622389365321], [-96.8179318814423, 37.8620580090835], [-96.8180879197054, 37.8618018258195], [-96.8183302151005, 37.8612949232795], [-96.8184390864214, 37.8611685318516], [-96.8186529528326, 37.861071124659], [-96.8186947110186, 37.861076406228], [-96.8189723533235, 37.8611288736702], [-96.8191957077408, 37.8612636885631], [-96.8193495927422, 37.8614174889702], [-96.8195962189153, 37.8618230809608], [-96.819769562324, 37.8622566001098], [-96.8199134122454, 37.8626062148161], [-96.8199535786167, 37.8629786861796], [-96.8200093639959, 37.8630382974794], [-96.8200789277348, 37.8630643698726], [-96.8204509838744, 37.8629991828441], [-96.8207006068272, 37.8629902986638], [-96.8209774352584, 37.8630224702138], [-96.8211440781335, 37.862994630473], [-96.8211716294633, 37.8629900277484], [-96.8213298084118, 37.862950157077], [-96.8215341005788, 37.8627196466006], [-96.8216017212618, 37.8625947405666], [-96.8219309978308, 37.8623417669199], [-96.822082075597, 37.8623017625665], [-96.8224285531072, 37.8623329698931], [-96.8225429122361, 37.8621165601483], [-96.8225400681699, 37.8618754500001], [-96.8221417336133, 37.8615549118332], [-96.8220775507829, 37.8614185492508], [-96.8221229103149, 37.8612774580527], [-96.8222370781027, 37.8611296779263], [-96.8222927835317, 37.8610575721525], [-96.8224239429531, 37.8608977972115], [-96.822428048254, 37.8606861031436], [-96.8224206560175, 37.8606476666975], [-96.8223446369849, 37.8606237282177], [-96.822109137345, 37.8606599121776], [-96.8218103729528, 37.8606250842565], [-96.821511242048, 37.860482109961], [-96.8213506124955, 37.8603642328388], [-96.8212784562186, 37.8601128246087], [-96.8212321274044, 37.8598528834513], [-96.8212980188305, 37.8595454601874], [-96.8214590912525, 37.8591902407392], [-96.8215466877725, 37.858941794553], [-96.8215437206371, 37.8587772801184], [-96.821368085626, 37.8585419734401], [-96.8212960910459, 37.8583333727264], [-96.8212332718581, 37.8582713795126], [-96.8210531075413, 37.8577318504577], [-96.8209722699456, 37.8573653833883], [-96.8209302162139, 37.8572497063641], [-96.8209697834089, 37.8570882322943], [-96.8210296085118, 37.8569383982604], [-96.8211607311023, 37.8569002790275], [-96.8212861772384, 37.8569341476601], [-96.8215510158556, 37.8570832454914], [-96.8217797619612, 37.8570829816469], [-96.822019250121, 37.8568869172547], [-96.8221677793667, 37.8565472327852], [-96.8222999610709, 37.8560630609444], [-96.8223381250974, 37.8558767796526], [-96.8224747938864, 37.8556743009339], [-96.8226469119931, 37.8556189173319], [-96.8229835637307, 37.8559585840918], [-96.8234271608012, 37.856478212088], [-96.8236246365518, 37.8567679875114], [-96.8241590640772, 37.8573636407445], [-96.82429878085, 37.8575644828277], [-96.8243634748218, 37.8577076138537], [-96.8243731308128, 37.8579105522564], [-96.8243275691599, 37.858155273396], [-96.8243423266834, 37.858184834184], [-96.8244255582894, 37.8582291799539], [-96.8245293020266, 37.8582040675913], [-96.8246043526754, 37.8581401245426], [-96.8247822199999, 37.8579136240244], [-96.8249392769526, 37.8577182796059], [-96.8250627117609, 37.8576034152319], [-96.8252346511029, 37.857530000979], [-96.8253451636457, 37.8575162783094], [-96.825693231174, 37.8576376190187], [-96.8261740616163, 37.8578582917525], [-96.8263556264066, 37.8580373783675], [-96.8264632014585, 37.8582443819826], [-96.8265976424256, 37.858431606263], [-96.8267368318873, 37.8584814925142], [-96.8269094647287, 37.8584328708495], [-96.8268371413652, 37.8582107494225], [-96.8267654072965, 37.8580652370028], [-96.8267539879126, 37.857704564064], [-96.8268536227557, 37.857384245359], [-96.8268524253014, 37.8572558088182], [-96.8267315587766, 37.8570418013235], [-96.8264711335824, 37.8566697602688], [-96.8264616967804, 37.856647351088], [-96.8263994210733, 37.8564994666368], [-96.8262027762644, 37.8562052047479], [-96.8261527724424, 37.856093887198], [-96.8261621544472, 37.8557989328594], [-96.8262782545112, 37.8556433794623], [-96.8265604512745, 37.8555404638369], [-96.826810523385, 37.8555878965387], [-96.8271089230611, 37.8556587515406], [-96.8272819754158, 37.8556439305677], [-96.8273931464238, 37.8556076881127], [-96.8275083050533, 37.8554115637638], [-96.8276132058206, 37.8549358922791], [-96.827624982734, 37.8548696532909], [-96.8276455424759, 37.8547540063958], [-96.827670305435, 37.8545156582311], [-96.8275884195053, 37.8540387836862], [-96.8275508483668, 37.8538668703408], [-96.8274787558703, 37.8536853052572], [-96.8272903288496, 37.8535466470281], [-96.8272855992196, 37.8535455306002], [-96.826803571323, 37.8534317548749], [-96.8266361433204, 37.8533520577854], [-96.8263542825269, 37.8530089084176], [-96.8262014341813, 37.8529407454969], [-96.8259658635745, 37.8529318799646], [-96.8258260408005, 37.8528797272911], [-96.8255521866912, 37.8526268394638], [-96.8253923323847, 37.8524346374391], [-96.8252770327197, 37.8521283621054], [-96.8253019430025, 37.8519576047342], [-96.8253963496507, 37.8517182942145], [-96.8255321237177, 37.8515698636351], [-96.8256074142165, 37.8515216942091], [-96.8257469576145, 37.8515107601493], [-96.8260872744784, 37.8516049228146], [-96.8261770700742, 37.8516096255539], [-96.8264199017635, 37.8516223435186], [-96.8264896263009, 37.8515943462605], [-96.8267602356954, 37.8511600401894], [-96.8268044849096, 37.8508386964531], [-96.8268285741323, 37.850550773171], [-96.8268799577666, 37.8501799974242], [-96.8268658344537, 37.8497178935942], [-96.8267891309048, 37.8491374810881], [-96.8266655990785, 37.8487003877345], [-96.8265436276259, 37.8484277835812], [-96.8263947947496, 37.8481749585118], [-96.8263241772868, 37.8480159494065], [-96.8260426677346, 37.8476615412268], [-96.8257271156265, 37.8473538124631], [-96.8254528060713, 37.8470445941862], [-96.8249257465278, 37.8465144181796], [-96.8247149173205, 37.8462446724836], [-96.82379394383, 37.8452949149088], [-96.8232612105272, 37.8447894077052], [-96.8225463554786, 37.844221946631], [-96.8218323717958, 37.8436252096818], [-96.8214907721377, 37.8433751652764], [-96.8213429121368, 37.8432669340746], [-96.8209721235201, 37.8430032255103], [-96.8207266750384, 37.8428004170372], [-96.8206568121605, 37.8426887302242], [-96.8202659129595, 37.842480969275], [-96.8198938640065, 37.8421879475137], [-96.8195300669777, 37.8418319967425], [-96.8190534280745, 37.8414491668478], [-96.8186254167742, 37.8410311941593], [-96.8184008711908, 37.8407701946656], [-96.8182806379783, 37.8406327869727], [-96.8180068970567, 37.840402413861], [-96.8172596083348, 37.8399019050719], [-96.8167421158491, 37.8395566066816], [-96.8166167864939, 37.8394957015501], [-96.8162176380637, 37.8391593599642], [-96.8154756053845, 37.838505741891], [-96.8143813666386, 37.8375143897795], [-96.8138366426233, 37.8371302739421], [-96.813135595579, 37.8365810359287], [-96.8125406054337, 37.836072069969], [-96.8118686117023, 37.8355256186666], [-96.81157375049, 37.8352903307203], [-96.8112105104167, 37.8350379991013], [-96.8108324149035, 37.8347358246405], [-96.8105867104019, 37.8345194729428], [-96.8100704405233, 37.8341831803245], [-96.8098460763996, 37.8339897546162], [-96.8095169597307, 37.8337605817788], [-96.8093570254741, 37.8336697365819], [-96.808635658538, 37.8335211079113], [-96.8080586885974, 37.8333165947173], [-96.8077315473237, 37.8331888335463], [-96.8070112862137, 37.8331708841749], [-96.806670613617, 37.8330924309183], [-96.8059997697291, 37.8330844087121], [-96.8057017419555, 37.8330765887098], [-96.8053492825639, 37.8331083036314], [-96.8051146821375, 37.8331647485099], [-96.8048280872225, 37.8332637030738], [-96.8047494801436, 37.8332908438441], [-96.8045234963575, 37.8334398170797], [-96.804427578743, 37.8335371515183], [-96.8042776508204, 37.8342102143346], [-96.8042528070129, 37.8344012456874], [-96.8041996914268, 37.8345399321133], [-96.8038419274834, 37.8347022090263], [-96.8033438502859, 37.8347109199565], [-96.8031284845865, 37.834693373937], [-96.8029475063961, 37.8346178971304], [-96.802815367811, 37.834547839226], [-96.802502975976, 37.8344496270787], [-96.8021782143396, 37.8344570687841], [-96.8018668052615, 37.8344692646941], [-96.80159728732, 37.8345295546029], [-96.8012447515716, 37.834563507297], [-96.8009608480092, 37.8345581933211], [-96.8006547398897, 37.8344398185564], [-96.8001171431079, 37.8340580251587], [-96.7998644838494, 37.8338617987937], [-96.7994708672447, 37.8338206317519], [-96.7992361545289, 37.8338567862975], [-96.7988862041319, 37.8340665062931], [-96.7984346354116, 37.8344455404902], [-96.7982014309673, 37.8345740884221], [-96.7978973988543, 37.8346247123521], [-96.7977235748468, 37.8346191997275], [-96.7974319745191, 37.834514605934], [-96.796985854081, 37.8342809515308], [-96.7967204387455, 37.8341317898529], [-96.7965052661838, 37.8340601656626], [-96.7964471586596, 37.8340509785939], [-96.7961172218288, 37.8339988175333], [-96.7954374989927, 37.8339072113552], [-96.7950635294416, 37.8338979391295], [-96.7946894134651, 37.8338458588419], [-96.7943277957491, 37.833755711882], [-96.7941187649691, 37.833621120549], [-96.7939584866577, 37.8335662943565], [-96.7937596059421, 37.8336391570775], [-96.7936774280599, 37.8337277291252], [-96.7935577194634, 37.8340746773834], [-96.7934351623092, 37.8342075474013], [-96.7932632193739, 37.8343056974368], [-96.7930559807328, 37.8343491146725], [-96.7927356235362, 37.8343994173635], [-96.7932654238396, 37.8346842231304], [-96.793522652828, 37.8348219746477], [-96.7939777429442, 37.8351594434938], [-96.7944682778865, 37.8355944496849], [-96.7946659225204, 37.8358730125263], [-96.7947522299579, 37.8361224495259], [-96.7947634840518, 37.8364358114275], [-96.7946958849284, 37.8365832324064], [-96.7944776895358, 37.8367796423761], [-96.794333758766, 37.8368670549527], [-96.794050366345, 37.8369158029333], [-96.793745735954, 37.83691458693], [-96.7935304915271, 37.8368452094449], [-96.7932514173077, 37.8366777603477], [-96.7929780788314, 37.8364608538735], [-96.7926854157967, 37.8362728714359], [-96.7925391269493, 37.8362250637746], [-96.7924158071254, 37.8362880801201], [-96.7922179307262, 37.8365411899944], [-96.7920541409004, 37.8367228476641], [-96.7920796755124, 37.8370094443422], [-96.7921891549927, 37.8374102612325], [-96.7922279163989, 37.8377534278549], [-96.7923594863503, 37.8382470292108], [-96.792260540515, 37.8385402964866], [-96.7920763346778, 37.838739592906], [-96.7917751160883, 37.8389569658721], [-96.7915544539219, 37.8390451853316], [-96.7907872450586, 37.8391231264326], [-96.790657090852, 37.8391769992758], [-96.7905896830697, 37.8393176631282], [-96.7905831720805, 37.8393518193532], [-96.7905635780276, 37.8394545979537], [-96.7904549321838, 37.8395967397241], [-96.7902765186836, 37.839697015126], [-96.7901246270438, 37.8397414677887], [-96.7899648104665, 37.8396708748762], [-96.7898241450728, 37.8395060208981], [-96.7896808503103, 37.8391676461278], [-96.7894877556433, 37.8387134345812], [-96.7894297181877, 37.838452389995], [-96.789428907009, 37.8384487406425], [-96.7892060870893, 37.8378723159063], [-96.7890181182094, 37.8372942939508], [-96.7889464416329, 37.8371262321975], [-96.7888366684035, 37.8366645786592], [-96.7887572124166, 37.8359489194021], [-96.7886660432967, 37.8358390654012], [-96.7885376848224, 37.8357319405479], [-96.7884699572399, 37.8356754188829], [-96.7882472532029, 37.8355946284704], [-96.7880342015635, 37.8356897429872], [-96.7878637776794, 37.8358555001281], [-96.787812188331, 37.8360012089155], [-96.7877900888766, 37.8360636295045], [-96.7877742030692, 37.8369036549611], [-96.7877590386089, 37.8372683351783], [-96.7877037077773, 37.8378124898685], [-96.7876797326406, 37.8385667521272], [-96.7876480526538, 37.8387711684721], [-96.787553299256, 37.8389473608472], [-96.7873760751252, 37.8391265047487], [-96.7873458818501, 37.8391441994038], [-96.7871563229521, 37.8392552857303], [-96.786853011288, 37.8393284216385], [-96.7866169807438, 37.8392654000865], [-96.7865131947857, 37.8391721176761], [-96.7863507165003, 37.839026082428], [-96.786145893429, 37.8387270954823], [-96.7859179072981, 37.8382767292274], [-96.7857624700078, 37.8379651537205], [-96.7856697800402, 37.837834992745], [-96.7853415347371, 37.8375787345275], [-96.7852098884288, 37.8375875174815], [-96.7849089249609, 37.8377958654464], [-96.7848210625395, 37.8379789445883], [-96.7848655920282, 37.8381757850198], [-96.7849941220807, 37.8384845999219], [-96.785114667907, 37.8386806203144], [-96.7851199158649, 37.8387811310754], [-96.7851336259528, 37.8390436912658], [-96.7850285751668, 37.8394449752578], [-96.7848816116846, 37.8398229410929], [-96.7848220381099, 37.8400335869511], [-96.7847005095267, 37.8402498245766], [-96.784413701711, 37.8405305307273], [-96.7842982520273, 37.8406860535804], [-96.7840456772105, 37.8409381168748], [-96.7839084847036, 37.8409895976663], [-96.7837412687034, 37.8409053390685], [-96.7834452567493, 37.8405685810972], [-96.783263230225, 37.840362386251], [-96.7830787647746, 37.8400480081095], [-96.7830491922355, 37.8399733767396], [-96.7829645385964, 37.8397597376408], [-96.7829487489086, 37.8396467955032], [-96.7828291570931, 37.8395138714337], [-96.7826405369346, 37.8398595062916], [-96.7826222041163, 37.8399342959784], [-96.7825685243882, 37.8401532743934], [-96.782549772955, 37.8403286447956], [-96.782489614577, 37.8404401521523], [-96.7822515376705, 37.8407060023886], [-96.7819077263601, 37.8408504530234], [-96.7817007679934, 37.8409073715426], [-96.7816591598261, 37.8408975752296], [-96.7814228247529, 37.8408683302941], [-96.7812006525185, 37.8407695122071], [-96.7811011380497, 37.8406746809128], [-96.7810245818245, 37.8406017265317], [-96.7808421555499, 37.8403617293278], [-96.7807020516033, 37.8402734717153], [-96.7805714832733, 37.8403408439915], [-96.7805310240512, 37.8403873904742], [-96.7804606949476, 37.8407667965611], [-96.7804070224061, 37.8408987024903], [-96.7803386112056, 37.8409537310918], [-96.7801799193191, 37.8410115604189], [-96.7797236793593, 37.8410209601544], [-96.77945256601, 37.840943743243], [-96.7790270511279, 37.8406631003842], [-96.7784017482316, 37.8404372527546], [-96.7780256568598, 37.8402611717705], [-96.7778778498596, 37.8400984225504], [-96.7777359286211, 37.8398344032794], [-96.7775312079578, 37.8395331508587], [-96.7774400514143, 37.8394705991234], [-96.7772122745909, 37.8394640354873], [-96.7771519383465, 37.8396048250705], [-96.7770976549505, 37.8396623731033], [-96.7769108772366, 37.8396858721601], [-96.7767716230962, 37.8396404326507], [-96.7766243263391, 37.839531758251], [-96.7765124878829, 37.8394012275894], [-96.776311110749, 37.8393433466302], [-96.7761660750514, 37.8393721416824], [-96.7760430417901, 37.8394486628703], [-96.7759952118911, 37.8395040784827], [-96.7759762807948, 37.8396141114769], [-96.7759985823701, 37.8397699817527], [-96.776190483176, 37.8401430870885], [-96.7763734708977, 37.8403402977377], [-96.7765481779491, 37.840505811739], [-96.7771563338032, 37.840947621613], [-96.7772675694899, 37.8410037951724], [-96.7773738671374, 37.841224335375], [-96.7773271520477, 37.8413608771943], [-96.7772321704778, 37.8414491952242], [-96.7770673889119, 37.8415677318368], [-96.7767924846721, 37.8416639077293], [-96.7763944384747, 37.8419109479295], [-96.7763097866323, 37.8422698047395], [-96.7758792834054, 37.8426040897828], [-96.7757700329955, 37.8427416995283], [-96.7758206279089, 37.8428778306356], [-96.7760500666156, 37.8429475089056], [-96.7764001858959, 37.8428302287238], [-96.7765856556627, 37.8427323610203], [-96.7767571350673, 37.8425801582129], [-96.7769879365183, 37.8422736298347], [-96.7771790180607, 37.8421308086489], [-96.7776272890656, 37.8420086251838], [-96.7779324431744, 37.8420166506759], [-96.7781055036138, 37.8420717415802], [-96.778337442332, 37.8422473464895], [-96.7784352634766, 37.842348324142], [-96.7785552209063, 37.8425398331277], [-96.7787365305751, 37.8426514009873], [-96.7789582662282, 37.8426465827541], [-96.7792176906991, 37.8424509822254], [-96.7794179620069, 37.8423804231198], [-96.7795762532448, 37.8423834160821], [-96.7797784505405, 37.8424615813729], [-96.7798624627825, 37.8425142777214], [-96.7798969589877, 37.8425359136962], [-96.77999647166, 37.8427225308986], [-96.7800293311347, 37.8430948757256], [-96.7801289453166, 37.8432544594091], [-96.7801846848817, 37.8433140880784], [-96.7803860081166, 37.8433742139827], [-96.780750556137, 37.8432256538129], [-96.7810477367993, 37.8432154988551], [-96.7814919267578, 37.8433004876157], [-96.781950518507, 37.8434736081518], [-96.7822311171675, 37.8437560102386], [-96.7822401137951, 37.843882341429], [-96.7821379699574, 37.8440200906665], [-96.7819399318614, 37.8442055925097], [-96.7815970853416, 37.8443883592205], [-96.7812615744645, 37.8446816538626], [-96.7810235451687, 37.8449452493095], [-96.7808873596733, 37.845104883611], [-96.7802915655358, 37.8455036489906], [-96.7800977881493, 37.8456149910432], [-96.7794944023494, 37.8459616847684], [-96.7791450502303, 37.8461240443776], [-96.7785513024551, 37.8462412299415], [-96.7783500403055, 37.8462734690976], [-96.7780805645849, 37.8462593605671], [-96.7778923854992, 37.8461634325605], [-96.7777378096933, 37.8459892904671], [-96.7777019794899, 37.8459052560662], [-96.7775623768032, 37.8457764533555], [-96.7773616563378, 37.8458379888939], [-96.777426080815, 37.8459631162698], [-96.7774171821038, 37.8462828553939], [-96.7772933942576, 37.8463368343773], [-96.7771335094084, 37.8462684758883], [-96.7769853583535, 37.8460696722499], [-96.7765961237308, 37.8459519139546], [-96.7765055340243, 37.8458938764004], [-96.7763858784284, 37.8457631980999], [-96.7762332950858, 37.8457355277641], [-96.7759152474578, 37.8457069778004], [-96.7755408790547, 37.845118646897], [-96.7754215621237, 37.8450240191106], [-96.7750816836377, 37.8449657651759], [-96.7748691961403, 37.8450879004701], [-96.7747812699387, 37.8452011315033], [-96.7747479666961, 37.8453401785571], [-96.774716653222, 37.8455310796463], [-96.774682542394, 37.845602524578], [-96.7741688551718, 37.8459622621926], [-96.7741906195545, 37.8460415253353], [-96.7743875033153, 37.8462727966211], [-96.7744798052108, 37.8464863147058], [-96.7744710628064, 37.8468240806097], [-96.7744259539044, 37.8470485126687], [-96.7742826519554, 37.8472080040931], [-96.7740626213046, 37.847273672551], [-96.7735361393779, 37.8472321533517], [-96.7731694138412, 37.8471688796387], [-96.7730227144637, 37.8470872477508], [-96.7727556947371, 37.8468028296558], [-96.7726313373591, 37.8467576655061], [-96.7724162869683, 37.8467272403928], [-96.7722635661834, 37.8467056340219], [-96.7721246399281, 37.8466489299481], [-96.7719920099646, 37.8465247592451], [-96.7719419908713, 37.8464404537689], [-96.7719218254898, 37.8463582110228], [-96.7718831637966, 37.8462005337326], [-96.7718536307833, 37.8461554770374], [-96.7717351313192, 37.8459746910007], [-96.7717227740942, 37.8459684911389], [-96.7715777761259, 37.8458957441639], [-96.7712544499972, 37.8457335266352], [-96.7711763450765, 37.8456148945689], [-96.7711334352503, 37.8454361040877], [-96.7709560063036, 37.8451488747586], [-96.7708985240069, 37.8450058527126], [-96.7707908267842, 37.8447379714193], [-96.7706855145884, 37.8446030525282], [-96.7704211628582, 37.8444898971898], [-96.7702575742551, 37.8446625155311], [-96.7701700747531, 37.8448320725055], [-96.7701060428397, 37.8451890636361], [-96.7699991603889, 37.8454596310985], [-96.7699982980062, 37.845865131422], [-96.7698991482533, 37.8461854100878], [-96.7697640425329, 37.8464261544519], [-96.7695667706999, 37.8466792352119], [-96.7691567284003, 37.8470161369457], [-96.7690161249903, 37.8470919905022], [-96.7689711697002, 37.8471162433646], [-96.7688261843083, 37.8471427767956], [-96.7687844378004, 37.8471374793318], [-96.7684936729059, 37.8470756327613], [-96.7682145133465, 37.8469351574972], [-96.7682136033531, 37.8469339749989], [-96.768144115971, 37.8468437042905], [-96.7680304449515, 37.8465621886693], [-96.768051541886, 37.8460984980162], [-96.7679797700881, 37.8459349281713], [-96.7679485410555, 37.8456752555267], [-96.7678328569115, 37.8453193556366], [-96.7678363819007, 37.845037815043], [-96.7676739323614, 37.8447959226297], [-96.7675581386229, 37.8449379058467], [-96.7675045451331, 37.8450427721575], [-96.7668220716555, 37.8456989002165], [-96.7666387560488, 37.8459364717531], [-96.7664621571454, 37.8462102165523], [-96.7664529251592, 37.8462480674982], [-96.7664167616808, 37.8463963413814], [-96.7663984082012, 37.8465807270983], [-96.7662844191782, 37.8468038461663], [-96.7661243986834, 37.8467872854849], [-96.7660135034582, 37.8467198439054], [-96.7659165303233, 37.8466073472639], [-96.765900964316, 37.846589289788], [-96.7657172309926, 37.8462996800716], [-96.7656085186736, 37.8459484181963], [-96.7655859952145, 37.8458240810311], [-96.7653804723556, 37.8454799886321], [-96.765320343622, 37.8450958568178], [-96.7652211669197, 37.8449227521491], [-96.7651029728828, 37.844861928771], [-96.7649859763002, 37.8449025065433], [-96.7648760000516, 37.8449927824656], [-96.7645978034862, 37.8453614639825], [-96.7645176225589, 37.8455469255643], [-96.7644653486942, 37.8457959992846], [-96.7643565770863, 37.8459403654667], [-96.7642127684874, 37.8459984554773], [-96.7639847033048, 37.8460008715781], [-96.7636654851719, 37.8459407265343], [-96.7634916890122, 37.8458630728379], [-96.7632332760443, 37.8456711638852], [-96.763133899916, 37.8455048123588], [-96.7630765011626, 37.8453595359088], [-96.7629147675806, 37.8451649612366], [-96.76272981704, 37.845244794863], [-96.7626062447895, 37.8453618434966], [-96.7626091777889, 37.8455466340131], [-96.7627452581814, 37.8458849029063], [-96.7628184744703, 37.8461881822833], [-96.7628429841045, 37.8464815208414], [-96.7628734657387, 37.8466713428775], [-96.7629466937058, 37.8469273112983], [-96.7629641048526, 37.8472205149763], [-96.7630084133557, 37.8473127082806], [-96.7630569870597, 37.8474137790163], [-96.7633106668044, 37.8477858263488], [-96.7633054341178, 37.8479118881772], [-96.7632029875479, 37.8480113152446], [-96.7630474209003, 37.8480909478821], [-96.7628804995474, 37.8481763913889], [-96.7625978248803, 37.848222822978], [-96.762562903772, 37.84822666337], [-96.7623552537025, 37.8482114429605], [-96.762216566399, 37.8481705016962], [-96.7620626266004, 37.8480233854872], [-96.7618541806235, 37.8479405628417], [-96.7616145226821, 37.8480441338722], [-96.761422948863, 37.8482252177256], [-96.761327354642, 37.8483563158504], [-96.7612453375583, 37.8483907970246], [-96.7609610998226, 37.8483245521558], [-96.7608377746088, 37.8482570609095], [-96.7606753313576, 37.8481681615663], [-96.7605213825758, 37.8480683537915], [-96.7602846109214, 37.8479827363695], [-96.7601311121956, 37.8478446370223], [-96.7600734107099, 37.8477142572682], [-96.7599310133644, 37.8473925005675], [-96.7598614936428, 37.8472528558513], [-96.7598540169647, 37.8472378374067], [-96.7598365941398, 37.8472113841669], [-96.7597833959087, 37.8471306056804], [-96.759697825988, 37.846930721178], [-96.7596868036594, 37.8466849483933], [-96.7597880626566, 37.8464841220697], [-96.7597928776265, 37.8463017315499], [-96.759707199908, 37.8461288794083], [-96.7595105263529, 37.8459156121139], [-96.7593290612756, 37.8458333006832], [-96.7591578549589, 37.845951688376], [-96.7587933159217, 37.8466138343628], [-96.7586973309335, 37.8467103916944], [-96.7586573280556, 37.8467506336323], [-96.7586306777361, 37.8467774424259], [-96.7582975114618, 37.8466854761568], [-96.7582873227699, 37.8466812150344], [-96.7581789769634, 37.8466359039726], [-96.7581727345706, 37.8466299786888], [-96.7579269797633, 37.8463967953733], [-96.7578834060822, 37.846287826612], [-96.757844924052, 37.8459874603024], [-96.7576460056071, 37.8456141937116], [-96.757546450714, 37.8454072823187], [-96.7574604235508, 37.8451758472906], [-96.7572749412076, 37.8447577793841], [-96.7572093650902, 37.8445312398787], [-96.7571118906953, 37.8439278634514], [-96.7570765500737, 37.8438753731258], [-96.7569158854869, 37.8437866962135], [-96.7567309448277, 37.8439363590576], [-96.7565893586609, 37.8441319074088], [-96.7564731094766, 37.8442648586247], [-96.7564418040872, 37.8445008117186], [-96.7564787401168, 37.8446411937257], [-96.756790839101, 37.8452869685138], [-96.756842068225, 37.8454479009345], [-96.7570675031405, 37.8462114217618], [-96.7570857092964, 37.8463593218846], [-96.7570902978909, 37.8463965910769], [-96.7570446320334, 37.8466142479198], [-96.7569699865248, 37.8467570058024], [-96.7566801756412, 37.8467109187483], [-96.7562024443865, 37.8467017935507], [-96.755861923605, 37.8465713798548], [-96.7554084028456, 37.8463295187182], [-96.7553887333342, 37.8463190293684], [-96.7553420802282, 37.8462740167261], [-96.7551147831051, 37.8460547138604], [-96.754984390845, 37.8459632964489], [-96.7548109297569, 37.845841684699], [-96.7547580135968, 37.8458045854746], [-96.7547282784626, 37.8457723063888], [-96.7545826768264, 37.8456142462049], [-96.7541436378077, 37.8453602899715], [-96.7540596102943, 37.8452505457523], [-96.7540154598947, 37.8450672200627], [-96.7539507928724, 37.8448812486512], [-96.7538741036966, 37.8448572539763], [-96.7537916787777, 37.8449052397713], [-96.7537443851729, 37.8450124733149], [-96.7535381589331, 37.8451144133497], [-96.753345587984, 37.8451174884884], [-96.7530739167808, 37.8450356947202], [-96.7527830557666, 37.8449310043246], [-96.7523590437659, 37.8448372828815], [-96.7522254588933, 37.8447913620407], [-96.7521260863582, 37.8447572019504], [-96.7518107812868, 37.8446488131666], [-96.7516709459364, 37.8445911285673], [-96.7513583474889, 37.8444621767194], [-96.7511427581089, 37.8443814526813], [-96.7510582293356, 37.8442649380756], [-96.751083494453, 37.8441347548762], [-96.7511584049645, 37.8440303043925], [-96.7511605528364, 37.8440285373145], [-96.7513295942133, 37.8438893991142], [-96.7514243287465, 37.8437402710533], [-96.7514506269264, 37.8436461543862], [-96.7511650839387, 37.8435302969326], [-96.7510749972887, 37.843456480629], [-96.7510441724981, 37.8431855468644], [-96.751103202592, 37.8429726548408], [-96.75119686813, 37.8426950935232], [-96.7511745315205, 37.8425887816661], [-96.7509610163505, 37.8425801872983], [-96.7508904204473, 37.8425427906135], [-96.7508068097522, 37.8424195345079], [-96.7506809620691, 37.8423540440435], [-96.7505511492223, 37.8424889833653], [-96.7505355733336, 37.8429077167775], [-96.7504579211638, 37.8432892167943], [-96.7504205234003, 37.8434984148192], [-96.7503997238082, 37.8436147674764], [-96.7503121802888, 37.8438090894406], [-96.7494478240173, 37.8439119604346], [-96.7493360403583, 37.8439173134622], [-96.7493354169275, 37.8427210752148], [-96.7493344458487, 37.8408502948237], [-96.7493336562296, 37.8393259932587], [-96.7503123464771, 37.8393146324418], [-96.7522529895618, 37.8393230611834], [-96.7638946642655, 37.8393729553983], [-96.7673605981936, 37.8393875859677], [-96.7673315179313, 37.8322319114822], [-96.7713082752524, 37.8321998393059], [-96.7901506512375, 37.8320461177194], [-96.790107495273, 37.8284023955179], [-96.7944783875267, 37.8285363563713], [-96.7944505325664, 37.831162695202], [-96.7973105528354, 37.8311831269229], [-96.7991036736858, 37.8311959009141], [-96.7992264931481, 37.8321759526064], [-96.8222429333217, 37.8319222920815], [-96.8222636152345, 37.832377759393], [-96.827990928533, 37.8368623158005], [-96.8310987355983, 37.839295406167], [-96.8314934050285, 37.8387935383917], [-96.8319534789979, 37.8379256561613], [-96.8324548619956, 37.8371261193947], [-96.832813486525, 37.8364478566053], [-96.8331729015719, 37.8359363214713], [-96.8335892428583, 37.8353965459674], [-96.8357594926347, 37.8325077859697], [-96.8364644581303, 37.832878984029], [-96.834006103371, 37.8365126591741], [-96.8337162853008, 37.8370727913317], [-96.8335153824773, 37.8375309298408], [-96.8333517471618, 37.8379289266967], [-96.8331845482296, 37.8384485143316], [-96.8331037941771, 37.8389021103016], [-96.8329167855962, 37.8395159528967], [-96.8328107466634, 37.8402506929084], [-96.8326736538696, 37.8409060080469], [-96.8326409812444, 37.8414393408116], [-96.8324461106081, 37.8423211327896], [-96.8323948823824, 37.8429059390316], [-96.8315800978433, 37.849379229452], [-96.8314893787794, 37.8536355178983], [-96.8306736222631, 37.8536452344971], [-96.8296429249505, 37.8612664793406], [-96.8294451482643, 37.8627287081149], [-96.829185215347, 37.8639111733255], [-96.8284046907562, 37.8659581325976], [-96.8277195492823, 37.8671755353585], [-96.8271153603884, 37.8682727750327], [-96.8260777173021, 37.8700716469804], [-96.8249779009166, 37.8718085286388], [-96.8245691584792, 37.8723461549157], [-96.8236330726306, 37.8733223298012], [-96.8224819076452, 37.8743868752722], [-96.8218064787561, 37.8750306231631], [-96.8134755225741, 37.8973452499931], [-96.8042935986116, 37.8976199515042], [-96.8041566190055, 37.9075723354133], [-96.8038523964497, 37.9075666453806], [-96.8001936346543, 37.9074981388545], [-96.7994535935401, 37.9074842695621], [-96.7994534498097, 37.9074836713567], [-96.7994250846063, 37.907364792106]]]]}, "properties": {"OBJECTID": 28753, "FeatClass": "Fee", "Category": "Fee", "Own_Type": "STAT", "Own_Name": "SPR", "Loc_Own": "Kansas Department of Wildlife, Parks and Tourism (KDWPT)", "Mang_Type": "STAT", "Mang_Name": "SPR", "Loc_Mang": "Kansas Department of Wildlife, Parks and Tourism (KDWPT)", "Des_Tp": "SP", "Loc_Ds": "State Park", "Unit_Nm": "El Dorado State Park", "Loc_Nm": "El Dorado State Park", "State_Nm": "KS", "Agg_Src": "KARS_PADUS1_4_Protectedareas_sources_merge_2014_shp_KS", "GIS_Src": "protected_areas.shp, Kansas Natural Heritage Inventory_Protectedareas_sources.gdb/Parcels/heritage_protected_areas", "Src_Date": "2008/00/00", "GIS_Acres": 4133, "Source_PAID": "KARS158", "WDPA_Cd": 0, "Pub_Access": "OA", "Access_Src": "GAP - Default", "Access_Dt": "2021", "GAP_Sts": "4", "GAPCdSrc": "GAP - Default", "GAPCdDt": "2021", "IUCN_Cat": "Unassigned", "IUCNCtSrc": "GAP - Default", "IUCNCtDt": "2021", "Date_Est": "", "Comments": "", "EsmtHldr": null, "EHoldTyp": null, "WebMercAc": 6642, "TranspPct": 0, "Shape__Area": 26878792.80078125, "Shape__Length": 106574.30340968898, "GlobalID": "a067147b-c3cb-49f4-9d65-30c8a9628a69"}}, {"type": "Feature", "id": 158084, "geometry": {"type": "Polygon", "coordinates": [[[-96.8623754650838, 37.818905588898], [-96.8624101652066, 37.8188907158323], [-96.863589981958, 37.8188956732846], [-96.8636445096958, 37.8189105456397], [-96.8636494683961, 37.8189749889288], [-96.8636494674978, 37.8197731002051], [-96.8636445105941, 37.819812756502], [-96.8636048544658, 37.8198325853521], [-96.8623754641854, 37.8198276300915], [-96.8623407640627, 37.8198078005305], [-96.8623457209664, 37.8189402882119], [-96.8623754650838, 37.818905588898]]]}, "properties": {"OBJECTID": 158084, "FeatClass": "Fee", "Category": "Fee", "Own_Type": "LOC", "Own_Name": "CITY", "Loc_Own": "City of El Dorado", "Mang_Type": "LOC", "Mang_Name": "CITY", "Loc_Mang": "City of El Dorado", "Des_Tp": "LP", "Loc_Ds": "LP", "Unit_Nm": "North Summit Park", "Loc_Nm": "North Summit Park", "State_Nm": "KS", "Agg_Src": "TPL_PADUS2_1_PADUS_DataDelivery_gdb", "GIS_Src": "TPL_Developed_Data_PADUS_DataDelivery.gdb/Albers_NA/ParkServe_Parks", "Src_Date": "2019/09/18", "GIS_Acres": 3, "Source_PAID": "20200750012", "WDPA_Cd": 0, "Pub_Access": "OA", "Access_Src": "TPL", "Access_Dt": "2019", "GAP_Sts": "4", "GAPCdSrc": "GAP - Default", "GAPCdDt": "2021", "IUCN_Cat": "Unassigned", "IUCNCtSrc": "GAP - Default", "IUCNCtDt": "2021", "Date_Est": "", "Comments": "", "EsmtHldr": null, "EHoldTyp": null, "WebMercAc": 5, "TranspPct": 0, "Shape__Area": 19154.10546875, "Shape__Length": 544.3439390963954, "GlobalID": "ebdd953b-221c-466d-82ce-da58ac99f5b4"}}]}