{
"type": "FeatureCollection",
"name": "suitability_score",
"crs": { "type": "name", "properties": { "name": "urn:ogc:def:crs:OGC:1.3:CRS84" } },
"features": [
{ "type": "Feature", "properties": { "score": 60.9 }, "geometry": { "type": "Polygon", "coordinates": [ [ [ -97.040277777777774, 37.7 ], [ -97.040277777777774, 37.708333333333336 ], [ -97.05, 37.708333333333336 ], [ -97.05, 37.7 ], [ -97.040277777777774, 37.7 ] ] ] } },
{ "type": "Feature", "properties": { "score": 67.4 }, "geometry": { "type": "Polygon", "coordinates": [ [ [ -97.030555555555551, 37.7 ], [ -97.030555555555551, 37.708333333333336 ], [ -97.040277777777774, 37.708333333333336 ], [ -97.040277777777774, 37.7 ], [ -97.030555555555551, 37.7 ] ] ] } },
{ "type": "Feature", "properties": { "score": 77.0 }, "geometry": { "type": "Polygon", "coordinates": [ [ [ -97.020833333333329, 37.7 ], [ -97.020833333333329, 37.708333333333336 ], [ -97.030555555555551, 37.708333333333336 ], [ -97.030555555555551, 37.7 ], [ -97.020833333333329, 37.7 ] ] ] } },
{ "type": "Feature", "properties": { "score": 76.2 }, "geometry": { "type": "Polygon", "coordinates": [ [ [ -97.011111111111106, 37.7 ], [ -97.011111111111106, 37.708333333333336 ], [ -97.020833333333329, 37.708333333333336 ], [ -97.020833333333329, 37.7 ], [ -97.011111111111106, 37.7 ] ] ] } },
{ "type": "Feature", "properties": { "score": 85.7 }, "geometry": { "type": "Polygon", "coordinates": [ [ [ -97.001388888888883, 37.7 ], [ -97.001388888888883, 37.708333333333336 ], [ -97.011111111111106, 37.708333333333336 ], [ -97.011111111111106, 37.7 ], [ -97.001388888888883, 37.7 ] ] ] } },
{ "type": "Feature", "properties": { "score": 78.5 }, "geometry": { "type": "Polygon", "coordinates": [ [ [ -96.99166666666666, 37.7 ], [ -96.99166666666666, 37.708333333333336 ], [ -97.001388888888883, 37.708333333333336 ], [ -97.001388888888883, 37.7 ], [ -96.99166666666666, 37.7 ] ] ] } },
{ "type": "Feature", "properties": { "score": 77.2 }, "geometry": { "type": "Polygon", "coordinates": [ [ [ -96.981944444444437, 37.7 ], [ -96.981944444444437, 37.708333333333336 ], [ -96.99166666666666, 37.708333333333336 ], [ -96.99166666666666, 37.7 ], [ -96.981944444444437, 37.7 ] ] ] } },
{ "type": "Feature", "properties": { "score": 57.1 }, "geometry": { "type": "Polygon", "coordinates": [ [ [ -96.972222222222214, 37.7 ], [ -96.972222222222214, 37.708333333333336 ], [ -96.981944444444437, 37.708333333333336 ], [ -96.981944444444437, 37.7 ], [ -96.972222222222214, 37.7 ] ] ] } },
{ "type": "Feature", "properties": { "score": 68.8 }, "geometry": { "type": "Polygon", "coordinates": [ [ [ -96.9625, 37.7 ], [ -96.9625, 37.708333333333336 ], [ -96.972222222222214, 37.708333333333336 ], [ -96.972222222222214, 37.7 ], [ -96.9625, 37.7 ] ] ] } },
{ "type": "Feature", "properties": { "score": 84.9 }, "geometry": { "type": "Polygon", "coordinates": [ [ [ -96.952777777777783, 37.7 ], [ -96.952777777777783, 37.708333333333336 ], [ -96.9625, 37.708333333333336 ], [ -96.9625, 37.7 ], [ -96.952777777777783, 37.7 ] ] ] } },
{ "type": "Feature", "properties": { "score": 76.7 }, "geometry": { "type": "Polygon", "coordinates": [ [ [ -96.94305555555556, 37.7 ], [ -96.94305555555556, 37.708333333333336 ], [ -96.952777777777783, 37.708333333333336 ], [ -96.952777777777783, 37.7 ], [ -96.94305555555556, 37.7 ] ] ] } },
{ "type": "Feature", "properties": { "score": 82.8 }, "geometry": { "type": "Polygon", "coordinates": [ [ [ -96.933333333333337, 37.7 ], [ -96.933333333333337, 37.708333333333336 ], [ -96.94305555555556, 37.708333333333336 ], [ -96.94305555555556, 37.7 ], [ -96.933333333333337, 37.7 ] ] ] } },
{ "type": "Feature", "properties": { "score": 79.3 }, "geometry": { "type": "Polygon", "coordinates": [ [ [ -96.923611111111114, 37.7 ], [ -96.923611111111114, 37.708333333333336 ], [ -96.933333333333337, 37.708333333333336 ], [ -96.933333333333337, 37.7 ], [ -96.923611111111114, 37.7 ] ] ] } },
{ "type": "Feature", "properties": { "score": 78.8 }, "geometry": { "type": "Polygon", "coordinates": [ [ [ -96.913888888888891, 37.7 ], [ -96.913888888888891, 37.708333333333336 ], [ -96.923611111111114, 37.708333333333336 ], [ -96.923611111111114, 37.7 ], [ -96.913888888888891, 37.7 ] ] ] } },
{ "type": "Feature", "properties": { "score": 73.2 }, "geometry": { "type": "Polygon", "coordinates": [ [ [ -96.904166666666669, 37.7 ], [ -96.904166666666669, 37.708333333333336 ], [ -96.913888888888891, 37.708333333333336 ], [ -96.913888888888891, 37.7 ], [ -96.904166666666669, 37.7 ] ] ] } },
{ "type": "Feature", "properties": { "score": 79.0 }, "geometry": { "type": "Polygon", "coordinates": [ [ [ -96.894444444444446, 37.7 ], [ -96.894444444444446, 37.708333333333336 ], [ -96.904166666666669, 37.708333333333336 ], [ -96.904166666666669, 37.7 ], [ -96.894444444444446, 37.7 ] ] ] } },
{ "type": "Feature", "properties": { "score": 85.6 }, "geometry": { "type": "Polygon", "coordinates": [ [ [ -96.884722222222223, 37.7 ], [ -96.884722222222223, 37.708333333333336 ], [ -96.894444444444446, 37.708333333333336 ], [ -96.894444444444446, 37.7 ], [ -96.884722222222223, 37.7 ] ] ] } },
{ "type": "Feature", "properties": { "score": 81.9 }, "geometry": { "type": "Polygon", "coordinates": [ [ [ -96.875, 37.7 ], [ -96.875, 37.708333333333336 ], [ -96.884722222222223, 37.708333333333336 ], [ -96.884722222222223, 37.7 ], [ -96.875, 37.7 ] ] ] } },
{ "type": "Feature", "properties": { "score": 79.7 }, "geometry": { "type": "Polygon", "coordinates": [ [ [ -96.865277777777777, 37.7 ], [ -96.865277777777777, 37.708333333333336 ], [ -96.875, 37.708333333333336 ], [ -96.875, 37.7 ], [ -96.865277777777777, 37.7 ] ] ] } },
{ "type": "Feature", "properties": { "score": 81.2 }, "geometry": { "type": "Polygon", "coordinates": [ [ [ -96.855555555555554, 37.7 ], [ -96.855555555555554, 37.708333333333336 ], [ -96.865277777777777, 37.708333333333336 ], [ -96.865277777777777, 37.7 ], [ -96.855555555555554, 37.7 ] ] ] } },
{ "type": "Feature", "properties": { "score": 83.2 }, "geometry": { "type": "Polygon", "coordinates": [ [ [ -96.845833333333331, 37.7 ], [ -96.845833333333331, 37.708333333333336 ], [ -96.855555555555554, 37.708333333333336 ], [ -96.855555555555554, 37.7 ], [ -96.845833333333331, 37.7 ] ] ] } },
{ "type": "Feature", "properties": { "score": 81.8 }, "geometry": { "type": "Polygon", "coordinates": [ [ [ -96.836111111111109, 37.7 ], [ -96.836111111111109, 37.708333333333336 ], [ -96.845833333333331, 37.708333333333336 ], [ -96.845833333333331, 37.7 ], [ -96.836111111111109, 37.7 ] ] ] } },
{ "type": "Feature", "properties": { "score": 84.1 }, "geometry": { "type": "Polygon", "coordinates": [ [ [ -96.826388888888886, 37.7 ], [ -96.826388888888886, 37.708333333333336 ], [ -96.836111111111109, 37.708333333333336 ], [ -96.836111111111109, 37.7 ], [ -96.826388888888886, 37.7 ] ] ] } },
{ "type": "Feature", "properties": { "score": 83.4 }, "geometry": { "type": "Polygon", "coordinates": [ [ [ -96.816666666666663, 37.7 ], [ -96.816666666666663, 37.708333333333336 ], [ -96.826388888888886, 37.708333333333336 ], [ -96.826388888888886, 37.7 ], [ -96.816666666666663, 37.7 ] ] ] } },
{ "type": "Feature", "properties": { "score": 86.6 }, "geometry": { "type": "Polygon", "coordinates": [ [ [ -96.80694444444444, 37.7 ], [ -96.80694444444444, 37.708333333333336 ], [ -96.816666666666663, 37.708333333333336 ], [ -96.816666666666663, 37.7 ], [ -96.80694444444444, 37.7 ] ] ] } },
{ "type": "Feature", "properties": { "score": 86.0 }, "geometry": { "type": "Polygon", "coordinates": [ [ [ -96.797222222222217, 37.7 ], [ -96.797222222222217, 37.708333333333336 ], [ -96.80694444444444, 37.708333333333336 ], [ -96.80694444444444, 37.7 ], [ -96.797222222222217, 37.7 ] ] ] } },
{ "type": "Feature", "properties": { "score": 85.0 }, "geometry": { "type": "Polygon", "coordinates": [ [ [ -96.7875, 37.7 ], [ -96.7875, 37.708333333333336 ], [ -96.797222222222217, 37.708333333333336 ], [ -96.797222222222217, 37.7 ], [ -96.7875, 37.7 ] ] ] } },
{ "type": "Feature", "properties": { "score": 85.8 }, "geometry": { "type": "Polygon", "coordinates": [ [ [ -96.777777777777786, 37.7 ], [ -96.777777777777786, 37.708333333333336 ], [ -96.7875, 37.708333333333336 ], [ -96.7875, 37.7 ], [ -96.777777777777786, 37.7 ] ] ] } },
{ "type": "Feature", "properties": { "score": 82.5 }, "geometry": { "type": "Polygon", "coordinates": [ [ [ -96.768055555555563, 37.7 ], [ -96.768055555555563, 37.708333333333336 ], [ -96.777777777777786, 37.708333333333336 ], [ -96.777777777777786, 37.7 ], [ -96.768055555555563, 37.7 ] ] ] } },
{ "type": "Feature", "properties": { "score": 76.7 }, "geometry": { "type": "Polygon", "coordinates": [ [ [ -96.75833333333334, 37.7 ], [ -96.75833333333334, 37.708333333333336 ], [ -96.768055555555563, 37.708333333333336 ], [ -96.768055555555563, 37.7 ], [ -96.75833333333334, 37.7 ] ] ] } },
{ "type": "Feature", "properties": { "score": 77.8 }, "geometry": { "type": "Polygon", "coordinates": [ [ [ -96.748611111111117, 37.7 ], [ -96.748611111111117, 37.708333333333336 ], [ -96.75833333333334, 37.708333333333336 ], [ -96.75833333333334, 37.7 ], [ -96.748611111111117, 37.7 ] ] ] } },
{ "type": "Feature", "properties": { "score": 59.1 }, "geometry": { "type": "Polygon", "coordinates": [ [ [ -96.738888888888894, 37.7 ], [ -96.738888888888894, 37.708333333333336 ], [ -96.748611111111117, 37.708333333333336 ], [ -96.748611111111117, 37.7 ], [ -96.738888888888894, 37.7 ] ] ] } },
{ "type": "Feature", "properties": { "score": 66.9 }, "geometry": { "type": "Polygon", "coordinates": [ [ [ -96.729166666666671, 37.7 ], [ -96.729166666666671, 37.708333333333336 ], [ -96.738888888888894, 37.708333333333336 ], [ -96.738888888888894, 37.7 ], [ -96.729166666666671, 37.7 ] ] ] } },
{ "type": "Feature", "properties": { "score": 68.2 }, "geometry": { "type": "Polygon", "coordinates": [ [ [ -96.719444444444449, 37.7 ], [ -96.719444444444449, 37.708333333333336 ], [ -96.729166666666671, 37.708333333333336 ], [ -96.729166666666671, 37.7 ], [ -96.719444444444449, 37.7 ] ] ] } },
{ "type": "Feature", "properties": { "score": 68.0 }, "geometry": { "type": "Polygon", "coordinates": [ [ [ -96.709722222222226, 37.7 ], [ -96.709722222222226, 37.708333333333336 ], [ -96.719444444444449, 37.708333333333336 ], [ -96.719444444444449, 37.7 ], [ -96.709722222222226, 37.7 ] ] ] } },
{ "type": "Feature", "properties": { "score": 66.1 }, "geometry": { "type": "Polygon", "coordinates": [ [ [ -96.7, 37.7 ], [ -96.7, 37.708333333333336 ], [ -96.709722222222226, 37.708333333333336 ], [ -96.709722222222226, 37.7 ], [ -96.7, 37.7 ] ] ] } },
{ "type": "Feature", "properties": { "score": 71.6 }, "geometry": { "type": "Polygon", "coordinates": [ [ [ -97.040277777777774, 37.708333333333336 ], [ -97.040277777777774, 37.716666666666669 ], [ -97.05, 37.716666666666669 ], [ -97.05, 37.708333333333336 ], [ -97.040277777777774, 37.708333333333336 ] ] ] } },
{ "type": "Feature", "properties": { "score": 72.5 }, "geometry": { "type": "Polygon", "coordinates": [ [ [ -97.030555555555551, 37.708333333333336 ], [ -97.030555555555551, 37.716666666666669 ], [ -97.040277777777774, 37.716666666666669 ], [ -97.040277777777774, 37.708333333333336 ], [ -97.030555555555551, 37.708333333333336 ] ] ] } },
{ "type": "Feature", "properties": { "score": 60.5 }, "geometry": { "type": "Polygon", "coordinates": [ [ [ -97.020833333333329, 37.708333333333336 ], [ -97.020833333333329, 37.716666666666669 ], [ -97.030555555555551, 37.716666666666669 ], [ -97.030555555555551, 37.708333333333336 ], [ -97.020833333333329, 37.708333333333336 ] ] ] } },
{ "type": "Feature", "properties": { "score": 68.1 }, "geometry": { "type": "Polygon", "coordinates": [ [ [ -97.011111111111106, 37.708333333333336 ], [ -97.011111111111106, 37.716666666666669 ], [ -97.020833333333329, 37.716666666666669 ], [ -97.020833333333329, 37.708333333333336 ], [ -97.011111111111106, 37.708333333333336 ] ] ] } },
{ "type": "Feature", "properties": { "score": 72.7 }, "geometry": { "type": "Polygon", "coordinates": [ [ [ -97.001388888888883, 37.708333333333336 ], [ -97.001388888888883, 37.716666666666669 ], [ -97.011111111111106, 37.716666666666669 ], [ -97.011111111111106, 37.708333333333336 ], [ -97.001388888888883, 37.708333333333336 ] ] ] } },
{ "type": "Feature", "properties": { "score": 78.2 }, "geometry": { "type": "Polygon", "coordinates": [ [ [ -96.99166666666666, 37.708333333333336 ], [ -96.99166666666666, 37.716666666666669 ], [ -97.001388888888883, 37.716666666666669 ], [ -97.001388888888883, 37.708333333333336 ], [ -96.99166666666666, 37.708333333333336 ] ] ] } },
{ "type": "Feature", "properties": { "score": 76.1 }, "geometry": { "type": "Polygon", "coordinates": [ [ [ -96.981944444444437, 37.708333333333336 ], [ -96.981944444444437, 37.716666666666669 ], [ -96.99166666666666, 37.716666666666669 ], [ -96.99166666666666, 37.708333333333336 ], [ -96.981944444444437, 37.708333333333336 ] ] ] } },
{ "type": "Feature", "properties": { "score": 72.2 }, "geometry": { "type": "Polygon", "coordinates": [ [ [ -96.972222222222214, 37.708333333333336 ], [ -96.972222222222214, 37.716666666666669 ], [ -96.981944444444437, 37.716666666666669 ], [ -96.981944444444437, 37.708333333333336 ], [ -96.972222222222214, 37.708333333333336 ] ] ] } },
{ "type": "Feature", "properties": { "score": 64.5 }, "geometry": { "type": "Polygon", "coordinates": [ [ [ -96.9625, 37.708333333333336 ], [ -96.9625, 37.716666666666669 ], [ -96.972222222222214, 37.716666666666669 ], [ -96.972222222222214, 37.708333333333336 ], [ -96.9625, 37.708333333333336 ] ] ] } },
{ "type": "Feature", "properties": { "score": 81.3 }, "geometry": { "type": "Polygon", "coordinates": [ [ [ -96.952777777777783, 37.708333333333336 ], [ -96.952777777777783, 37.716666666666669 ], [ -96.9625, 37.716666666666669 ], [ -96.9625, 37.708333333333336 ], [ -96.952777777777783, 37.708333333333336 ] ] ] } },
{ "type": "Feature", "properties": { "score": 82.7 }, "geometry": { "type": "Polygon", "coordinates": [ [ [ -96.94305555555556, 37.708333333333336 ], [ -96.94305555555556, 37.716666666666669 ], [ -96.952777777777783, 37.716666666666669 ], [ -96.952777777777783, 37.708333333333336 ], [ -96.94305555555556, 37.708333333333336 ] ] ] } },
{ "type": "Feature", "properties": { "score": 79.2 }, "geometry": { "type": "Polygon", "coordinates": [ [ [ -96.933333333333337, 37.708333333333336 ], [ -96.933333333333337, 37.716666666666669 ], [ -96.94305555555556, 37.716666666666669 ], [ -96.94305555555556, 37.708333333333336 ], [ -96.933333333333337, 37.708333333333336 ] ] ] } },
{ "type": "Feature", "properties": { "score": 82.1 }, "geometry": { "type": "Polygon", "coordinates": [ [ [ -96.923611111111114, 37.708333333333336 ], [ -96.923611111111114, 37.716666666666669 ], [ -96.933333333333337, 37.716666666666669 ], [ -96.933333333333337, 37.708333333333336 ], [ -96.923611111111114, 37.708333333333336 ] ] ] } },
{ "type": "Feature", "properties": { "score": 81.1 }, "geometry": { "type": "Polygon", "coordinates": [ [ [ -96.913888888888891, 37.708333333333336 ], [ -96.913888888888891, 37.716666666666669 ], [ -96.923611111111114, 37.716666666666669 ], [ -96.923611111111114, 37.708333333333336 ], [ -96.913888888888891, 37.708333333333336 ] ] ] } },
{ "type": "Feature", "properties": { "score": 77.0 }, "geometry": { "type": "Polygon", "coordinates": [ [ [ -96.904166666666669, 37.708333333333336 ], [ -96.904166666666669, 37.716666666666669 ], [ -96.913888888888891, 37.716666666666669 ], [ -96.913888888888891, 37.708333333333336 ], [ -96.904166666666669, 37.708333333333336 ] ] ] } },
{ "type": "Feature", "properties": { "score": 73.4 }, "geometry": { "type": "Polygon", "coordinates": [ [ [ -96.894444444444446, 37.708333333333336 ], [ -96.894444444444446, 37.716666666666669 ], [ -96.904166666666669, 37.716666666666669 ], [ -96.904166666666669, 37.708333333333336 ], [ -96.894444444444446, 37.708333333333336 ] ] ] } },
{ "type": "Feature", "properties": { "score": 75.2 }, "geometry": { "type": "Polygon", "coordinates": [ [ [ -96.884722222222223, 37.708333333333336 ], [ -96.884722222222223, 37.716666666666669 ], [ -96.894444444444446, 37.716666666666669 ], [ -96.894444444444446, 37.708333333333336 ], [ -96.884722222222223, 37.708333333333336 ] ] ] } },
{ "type": "Feature", "properties": { "score": 74.8 }, "geometry": { "type": "Polygon", "coordinates": [ [ [ -96.875, 37.708333333333336 ], [ -96.875, 37.716666666666669 ], [ -96.884722222222223, 37.716666666666669 ], [ -96.884722222222223, 37.708333333333336 ], [ -96.875, 37.708333333333336 ] ] ] } },
{ "type": "Feature", "properties": { "score": 81.8 }, "geometry": { "type": "Polygon", "coordinates": [ [ [ -96.865277777777777, 37.708333333333336 ], [ -96.865277777777777, 37.716666666666669 ], [ -96.875, 37.716666666666669 ], [ -96.875, 37.708333333333336 ], [ -96.865277777777777, 37.708333333333336 ] ] ] } },
{ "type": "Feature", "properties": { "score": 80.1 }, "geometry": { "type": "Polygon", "coordinates": [ [ [ -96.855555555555554, 37.708333333333336 ], [ -96.855555555555554, 37.716666666666669 ], [ -96.865277777777777, 37.716666666666669 ], [ -96.865277777777777, 37.708333333333336 ], [ -96.855555555555554, 37.708333333333336 ] ] ] } },
{ "type": "Feature", "properties": { "score": 85.5 }, "geometry": { "type": "Polygon", "coordinates": [ [ [ -96.845833333333331, 37.708333333333336 ], [ -96.845833333333331, 37.716666666666669 ], [ -96.855555555555554, 37.716666666666669 ], [ -96.855555555555554, 37.708333333333336 ], [ -96.845833333333331, 37.708333333333336 ] ] ] } },
{ "type": "Feature", "properties": { "score": 82.1 }, "geometry": { "type": "Polygon", "coordinates": [ [ [ -96.836111111111109, 37.708333333333336 ], [ -96.836111111111109, 37.716666666666669 ], [ -96.845833333333331, 37.716666666666669 ], [ -96.845833333333331, 37.708333333333336 ], [ -96.836111111111109, 37.708333333333336 ] ] ] } },
{ "type": "Feature", "properties": { "score": 83.6 }, "geometry": { "type": "Polygon", "coordinates": [ [ [ -96.826388888888886, 37.708333333333336 ], [ -96.826388888888886, 37.716666666666669 ], [ -96.836111111111109, 37.716666666666669 ], [ -96.836111111111109, 37.708333333333336 ], [ -96.826388888888886, 37.708333333333336 ] ] ] } },
{ "type": "Feature", "properties": { "score": 85.5 }, "geometry": { "type": "Polygon", "coordinates": [ [ [ -96.816666666666663, 37.708333333333336 ], [ -96.816666666666663, 37.716666666666669 ], [ -96.826388888888886, 37.716666666666669 ], [ -96.826388888888886, 37.708333333333336 ], [ -96.816666666666663, 37.708333333333336 ] ] ] } },
{ "type": "Feature", "properties": { "score": 84.3 }, "geometry": { "type": "Polygon", "coordinates": [ [ [ -96.80694444444444, 37.708333333333336 ], [ -96.80694444444444, 37.716666666666669 ], [ -96.816666666666663, 37.716666666666669 ], [ -96.816666666666663, 37.708333333333336 ], [ -96.80694444444444, 37.708333333333336 ] ] ] } },
{ "type": "Feature", "properties": { "score": 87.2 }, "geometry": { "type": "Polygon", "coordinates": [ [ [ -96.797222222222217, 37.708333333333336 ], [ -96.797222222222217, 37.716666666666669 ], [ -96.80694444444444, 37.716666666666669 ], [ -96.80694444444444, 37.708333333333336 ], [ -96.797222222222217, 37.708333333333336 ] ] ] } },
{ "type": "Feature", "properties": { "score": 88.3 }, "geometry": { "type": "Polygon", "coordinates": [ [ [ -96.7875, 37.708333333333336 ], [ -96.7875, 37.716666666666669 ], [ -96.797222222222217, 37.716666666666669 ], [ -96.797222222222217, 37.708333333333336 ], [ -96.7875, 37.708333333333336 ] ] ] } },
{ "type": "Feature", "properties": { "score": 89.1 }, "geometry": { "type": "Polygon", "coordinates": [ [ [ -96.777777777777786, 37.708333333333336 ], [ -96.777777777777786, 37.716666666666669 ], [ -96.7875, 37.716666666666669 ], [ -96.7875, 37.708333333333336 ], [ -96.777777777777786, 37.708333333333336 ] ] ] } },
{ "type": "Feature", "properties": { "score": 87.5 }, "geometry": { "type": "Polygon", "coordinates": [ [ [ -96.768055555555563, 37.708333333333336 ], [ -96.768055555555563, 37.716666666666669 ], [ -96.777777777777786, 37.716666666666669 ], [ -96.777777777777786, 37.708333333333336 ], [ -96.768055555555563, 37.708333333333336 ] ] ] } },
{ "type": "Feature", "properties": { "score": 78.4 }, "geometry": { "type": "Polygon", "coordinates": [ [ [ -96.75833333333334, 37.708333333333336 ], [ -96.75833333333334, 37.716666666666669 ], [ -96.768055555555563, 37.716666666666669 ], [ -96.768055555555563, 37.708333333333336 ], [ -96.75833333333334, 37.708333333333336 ] ] ] } },
{ "type": "Feature", "properties": { "score": 79.1 }, "geometry": { "type": "Polygon", "coordinates": [ [ [ -96.748611111111117, 37.708333333333336 ], [ -96.748611111111117, 37.716666666666669 ], [ -96.75833333333334, 37.716666666666669 ], [ -96.75833333333334, 37.708333333333336 ], [ -96.748611111111117, 37.708333333333336 ] ] ] } },
{ "type": "Feature", "properties": { "score": 73.4 }, "geometry": { "type": "Polygon", "coordinates": [ [ [ -96.738888888888894, 37.708333333333336 ], [ -96.738888888888894, 37.716666666666669 ], [ -96.748611111111117, 37.716666666666669 ], [ -96.748611111111117, 37.708333333333336 ], [ -96.738888888888894, 37.708333333333336 ] ] ] } },
{ "type": "Feature", "properties": { "score": 75.8 }, "geometry": { "type": "Polygon", "coordinates": [ [ [ -96.729166666666671, 37.708333333333336 ], [ -96.729166666666671, 37.716666666666669 ], [ -96.738888888888894, 37.716666666666669 ], [ -96.738888888888894, 37.708333333333336 ], [ -96.729166666666671, 37.708333333333336 ] ] ] } },
{ "type": "Feature", "properties": { "score": 72.5 }, "geometry": { "type": "Polygon", "coordinates": [ [ [ -96.719444444444449, 37.708333333333336 ], [ -96.719444444444449, 37.716666666666669 ], [ -96.729166666666671, 37.716666666666669 ], [ -96.729166666666671, 37.708333333333336 ], [ -96.719444444444449, 37.708333333333336 ] ] ] } },
{ "type": "Feature", "properties": { "score": 71.8 }, "geometry": { "type": "Polygon", "coordinates": [ [ [ -96.709722222222226, 37.708333333333336 ], [ -96.709722222222226, 37.716666666666669 ], [ -96.719444444444449, 37.716666666666669 ], [ -96.719444444444449, 37.708333333333336 ], [ -96.709722222222226, 37.708333333333336 ] ] ] } },
{ "type": "Feature", "properties": { "score": 73.3 }, "geometry": { "type": "Polygon", "coordinates": [ [ [ -96.7, 37.708333333333336 ], [ -96.7, 37.716666666666669 ], [ -96.709722222222226, 37.716666666666669 ], [ -96.709722222222226, 37.708333333333336 ], [ -96.7, 37.708333333333336 ] ] ] } },
{ "type": "Feature", "properties": { "score": 77.8 }, "geometry": { "type": "Polygon", "coordinates": [ [ [ -97.040277777777774, 37.716666666666669 ], [ -97.040277777777774, 37.725 ], [ -97.05, 37.725 ], [ -97.05, 37.716666666666669 ], [ -97.040277777777774, 37.716666666666669 ] ] ] } },
{ "type": "Feature", "properties": { "score": 75.5 }, "geometry": { "type": "Polygon", "coordinates": [ [ [ -97.030555555555551, 37.716666666666669 ], [ -97.030555555555551, 37.725 ], [ -97.040277777777774, 37.725 ], [ -97.040277777777774, 37.716666666666669 ], [ -97.030555555555551, 37.716666666666669 ] ] ] } },
{ "type": "Feature", "properties": { "score": 61.0 }, "geometry": { "type": "Polygon", "coordinates": [ [ [ -97.020833333333329, 37.716666666666669 ], [ -97.020833333333329, 37.725 ], [ -97.030555555555551, 37.725 ], [ -97.030555555555551, 37.716666666666669 ], [ -97.020833333333329, 37.716666666666669 ] ] ] } },
{ "type": "Feature", "properties": { "score": 58.7 }, "geometry": { "type": "Polygon", "coordinates": [ [ [ -97.011111111111106, 37.716666666666669 ], [ -97.011111111111106, 37.725 ], [ -97.020833333333329, 37.725 ], [ -97.020833333333329, 37.716666666666669 ], [ -97.011111111111106, 37.716666666666669 ] ] ] } },
{ "type": "Feature", "properties": { "score": 85.6 }, "geometry": { "type": "Polygon", "coordinates": [ [ [ -97.001388888888883, 37.716666666666669 ], [ -97.001388888888883, 37.725 ], [ -97.011111111111106, 37.725 ], [ -97.011111111111106, 37.716666666666669 ], [ -97.001388888888883, 37.716666666666669 ] ] ] } },
{ "type": "Feature", "properties": { "score": 82.2 }, "geometry": { "type": "Polygon", "coordinates": [ [ [ -96.99166666666666, 37.716666666666669 ], [ -96.99166666666666, 37.725 ], [ -97.001388888888883, 37.725 ], [ -97.001388888888883, 37.716666666666669 ], [ -96.99166666666666, 37.716666666666669 ] ] ] } },
{ "type": "Feature", "properties": { "score": 84.2 }, "geometry": { "type": "Polygon", "coordinates": [ [ [ -96.981944444444437, 37.716666666666669 ], [ -96.981944444444437, 37.725 ], [ -96.99166666666666, 37.725 ], [ -96.99166666666666, 37.716666666666669 ], [ -96.981944444444437, 37.716666666666669 ] ] ] } },
{ "type": "Feature", "properties": { "score": 79.4 }, "geometry": { "type": "Polygon", "coordinates": [ [ [ -96.972222222222214, 37.716666666666669 ], [ -96.972222222222214, 37.725 ], [ -96.981944444444437, 37.725 ], [ -96.981944444444437, 37.716666666666669 ], [ -96.972222222222214, 37.716666666666669 ] ] ] } },
{ "type": "Feature", "properties": { "score": 77.5 }, "geometry": { "type": "Polygon", "coordinates": [ [ [ -96.9625, 37.716666666666669 ], [ -96.9625, 37.725 ], [ -96.972222222222214, 37.725 ], [ -96.972222222222214, 37.716666666666669 ], [ -96.9625, 37.716666666666669 ] ] ] } },
{ "type": "Feature", "properties": { "score": 77.7 }, "geometry": { "type": "Polygon", "coordinates": [ [ [ -96.952777777777783, 37.716666666666669 ], [ -96.952777777777783, 37.725 ], [ -96.9625, 37.725 ], [ -96.9625, 37.716666666666669 ], [ -96.952777777777783, 37.716666666666669 ] ] ] } },
{ "type": "Feature", "properties": { "score": 83.6 }, "geometry": { "type": "Polygon", "coordinates": [ [ [ -96.94305555555556, 37.716666666666669 ], [ -96.94305555555556, 37.725 ], [ -96.952777777777783, 37.725 ], [ -96.952777777777783, 37.716666666666669 ], [ -96.94305555555556, 37.716666666666669 ] ] ] } },
{ "type": "Feature", "properties": { "score": 75.8 }, "geometry": { "type": "Polygon", "coordinates": [ [ [ -96.933333333333337, 37.716666666666669 ], [ -96.933333333333337, 37.725 ], [ -96.94305555555556, 37.725 ], [ -96.94305555555556, 37.716666666666669 ], [ -96.933333333333337, 37.716666666666669 ] ] ] } },
{ "type": "Feature", "properties": { "score": 83.8 }, "geometry": { "type": "Polygon", "coordinates": [ [ [ -96.923611111111114, 37.716666666666669 ], [ -96.923611111111114, 37.725 ], [ -96.933333333333337, 37.725 ], [ -96.933333333333337, 37.716666666666669 ], [ -96.923611111111114, 37.716666666666669 ] ] ] } },
{ "type": "Feature", "properties": { "score": 82.6 }, "geometry": { "type": "Polygon", "coordinates": [ [ [ -96.913888888888891, 37.716666666666669 ], [ -96.913888888888891, 37.725 ], [ -96.923611111111114, 37.725 ], [ -96.923611111111114, 37.716666666666669 ], [ -96.913888888888891, 37.716666666666669 ] ] ] } },
{ "type": "Feature", "properties": { "score": 80.1 }, "geometry": { "type": "Polygon", "coordinates": [ [ [ -96.904166666666669, 37.716666666666669 ], [ -96.904166666666669, 37.725 ], [ -96.913888888888891, 37.725 ], [ -96.913888888888891, 37.716666666666669 ], [ -96.904166666666669, 37.716666666666669 ] ] ] } },
{ "type": "Feature", "properties": { "score": 72.8 }, "geometry": { "type": "Polygon", "coordinates": [ [ [ -96.894444444444446, 37.716666666666669 ], [ -96.894444444444446, 37.725 ], [ -96.904166666666669, 37.725 ], [ -96.904166666666669, 37.716666666666669 ], [ -96.894444444444446, 37.716666666666669 ] ] ] } },
{ "type": "Feature", "properties": { "score": 71.7 }, "geometry": { "type": "Polygon", "coordinates": [ [ [ -96.884722222222223, 37.716666666666669 ], [ -96.884722222222223, 37.725 ], [ -96.894444444444446, 37.725 ], [ -96.894444444444446, 37.716666666666669 ], [ -96.884722222222223, 37.716666666666669 ] ] ] } },
{ "type": "Feature", "properties": { "score": 70.1 }, "geometry": { "type": "Polygon", "coordinates": [ [ [ -96.875, 37.716666666666669 ], [ -96.875, 37.725 ], [ -96.884722222222223, 37.725 ], [ -96.884722222222223, 37.716666666666669 ], [ -96.875, 37.716666666666669 ] ] ] } },
{ "type": "Feature", "properties": { "score": 79.6 }, "geometry": { "type": "Polygon", "coordinates": [ [ [ -96.865277777777777, 37.716666666666669 ], [ -96.865277777777777, 37.725 ], [ -96.875, 37.725 ], [ -96.875, 37.716666666666669 ], [ -96.865277777777777, 37.716666666666669 ] ] ] } },
{ "type": "Feature", "properties": { "score": 83.1 }, "geometry": { "type": "Polygon", "coordinates": [ [ [ -96.855555555555554, 37.716666666666669 ], [ -96.855555555555554, 37.725 ], [ -96.865277777777777, 37.725 ], [ -96.865277777777777, 37.716666666666669 ], [ -96.855555555555554, 37.716666666666669 ] ] ] } },
{ "type": "Feature", "properties": { "score": 79.7 }, "geometry": { "type": "Polygon", "coordinates": [ [ [ -96.845833333333331, 37.716666666666669 ], [ -96.845833333333331, 37.725 ], [ -96.855555555555554, 37.725 ], [ -96.855555555555554, 37.716666666666669 ], [ -96.845833333333331, 37.716666666666669 ] ] ] } },
{ "type": "Feature", "properties": { "score": 83.8 }, "geometry": { "type": "Polygon", "coordinates": [ [ [ -96.836111111111109, 37.716666666666669 ], [ -96.836111111111109, 37.725 ], [ -96.845833333333331, 37.725 ], [ -96.845833333333331, 37.716666666666669 ], [ -96.836111111111109, 37.716666666666669 ] ] ] } },
{ "type": "Feature", "properties": { "score": 77.9 }, "geometry": { "type": "Polygon", "coordinates": [ [ [ -96.826388888888886, 37.716666666666669 ], [ -96.826388888888886, 37.725 ], [ -96.836111111111109, 37.725 ], [ -96.836111111111109, 37.716666666666669 ], [ -96.826388888888886, 37.716666666666669 ] ] ] } },
{ "type": "Feature", "properties": { "score": 73.3 }, "geometry": { "type": "Polygon", "coordinates": [ [ [ -96.816666666666663, 37.716666666666669 ], [ -96.816666666666663, 37.725 ], [ -96.826388888888886, 37.725 ], [ -96.826388888888886, 37.716666666666669 ], [ -96.816666666666663, 37.716666666666669 ] ] ] } },
{ "type": "Feature", "properties": { "score": 80.7 }, "geometry": { "type": "Polygon", "coordinates": [ [ [ -96.80694444444444, 37.716666666666669 ], [ -96.80694444444444, 37.725 ], [ -96.816666666666663, 37.725 ], [ -96.816666666666663, 37.716666666666669 ], [ -96.80694444444444, 37.716666666666669 ] ] ] } },
{ "type": "Feature", "properties": { "score": 85.4 }, "geometry": { "type": "Polygon", "coordinates": [ [ [ -96.797222222222217, 37.716666666666669 ], [ -96.797222222222217, 37.725 ], [ -96.80694444444444, 37.725 ], [ -96.80694444444444, 37.716666666666669 ], [ -96.797222222222217, 37.716666666666669 ] ] ] } },
{ "type": "Feature", "properties": { "score": 85.7 }, "geometry": { "type": "Polygon", "coordinates": [ [ [ -96.7875, 37.716666666666669 ], [ -96.7875, 37.725 ], [ -96.797222222222217, 37.725 ], [ -96.797222222222217, 37.716666666666669 ], [ -96.7875, 37.716666666666669 ] ] ] } },
{ "type": "Feature", "properties": { "score": 88.6 }, "geometry": { "type": "Polygon", "coordinates": [ [ [ -96.777777777777786, 37.716666666666669 ], [ -96.777777777777786, 37.725 ], [ -96.7875, 37.725 ], [ -96.7875, 37.716666666666669 ], [ -96.777777777777786, 37.716666666666669 ] ] ] } },
{ "type": "Feature", "properties": { "score": 87.7 }, "geometry": { "type": "Polygon", "coordinates": [ [ [ -96.768055555555563, 37.716666666666669 ], [ -96.768055555555563, 37.725 ], [ -96.777777777777786, 37.725 ], [ -96.777777777777786, 37.716666666666669 ], [ -96.768055555555563, 37.716666666666669 ] ] ] } },
{ "type": "Feature", "properties": { "score": 81.7 }, "geometry": { "type": "Polygon", "coordinates": [ [ [ -96.75833333333334, 37.716666666666669 ], [ -96.75833333333334, 37.725 ], [ -96.768055555555563, 37.725 ], [ -96.768055555555563, 37.716666666666669 ], [ -96.75833333333334, 37.716666666666669 ] ] ] } },
{ "type": "Feature", "properties": { "score": 82.3 }, "geometry": { "type": "Polygon", "coordinates": [ [ [ -96.748611111111117, 37.716666666666669 ], [ -96.748611111111117, 37.725 ], [ -96.75833333333334, 37.725 ], [ -96.75833333333334, 37.716666666666669 ], [ -96.748611111111117, 37.716666666666669 ] ] ] } },
{ "type": "Feature", "properties": { "score": 65.5 }, "geometry": { "type": "Polygon", "coordinates": [ [ [ -96.738888888888894, 37.716666666666669 ], [ -96.738888888888894, 37.725 ], [ -96.748611111111117, 37.725 ], [ -96.748611111111117, 37.716666666666669 ], [ -96.738888888888894, 37.716666666666669 ] ] ] } },
{ "type": "Feature", "properties": { "score": 72.6 }, "geometry": { "type": "Polygon", "coordinates": [ [ [ -96.729166666666671, 37.716666666666669 ], [ -96.729166666666671, 37.725 ], [ -96.738888888888894, 37.725 ], [ -96.738888888888894, 37.716666666666669 ], [ -96.729166666666671, 37.716666666666669 ] ] ] } },
{ "type": "Feature", "properties": { "score": 74.7 }, "geometry": { "type": "Polygon", "coordinates": [ [ [ -96.719444444444449, 37.716666666666669 ], [ -96.719444444444449, 37.725 ], [ -96.729166666666671, 37.725 ], [ -96.729166666666671, 37.716666666666669 ], [ -96.719444444444449, 37.716666666666669 ] ] ] } },
{ "type": "Feature", "properties": { "score": 74.9 }, "geometry": { "type": "Polygon", "coordinates": [ [ [ -96.709722222222226, 37.716666666666669 ], [ -96.709722222222226, 37.725 ], [ -96.719444444444449, 37.725 ], [ -96.719444444444449, 37.716666666666669 ], [ -96.709722222222226, 37.716666666666669 ] ] ] } },
{ "type": "Feature", "properties": { "score": 80.0 }, "geometry": { "type": "Polygon", "coordinates": [ [ [ -96.7, 37.716666666666669 ], [ -96.7, 37.725 ], [ -96.709722222222226, 37.725 ], [ -96.709722222222226, 37.716666666666669 ], [ -96.7, 37.716666666666669 ] ] ] } },
{ "type": "Feature", "properties": { "score": 77.0 }, "geometry": { "type": "Polygon", "coordinates": [ [ [ -97.040277777777774, 37.725 ], [ -97.040277777777774, 37.733333333333334 ], [ -97.05, 37.733333333333334 ], [ -97.05, 37.725 ], [ -97.040277777777774, 37.725 ] ] ] } },
{ "type": "Feature", "properties": { "score": 81.6 }, "geometry": { "type": "Polygon", "coordinates": [ [ [ -97.030555555555551, 37.725 ], [ -97.030555555555551, 37.733333333333334 ], [ -97.040277777777774, 37.733333333333334 ], [ -97.040277777777774, 37.725 ], [ -97.030555555555551, 37.725 ] ] ] } },
{ "type": "Feature", "properties": { "score": 64.7 }, "geometry": { "type": "Polygon", "coordinates": [ [ [ -97.020833333333329, 37.725 ], [ -97.020833333333329, 37.733333333333334 ], [ -97.030555555555551, 37.733333333333334 ], [ -97.030555555555551, 37.725 ], [ -97.020833333333329, 37.725 ] ] ] } },
{ "type": "Feature", "properties": { "score": 73.0 }, "geometry": { "type": "Polygon", "coordinates": [ [ [ -97.011111111111106, 37.725 ], [ -97.011111111111106, 37.733333333333334 ], [ -97.020833333333329, 37.733333333333334 ], [ -97.020833333333329, 37.725 ], [ -97.011111111111106, 37.725 ] ] ] } },
{ "type": "Feature", "properties": { "score": 79.5 }, "geometry": { "type": "Polygon", "coordinates": [ [ [ -97.001388888888883, 37.725 ], [ -97.001388888888883, 37.733333333333334 ], [ -97.011111111111106, 37.733333333333334 ], [ -97.011111111111106, 37.725 ], [ -97.001388888888883, 37.725 ] ] ] } },
{ "type": "Feature", "properties": { "score": 81.6 }, "geometry": { "type": "Polygon", "coordinates": [ [ [ -96.99166666666666, 37.725 ], [ -96.99166666666666, 37.733333333333334 ], [ -97.001388888888883, 37.733333333333334 ], [ -97.001388888888883, 37.725 ], [ -96.99166666666666, 37.725 ] ] ] } },
{ "type": "Feature", "properties": { "score": 76.8 }, "geometry": { "type": "Polygon", "coordinates": [ [ [ -96.981944444444437, 37.725 ], [ -96.981944444444437, 37.733333333333334 ], [ -96.99166666666666, 37.733333333333334 ], [ -96.99166666666666, 37.725 ], [ -96.981944444444437, 37.725 ] ] ] } },
{ "type": "Feature", "properties": { "score": 81.9 }, "geometry": { "type": "Polygon", "coordinates": [ [ [ -96.972222222222214, 37.725 ], [ -96.972222222222214, 37.733333333333334 ], [ -96.981944444444437, 37.733333333333334 ], [ -96.981944444444437, 37.725 ], [ -96.972222222222214, 37.725 ] ] ] } },
{ "type": "Feature", "properties": { "score": 70.6 }, "geometry": { "type": "Polygon", "coordinates": [ [ [ -96.9625, 37.725 ], [ -96.9625, 37.733333333333334 ], [ -96.972222222222214, 37.733333333333334 ], [ -96.972222222222214, 37.725 ], [ -96.9625, 37.725 ] ] ] } },
{ "type": "Feature", "properties": { "score": 74.8 }, "geometry": { "type": "Polygon", "coordinates": [ [ [ -96.952777777777783, 37.725 ], [ -96.952777777777783, 37.733333333333334 ], [ -96.9625, 37.733333333333334 ], [ -96.9625, 37.725 ], [ -96.952777777777783, 37.725 ] ] ] } },
{ "type": "Feature", "properties": { "score": 79.9 }, "geometry": { "type": "Polygon", "coordinates": [ [ [ -96.94305555555556, 37.725 ], [ -96.94305555555556, 37.733333333333334 ], [ -96.952777777777783, 37.733333333333334 ], [ -96.952777777777783, 37.725 ], [ -96.94305555555556, 37.725 ] ] ] } },
{ "type": "Feature", "properties": { "score": 81.0 }, "geometry": { "type": "Polygon", "coordinates": [ [ [ -96.933333333333337, 37.725 ], [ -96.933333333333337, 37.733333333333334 ], [ -96.94305555555556, 37.733333333333334 ], [ -96.94305555555556, 37.725 ], [ -96.933333333333337, 37.725 ] ] ] } },
{ "type": "Feature", "properties": { "score": 80.1 }, "geometry": { "type": "Polygon", "coordinates": [ [ [ -96.923611111111114, 37.725 ], [ -96.923611111111114, 37.733333333333334 ], [ -96.933333333333337, 37.733333333333334 ], [ -96.933333333333337, 37.725 ], [ -96.923611111111114, 37.725 ] ] ] } },
{ "type": "Feature", "properties": { "score": 81.3 }, "geometry": { "type": "Polygon", "coordinates": [ [ [ -96.913888888888891, 37.725 ], [ -96.913888888888891, 37.733333333333334 ], [ -96.923611111111114, 37.733333333333334 ], [ -96.923611111111114, 37.725 ], [ -96.913888888888891, 37.725 ] ] ] } },
{ "type": "Feature", "properties": { "score": 79.2 }, "geometry": { "type": "Polygon", "coordinates": [ [ [ -96.904166666666669, 37.725 ], [ -96.904166666666669, 37.733333333333334 ], [ -96.913888888888891, 37.733333333333334 ], [ -96.913888888888891, 37.725 ], [ -96.904166666666669, 37.725 ] ] ] } },
{ "type": "Feature", "properties": { "score": 87.2 }, "geometry": { "type": "Polygon", "coordinates": [ [ [ -96.894444444444446, 37.725 ], [ -96.894444444444446, 37.733333333333334 ], [ -96.904166666666669, 37.733333333333334 ], [ -96.904166666666669, 37.725 ], [ -96.894444444444446, 37.725 ] ] ] } },
{ "type": "Feature", "properties": { "score": 82.6 }, "geometry": { "type": "Polygon", "coordinates": [ [ [ -96.884722222222223, 37.725 ], [ -96.884722222222223, 37.733333333333334 ], [ -96.894444444444446, 37.733333333333334 ], [ -96.894444444444446, 37.725 ], [ -96.884722222222223, 37.725 ] ] ] } },
{ "type": "Feature", "properties": { "score": 81.7 }, "geometry": { "type": "Polygon", "coordinates": [ [ [ -96.875, 37.725 ], [ -96.875, 37.733333333333334 ], [ -96.884722222222223, 37.733333333333334 ], [ -96.884722222222223, 37.725 ], [ -96.875, 37.725 ] ] ] } },
{ "type": "Feature", "properties": { "score": 78.7 }, "geometry": { "type": "Polygon", "coordinates": [ [ [ -96.865277777777777, 37.725 ], [ -96.865277777777777, 37.733333333333334 ], [ -96.875, 37.733333333333334 ], [ -96.875, 37.725 ], [ -96.865277777777777, 37.725 ] ] ] } },
{ "type": "Feature", "properties": { "score": 75.2 }, "geometry": { "type": "Polygon", "coordinates": [ [ [ -96.855555555555554, 37.725 ], [ -96.855555555555554, 37.733333333333334 ], [ -96.865277777777777, 37.733333333333334 ], [ -96.865277777777777, 37.725 ], [ -96.855555555555554, 37.725 ] ] ] } },
{ "type": "Feature", "properties": { "score": 78.9 }, "geometry": { "type": "Polygon", "coordinates": [ [ [ -96.845833333333331, 37.725 ], [ -96.845833333333331, 37.733333333333334 ], [ -96.855555555555554, 37.733333333333334 ], [ -96.855555555555554, 37.725 ], [ -96.845833333333331, 37.725 ] ] ] } },
{ "type": "Feature", "properties": { "score": 73.0 }, "geometry": { "type": "Polygon", "coordinates": [ [ [ -96.836111111111109, 37.725 ], [ -96.836111111111109, 37.733333333333334 ], [ -96.845833333333331, 37.733333333333334 ], [ -96.845833333333331, 37.725 ], [ -96.836111111111109, 37.725 ] ] ] } },
{ "type": "Feature", "properties": { "score": 73.1 }, "geometry": { "type": "Polygon", "coordinates": [ [ [ -96.826388888888886, 37.725 ], [ -96.826388888888886, 37.733333333333334 ], [ -96.836111111111109, 37.733333333333334 ], [ -96.836111111111109, 37.725 ], [ -96.826388888888886, 37.725 ] ] ] } },
{ "type": "Feature", "properties": { "score": 83.0 }, "geometry": { "type": "Polygon", "coordinates": [ [ [ -96.816666666666663, 37.725 ], [ -96.816666666666663, 37.733333333333334 ], [ -96.826388888888886, 37.733333333333334 ], [ -96.826388888888886, 37.725 ], [ -96.816666666666663, 37.725 ] ] ] } },
{ "type": "Feature", "properties": { "score": 85.5 }, "geometry": { "type": "Polygon", "coordinates": [ [ [ -96.80694444444444, 37.725 ], [ -96.80694444444444, 37.733333333333334 ], [ -96.816666666666663, 37.733333333333334 ], [ -96.816666666666663, 37.725 ], [ -96.80694444444444, 37.725 ] ] ] } },
{ "type": "Feature", "properties": { "score": 83.1 }, "geometry": { "type": "Polygon", "coordinates": [ [ [ -96.797222222222217, 37.725 ], [ -96.797222222222217, 37.733333333333334 ], [ -96.80694444444444, 37.733333333333334 ], [ -96.80694444444444, 37.725 ], [ -96.797222222222217, 37.725 ] ] ] } },
{ "type": "Feature", "properties": { "score": 79.9 }, "geometry": { "type": "Polygon", "coordinates": [ [ [ -96.7875, 37.725 ], [ -96.7875, 37.733333333333334 ], [ -96.797222222222217, 37.733333333333334 ], [ -96.797222222222217, 37.725 ], [ -96.7875, 37.725 ] ] ] } },
{ "type": "Feature", "properties": { "score": 85.8 }, "geometry": { "type": "Polygon", "coordinates": [ [ [ -96.777777777777786, 37.725 ], [ -96.777777777777786, 37.733333333333334 ], [ -96.7875, 37.733333333333334 ], [ -96.7875, 37.725 ], [ -96.777777777777786, 37.725 ] ] ] } },
{ "type": "Feature", "properties": { "score": 87.7 }, "geometry": { "type": "Polygon", "coordinates": [ [ [ -96.768055555555563, 37.725 ], [ -96.768055555555563, 37.733333333333334 ], [ -96.777777777777786, 37.733333333333334 ], [ -96.777777777777786, 37.725 ], [ -96.768055555555563, 37.725 ] ] ] } },
{ "type": "Feature", "properties": { "score": 81.6 }, "geometry": { "type": "Polygon", "coordinates": [ [ [ -96.75833333333334, 37.725 ], [ -96.75833333333334, 37.733333333333334 ], [ -96.768055555555563, 37.733333333333334 ], [ -96.768055555555563, 37.725 ], [ -96.75833333333334, 37.725 ] ] ] } },
{ "type": "Feature", "properties": { "score": 81.8 }, "geometry": { "type": "Polygon", "coordinates": [ [ [ -96.748611111111117, 37.725 ], [ -96.748611111111117, 37.733333333333334 ], [ -96.75833333333334, 37.733333333333334 ], [ -96.75833333333334, 37.725 ], [ -96.748611111111117, 37.725 ] ] ] } },
{ "type": "Feature", "properties": { "score": 77.5 }, "geometry": { "type": "Polygon", "coordinates": [ [ [ -96.738888888888894, 37.725 ], [ -96.738888888888894, 37.733333333333334 ], [ -96.748611111111117, 37.733333333333334 ], [ -96.748611111111117, 37.725 ], [ -96.738888888888894, 37.725 ] ] ] } },
{ "type": "Feature", "properties": { "score": 77.7 }, "geometry": { "type": "Polygon", "coordinates": [ [ [ -96.729166666666671, 37.725 ], [ -96.729166666666671, 37.733333333333334 ], [ -96.738888888888894, 37.733333333333334 ], [ -96.738888888888894, 37.725 ], [ -96.729166666666671, 37.725 ] ] ] } },
{ "type": "Feature", "properties": { "score": 71.7 }, "geometry": { "type": "Polygon", "coordinates": [ [ [ -96.719444444444449, 37.725 ], [ -96.719444444444449, 37.733333333333334 ], [ -96.729166666666671, 37.733333333333334 ], [ -96.729166666666671, 37.725 ], [ -96.719444444444449, 37.725 ] ] ] } },
{ "type": "Feature", "properties": { "score": 67.0 }, "geometry": { "type": "Polygon", "coordinates": [ [ [ -96.709722222222226, 37.725 ], [ -96.709722222222226, 37.733333333333334 ], [ -96.719444444444449, 37.733333333333334 ], [ -96.719444444444449, 37.725 ], [ -96.709722222222226, 37.725 ] ] ] } },
{ "type": "Feature", "properties": { "score": 66.2 }, "geometry": { "type": "Polygon", "coordinates": [ [ [ -96.7, 37.725 ], [ -96.7, 37.733333333333334 ], [ -96.709722222222226, 37.733333333333334 ], [ -96.709722222222226, 37.725 ], [ -96.7, 37.725 ] ] ] } },
{ "type": "Feature", "properties": { "score": 74.0 }, "geometry": { "type": "Polygon", "coordinates": [ [ [ -97.040277777777774, 37.733333333333334 ], [ -97.040277777777774, 37.741666666666667 ], [ -97.05, 37.741666666666667 ], [ -97.05, 37.733333333333334 ], [ -97.040277777777774, 37.733333333333334 ] ] ] } },
{ "type": "Feature", "properties": { "score": 81.4 }, "geometry": { "type": "Polygon", "coordinates": [ [ [ -97.030555555555551, 37.733333333333334 ], [ -97.030555555555551, 37.741666666666667 ], [ -97.040277777777774, 37.741666666666667 ], [ -97.040277777777774, 37.733333333333334 ], [ -97.030555555555551, 37.733333333333334 ] ] ] } },
{ "type": "Feature", "properties": { "score": 79.4 }, "geometry": { "type": "Polygon", "coordinates": [ [ [ -97.020833333333329, 37.733333333333334 ], [ -97.020833333333329, 37.741666666666667 ], [ -97.030555555555551, 37.741666666666667 ], [ -97.030555555555551, 37.733333333333334 ], [ -97.020833333333329, 37.733333333333334 ] ] ] } },
{ "type": "Feature", "properties": { "score": 76.7 }, "geometry": { "type": "Polygon", "coordinates": [ [ [ -97.011111111111106, 37.733333333333334 ], [ -97.011111111111106, 37.741666666666667 ], [ -97.020833333333329, 37.741666666666667 ], [ -97.020833333333329, 37.733333333333334 ], [ -97.011111111111106, 37.733333333333334 ] ] ] } },
{ "type": "Feature", "properties": { "score": 72.4 }, "geometry": { "type": "Polygon", "coordinates": [ [ [ -97.001388888888883, 37.733333333333334 ], [ -97.001388888888883, 37.741666666666667 ], [ -97.011111111111106, 37.741666666666667 ], [ -97.011111111111106, 37.733333333333334 ], [ -97.001388888888883, 37.733333333333334 ] ] ] } },
{ "type": "Feature", "properties": { "score": 73.0 }, "geometry": { "type": "Polygon", "coordinates": [ [ [ -96.99166666666666, 37.733333333333334 ], [ -96.99166666666666, 37.741666666666667 ], [ -97.001388888888883, 37.741666666666667 ], [ -97.001388888888883, 37.733333333333334 ], [ -96.99166666666666, 37.733333333333334 ] ] ] } },
{ "type": "Feature", "properties": { "score": 70.7 }, "geometry": { "type": "Polygon", "coordinates": [ [ [ -96.981944444444437, 37.733333333333334 ], [ -96.981944444444437, 37.741666666666667 ], [ -96.99166666666666, 37.741666666666667 ], [ -96.99166666666666, 37.733333333333334 ], [ -96.981944444444437, 37.733333333333334 ] ] ] } },
{ "type": "Feature", "properties": { "score": 81.5 }, "geometry": { "type": "Polygon", "coordinates": [ [ [ -96.972222222222214, 37.733333333333334 ], [ -96.972222222222214, 37.741666666666667 ], [ -96.981944444444437, 37.741666666666667 ], [ -96.981944444444437, 37.733333333333334 ], [ -96.972222222222214, 37.733333333333334 ] ] ] } },
{ "type": "Feature", "properties": { "score": 77.7 }, "geometry": { "type": "Polygon", "coordinates": [ [ [ -96.9625, 37.733333333333334 ], [ -96.9625, 37.741666666666667 ], [ -96.972222222222214, 37.741666666666667 ], [ -96.972222222222214, 37.733333333333334 ], [ -96.9625, 37.733333333333334 ] ] ] } },
{ "type": "Feature", "properties": { "score": 81.0 }, "geometry": { "type": "Polygon", "coordinates": [ [ [ -96.952777777777783, 37.733333333333334 ], [ -96.952777777777783, 37.741666666666667 ], [ -96.9625, 37.741666666666667 ], [ -96.9625, 37.733333333333334 ], [ -96.952777777777783, 37.733333333333334 ] ] ] } },
{ "type": "Feature", "properties": { "score": 77.2 }, "geometry": { "type": "Polygon", "coordinates": [ [ [ -96.94305555555556, 37.733333333333334 ], [ -96.94305555555556, 37.741666666666667 ], [ -96.952777777777783, 37.741666666666667 ], [ -96.952777777777783, 37.733333333333334 ], [ -96.94305555555556, 37.733333333333334 ] ] ] } },
{ "type": "Feature", "properties": { "score": 74.3 }, "geometry": { "type": "Polygon", "coordinates": [ [ [ -96.933333333333337, 37.733333333333334 ], [ -96.933333333333337, 37.741666666666667 ], [ -96.94305555555556, 37.741666666666667 ], [ -96.94305555555556, 37.733333333333334 ], [ -96.933333333333337, 37.733333333333334 ] ] ] } },
{ "type": "Feature", "properties": { "score": 75.0 }, "geometry": { "type": "Polygon", "coordinates": [ [ [ -96.923611111111114, 37.733333333333334 ], [ -96.923611111111114, 37.741666666666667 ], [ -96.933333333333337, 37.741666666666667 ], [ -96.933333333333337, 37.733333333333334 ], [ -96.923611111111114, 37.733333333333334 ] ] ] } },
{ "type": "Feature", "properties": { "score": 77.9 }, "geometry": { "type": "Polygon", "coordinates": [ [ [ -96.913888888888891, 37.733333333333334 ], [ -96.913888888888891, 37.741666666666667 ], [ -96.923611111111114, 37.741666666666667 ], [ -96.923611111111114, 37.733333333333334 ], [ -96.913888888888891, 37.733333333333334 ] ] ] } },
{ "type": "Feature", "properties": { "score": 73.5 }, "geometry": { "type": "Polygon", "coordinates": [ [ [ -96.904166666666669, 37.733333333333334 ], [ -96.904166666666669, 37.741666666666667 ], [ -96.913888888888891, 37.741666666666667 ], [ -96.913888888888891, 37.733333333333334 ], [ -96.904166666666669, 37.733333333333334 ] ] ] } },
{ "type": "Feature", "properties": { "score": 69.7 }, "geometry": { "type": "Polygon", "coordinates": [ [ [ -96.894444444444446, 37.733333333333334 ], [ -96.894444444444446, 37.741666666666667 ], [ -96.904166666666669, 37.741666666666667 ], [ -96.904166666666669, 37.733333333333334 ], [ -96.894444444444446, 37.733333333333334 ] ] ] } },
{ "type": "Feature", "properties": { "score": 73.7 }, "geometry": { "type": "Polygon", "coordinates": [ [ [ -96.884722222222223, 37.733333333333334 ], [ -96.884722222222223, 37.741666666666667 ], [ -96.894444444444446, 37.741666666666667 ], [ -96.894444444444446, 37.733333333333334 ], [ -96.884722222222223, 37.733333333333334 ] ] ] } },
{ "type": "Feature", "properties": { "score": 81.1 }, "geometry": { "type": "Polygon", "coordinates": [ [ [ -96.875, 37.733333333333334 ], [ -96.875, 37.741666666666667 ], [ -96.884722222222223, 37.741666666666667 ], [ -96.884722222222223, 37.733333333333334 ], [ -96.875, 37.733333333333334 ] ] ] } },
{ "type": "Feature", "properties": { "score": 86.4 }, "geometry": { "type": "Polygon", "coordinates": [ [ [ -96.865277777777777, 37.733333333333334 ], [ -96.865277777777777, 37.741666666666667 ], [ -96.875, 37.741666666666667 ], [ -96.875, 37.733333333333334 ], [ -96.865277777777777, 37.733333333333334 ] ] ] } },
{ "type": "Feature", "properties": { "score": 75.0 }, "geometry": { "type": "Polygon", "coordinates": [ [ [ -96.855555555555554, 37.733333333333334 ], [ -96.855555555555554, 37.741666666666667 ], [ -96.865277777777777, 37.741666666666667 ], [ -96.865277777777777, 37.733333333333334 ], [ -96.855555555555554, 37.733333333333334 ] ] ] } },
{ "type": "Feature", "properties": { "score": 82.6 }, "geometry": { "type": "Polygon", "coordinates": [ [ [ -96.845833333333331, 37.733333333333334 ], [ -96.845833333333331, 37.741666666666667 ], [ -96.855555555555554, 37.741666666666667 ], [ -96.855555555555554, 37.733333333333334 ], [ -96.845833333333331, 37.733333333333334 ] ] ] } },
{ "type": "Feature", "properties": { "score": 83.0 }, "geometry": { "type": "Polygon", "coordinates": [ [ [ -96.836111111111109, 37.733333333333334 ], [ -96.836111111111109, 37.741666666666667 ], [ -96.845833333333331, 37.741666666666667 ], [ -96.845833333333331, 37.733333333333334 ], [ -96.836111111111109, 37.733333333333334 ] ] ] } },
{ "type": "Feature", "properties": { "score": 89.3 }, "geometry": { "type": "Polygon", "coordinates": [ [ [ -96.826388888888886, 37.733333333333334 ], [ -96.826388888888886, 37.741666666666667 ], [ -96.836111111111109, 37.741666666666667 ], [ -96.836111111111109, 37.733333333333334 ], [ -96.826388888888886, 37.733333333333334 ] ] ] } },
{ "type": "Feature", "properties": { "score": 88.8 }, "geometry": { "type": "Polygon", "coordinates": [ [ [ -96.816666666666663, 37.733333333333334 ], [ -96.816666666666663, 37.741666666666667 ], [ -96.826388888888886, 37.741666666666667 ], [ -96.826388888888886, 37.733333333333334 ], [ -96.816666666666663, 37.733333333333334 ] ] ] } },
{ "type": "Feature", "properties": { "score": 89.3 }, "geometry": { "type": "Polygon", "coordinates": [ [ [ -96.80694444444444, 37.733333333333334 ], [ -96.80694444444444, 37.741666666666667 ], [ -96.816666666666663, 37.741666666666667 ], [ -96.816666666666663, 37.733333333333334 ], [ -96.80694444444444, 37.733333333333334 ] ] ] } },
{ "type": "Feature", "properties": { "score": 89.2 }, "geometry": { "type": "Polygon", "coordinates": [ [ [ -96.797222222222217, 37.733333333333334 ], [ -96.797222222222217, 37.741666666666667 ], [ -96.80694444444444, 37.741666666666667 ], [ -96.80694444444444, 37.733333333333334 ], [ -96.797222222222217, 37.733333333333334 ] ] ] } },
{ "type": "Feature", "properties": { "score": 84.5 }, "geometry": { "type": "Polygon", "coordinates": [ [ [ -96.7875, 37.733333333333334 ], [ -96.7875, 37.741666666666667 ], [ -96.797222222222217, 37.741666666666667 ], [ -96.797222222222217, 37.733333333333334 ], [ -96.7875, 37.733333333333334 ] ] ] } },
{ "type": "Feature", "properties": { "score": 85.6 }, "geometry": { "type": "Polygon", "coordinates": [ [ [ -96.777777777777786, 37.733333333333334 ], [ -96.777777777777786, 37.741666666666667 ], [ -96.7875, 37.741666666666667 ], [ -96.7875, 37.733333333333334 ], [ -96.777777777777786, 37.733333333333334 ] ] ] } },
{ "type": "Feature", "properties": { "score": 89.1 }, "geometry": { "type": "Polygon", "coordinates": [ [ [ -96.768055555555563, 37.733333333333334 ], [ -96.768055555555563, 37.741666666666667 ], [ -96.777777777777786, 37.741666666666667 ], [ -96.777777777777786, 37.733333333333334 ], [ -96.768055555555563, 37.733333333333334 ] ] ] } },
{ "type": "Feature", "properties": { "score": 88.4 }, "geometry": { "type": "Polygon", "coordinates": [ [ [ -96.75833333333334, 37.733333333333334 ], [ -96.75833333333334, 37.741666666666667 ], [ -96.768055555555563, 37.741666666666667 ], [ -96.768055555555563, 37.733333333333334 ], [ -96.75833333333334, 37.733333333333334 ] ] ] } },
{ "type": "Feature", "properties": { "score": 85.6 }, "geometry": { "type": "Polygon", "coordinates": [ [ [ -96.748611111111117, 37.733333333333334 ], [ -96.748611111111117, 37.741666666666667 ], [ -96.75833333333334, 37.741666666666667 ], [ -96.75833333333334, 37.733333333333334 ], [ -96.748611111111117, 37.733333333333334 ] ] ] } },
{ "type": "Feature", "properties": { "score": 83.7 }, "geometry": { "type": "Polygon", "coordinates": [ [ [ -96.738888888888894, 37.733333333333334 ], [ -96.738888888888894, 37.741666666666667 ], [ -96.748611111111117, 37.741666666666667 ], [ -96.748611111111117, 37.733333333333334 ], [ -96.738888888888894, 37.733333333333334 ] ] ] } },
{ "type": "Feature", "properties": { "score": 79.3 }, "geometry": { "type": "Polygon", "coordinates": [ [ [ -96.729166666666671, 37.733333333333334 ], [ -96.729166666666671, 37.741666666666667 ], [ -96.738888888888894, 37.741666666666667 ], [ -96.738888888888894, 37.733333333333334 ], [ -96.729166666666671, 37.733333333333334 ] ] ] } },
{ "type": "Feature", "properties": { "score": 74.9 }, "geometry": { "type": "Polygon", "coordinates": [ [ [ -96.719444444444449, 37.733333333333334 ], [ -96.719444444444449, 37.741666666666667 ], [ -96.729166666666671, 37.741666666666667 ], [ -96.729166666666671, 37.733333333333334 ], [ -96.719444444444449, 37.733333333333334 ] ] ] } },
{ "type": "Feature", "properties": { "score": 70.9 }, "geometry": { "type": "Polygon", "coordinates": [ [ [ -96.709722222222226, 37.733333333333334 ], [ -96.709722222222226, 37.741666666666667 ], [ -96.719444444444449, 37.741666666666667 ], [ -96.719444444444449, 37.733333333333334 ], [ -96.709722222222226, 37.733333333333334 ] ] ] } },
{ "type": "Feature", "properties": { "score": 75.1 }, "geometry": { "type": "Polygon", "coordinates": [ [ [ -96.7, 37.733333333333334 ], [ -96.7, 37.741666666666667 ], [ -96.709722222222226, 37.741666666666667 ], [ -96.709722222222226, 37.733333333333334 ], [ -96.7, 37.733333333333334 ] ] ] } },
{ "type": "Feature", "properties": { "score": 72.0 }, "geometry": { "type": "Polygon", "coordinates": [ [ [ -97.040277777777774, 37.741666666666667 ], [ -97.040277777777774, 37.75 ], [ -97.05, 37.75 ], [ -97.05, 37.741666666666667 ], [ -97.040277777777774, 37.741666666666667 ] ] ] } },
{ "type": "Feature", "properties": { "score": 82.4 }, "geometry": { "type": "Polygon", "coordinates": [ [ [ -97.030555555555551, 37.741666666666667 ], [ -97.030555555555551, 37.75 ], [ -97.040277777777774, 37.75 ], [ -97.040277777777774, 37.741666666666667 ], [ -97.030555555555551, 37.741666666666667 ] ] ] } },
{ "type": "Feature", "properties": { "score": 82.8 }, "geometry": { "type": "Polygon", "coordinates": [ [ [ -97.020833333333329, 37.741666666666667 ], [ -97.020833333333329, 37.75 ], [ -97.030555555555551, 37.75 ], [ -97.030555555555551, 37.741666666666667 ], [ -97.020833333333329, 37.741666666666667 ] ] ] } },
{ "type": "Feature", "properties": { "score": 80.9 }, "geometry": { "type": "Polygon", "coordinates": [ [ [ -97.011111111111106, 37.741666666666667 ], [ -97.011111111111106, 37.75 ], [ -97.020833333333329, 37.75 ], [ -97.020833333333329, 37.741666666666667 ], [ -97.011111111111106, 37.741666666666667 ] ] ] } },
{ "type": "Feature", "properties": { "score": 72.4 }, "geometry": { "type": "Polygon", "coordinates": [ [ [ -97.001388888888883, 37.741666666666667 ], [ -97.001388888888883, 37.75 ], [ -97.011111111111106, 37.75 ], [ -97.011111111111106, 37.741666666666667 ], [ -97.001388888888883, 37.741666666666667 ] ] ] } },
{ "type": "Feature", "properties": { "score": 73.8 }, "geometry": { "type": "Polygon", "coordinates": [ [ [ -96.99166666666666, 37.741666666666667 ], [ -96.99166666666666, 37.75 ], [ -97.001388888888883, 37.75 ], [ -97.001388888888883, 37.741666666666667 ], [ -96.99166666666666, 37.741666666666667 ] ] ] } },
{ "type": "Feature", "properties": { "score": 79.1 }, "geometry": { "type": "Polygon", "coordinates": [ [ [ -96.981944444444437, 37.741666666666667 ], [ -96.981944444444437, 37.75 ], [ -96.99166666666666, 37.75 ], [ -96.99166666666666, 37.741666666666667 ], [ -96.981944444444437, 37.741666666666667 ] ] ] } },
{ "type": "Feature", "properties": { "score": 81.6 }, "geometry": { "type": "Polygon", "coordinates": [ [ [ -96.972222222222214, 37.741666666666667 ], [ -96.972222222222214, 37.75 ], [ -96.981944444444437, 37.75 ], [ -96.981944444444437, 37.741666666666667 ], [ -96.972222222222214, 37.741666666666667 ] ] ] } },
{ "type": "Feature", "properties": { "score": 84.0 }, "geometry": { "type": "Polygon", "coordinates": [ [ [ -96.9625, 37.741666666666667 ], [ -96.9625, 37.75 ], [ -96.972222222222214, 37.75 ], [ -96.972222222222214, 37.741666666666667 ], [ -96.9625, 37.741666666666667 ] ] ] } },
{ "type": "Feature", "properties": { "score": 75.0 }, "geometry": { "type": "Polygon", "coordinates": [ [ [ -96.952777777777783, 37.741666666666667 ], [ -96.952777777777783, 37.75 ], [ -96.9625, 37.75 ], [ -96.9625, 37.741666666666667 ], [ -96.952777777777783, 37.741666666666667 ] ] ] } },
{ "type": "Feature", "properties": { "score": 75.4 }, "geometry": { "type": "Polygon", "coordinates": [ [ [ -96.94305555555556, 37.741666666666667 ], [ -96.94305555555556, 37.75 ], [ -96.952777777777783, 37.75 ], [ -96.952777777777783, 37.741666666666667 ], [ -96.94305555555556, 37.741666666666667 ] ] ] } },
{ "type": "Feature", "properties": { "score": 80.7 }, "geometry": { "type": "Polygon", "coordinates": [ [ [ -96.933333333333337, 37.741666666666667 ], [ -96.933333333333337, 37.75 ], [ -96.94305555555556, 37.75 ], [ -96.94305555555556, 37.741666666666667 ], [ -96.933333333333337, 37.741666666666667 ] ] ] } },
{ "type": "Feature", "properties": { "score": 82.0 }, "geometry": { "type": "Polygon", "coordinates": [ [ [ -96.923611111111114, 37.741666666666667 ], [ -96.923611111111114, 37.75 ], [ -96.933333333333337, 37.75 ], [ -96.933333333333337, 37.741666666666667 ], [ -96.923611111111114, 37.741666666666667 ] ] ] } },
{ "type": "Feature", "properties": { "score": 76.5 }, "geometry": { "type": "Polygon", "coordinates": [ [ [ -96.913888888888891, 37.741666666666667 ], [ -96.913888888888891, 37.75 ], [ -96.923611111111114, 37.75 ], [ -96.923611111111114, 37.741666666666667 ], [ -96.913888888888891, 37.741666666666667 ] ] ] } },
{ "type": "Feature", "properties": { "score": 80.1 }, "geometry": { "type": "Polygon", "coordinates": [ [ [ -96.904166666666669, 37.741666666666667 ], [ -96.904166666666669, 37.75 ], [ -96.913888888888891, 37.75 ], [ -96.913888888888891, 37.741666666666667 ], [ -96.904166666666669, 37.741666666666667 ] ] ] } },
{ "type": "Feature", "properties": { "score": 74.9 }, "geometry": { "type": "Polygon", "coordinates": [ [ [ -96.894444444444446, 37.741666666666667 ], [ -96.894444444444446, 37.75 ], [ -96.904166666666669, 37.75 ], [ -96.904166666666669, 37.741666666666667 ], [ -96.894444444444446, 37.741666666666667 ] ] ] } },
{ "type": "Feature", "properties": { "score": 67.1 }, "geometry": { "type": "Polygon", "coordinates": [ [ [ -96.884722222222223, 37.741666666666667 ], [ -96.884722222222223, 37.75 ], [ -96.894444444444446, 37.75 ], [ -96.894444444444446, 37.741666666666667 ], [ -96.884722222222223, 37.741666666666667 ] ] ] } },
{ "type": "Feature", "properties": { "score": 71.0 }, "geometry": { "type": "Polygon", "coordinates": [ [ [ -96.875, 37.741666666666667 ], [ -96.875, 37.75 ], [ -96.884722222222223, 37.75 ], [ -96.884722222222223, 37.741666666666667 ], [ -96.875, 37.741666666666667 ] ] ] } },
{ "type": "Feature", "properties": { "score": 86.6 }, "geometry": { "type": "Polygon", "coordinates": [ [ [ -96.865277777777777, 37.741666666666667 ], [ -96.865277777777777, 37.75 ], [ -96.875, 37.75 ], [ -96.875, 37.741666666666667 ], [ -96.865277777777777, 37.741666666666667 ] ] ] } },
{ "type": "Feature", "properties": { "score": 79.1 }, "geometry": { "type": "Polygon", "coordinates": [ [ [ -96.855555555555554, 37.741666666666667 ], [ -96.855555555555554, 37.75 ], [ -96.865277777777777, 37.75 ], [ -96.865277777777777, 37.741666666666667 ], [ -96.855555555555554, 37.741666666666667 ] ] ] } },
{ "type": "Feature", "properties": { "score": 76.7 }, "geometry": { "type": "Polygon", "coordinates": [ [ [ -96.845833333333331, 37.741666666666667 ], [ -96.845833333333331, 37.75 ], [ -96.855555555555554, 37.75 ], [ -96.855555555555554, 37.741666666666667 ], [ -96.845833333333331, 37.741666666666667 ] ] ] } },
{ "type": "Feature", "properties": { "score": 75.4 }, "geometry": { "type": "Polygon", "coordinates": [ [ [ -96.836111111111109, 37.741666666666667 ], [ -96.836111111111109, 37.75 ], [ -96.845833333333331, 37.75 ], [ -96.845833333333331, 37.741666666666667 ], [ -96.836111111111109, 37.741666666666667 ] ] ] } },
{ "type": "Feature", "properties": { "score": 78.4 }, "geometry": { "type": "Polygon", "coordinates": [ [ [ -96.826388888888886, 37.741666666666667 ], [ -96.826388888888886, 37.75 ], [ -96.836111111111109, 37.75 ], [ -96.836111111111109, 37.741666666666667 ], [ -96.826388888888886, 37.741666666666667 ] ] ] } },
{ "type": "Feature", "properties": { "score": 81.0 }, "geometry": { "type": "Polygon", "coordinates": [ [ [ -96.816666666666663, 37.741666666666667 ], [ -96.816666666666663, 37.75 ], [ -96.826388888888886, 37.75 ], [ -96.826388888888886, 37.741666666666667 ], [ -96.816666666666663, 37.741666666666667 ] ] ] } },
{ "type": "Feature", "properties": { "score": 86.1 }, "geometry": { "type": "Polygon", "coordinates": [ [ [ -96.80694444444444, 37.741666666666667 ], [ -96.80694444444444, 37.75 ], [ -96.816666666666663, 37.75 ], [ -96.816666666666663, 37.741666666666667 ], [ -96.80694444444444, 37.741666666666667 ] ] ] } },
{ "type": "Feature", "properties": { "score": 88.2 }, "geometry": { "type": "Polygon", "coordinates": [ [ [ -96.797222222222217, 37.741666666666667 ], [ -96.797222222222217, 37.75 ], [ -96.80694444444444, 37.75 ], [ -96.80694444444444, 37.741666666666667 ], [ -96.797222222222217, 37.741666666666667 ] ] ] } },
{ "type": "Feature", "properties": { "score": 90.1 }, "geometry": { "type": "Polygon", "coordinates": [ [ [ -96.7875, 37.741666666666667 ], [ -96.7875, 37.75 ], [ -96.797222222222217, 37.75 ], [ -96.797222222222217, 37.741666666666667 ], [ -96.7875, 37.741666666666667 ] ] ] } },
{ "type": "Feature", "properties": { "score": 89.8 }, "geometry": { "type": "Polygon", "coordinates": [ [ [ -96.777777777777786, 37.741666666666667 ], [ -96.777777777777786, 37.75 ], [ -96.7875, 37.75 ], [ -96.7875, 37.741666666666667 ], [ -96.777777777777786, 37.741666666666667 ] ] ] } },
{ "type": "Feature", "properties": { "score": 88.6 }, "geometry": { "type": "Polygon", "coordinates": [ [ [ -96.768055555555563, 37.741666666666667 ], [ -96.768055555555563, 37.75 ], [ -96.777777777777786, 37.75 ], [ -96.777777777777786, 37.741666666666667 ], [ -96.768055555555563, 37.741666666666667 ] ] ] } },
{ "type": "Feature", "properties": { "score": 90.1 }, "geometry": { "type": "Polygon", "coordinates": [ [ [ -96.75833333333334, 37.741666666666667 ], [ -96.75833333333334, 37.75 ], [ -96.768055555555563, 37.75 ], [ -96.768055555555563, 37.741666666666667 ], [ -96.75833333333334, 37.741666666666667 ] ] ] } },
{ "type": "Feature", "properties": { "score": 87.4 }, "geometry": { "type": "Polygon", "coordinates": [ [ [ -96.748611111111117, 37.741666666666667 ], [ -96.748611111111117, 37.75 ], [ -96.75833333333334, 37.75 ], [ -96.75833333333334, 37.741666666666667 ], [ -96.748611111111117, 37.741666666666667 ] ] ] } },
{ "type": "Feature", "properties": { "score": 86.3 }, "geometry": { "type": "Polygon", "coordinates": [ [ [ -96.738888888888894, 37.741666666666667 ], [ -96.738888888888894, 37.75 ], [ -96.748611111111117, 37.75 ], [ -96.748611111111117, 37.741666666666667 ], [ -96.738888888888894, 37.741666666666667 ] ] ] } },
{ "type": "Feature", "properties": { "score": 85.8 }, "geometry": { "type": "Polygon", "coordinates": [ [ [ -96.729166666666671, 37.741666666666667 ], [ -96.729166666666671, 37.75 ], [ -96.738888888888894, 37.75 ], [ -96.738888888888894, 37.741666666666667 ], [ -96.729166666666671, 37.741666666666667 ] ] ] } },
{ "type": "Feature", "properties": { "score": 85.8 }, "geometry": { "type": "Polygon", "coordinates": [ [ [ -96.719444444444449, 37.741666666666667 ], [ -96.719444444444449, 37.75 ], [ -96.729166666666671, 37.75 ], [ -96.729166666666671, 37.741666666666667 ], [ -96.719444444444449, 37.741666666666667 ] ] ] } },
{ "type": "Feature", "properties": { "score": 72.6 }, "geometry": { "type": "Polygon", "coordinates": [ [ [ -96.709722222222226, 37.741666666666667 ], [ -96.709722222222226, 37.75 ], [ -96.719444444444449, 37.75 ], [ -96.719444444444449, 37.741666666666667 ], [ -96.709722222222226, 37.741666666666667 ] ] ] } },
{ "type": "Feature", "properties": { "score": 82.1 }, "geometry": { "type": "Polygon", "coordinates": [ [ [ -96.7, 37.741666666666667 ], [ -96.7, 37.75 ], [ -96.709722222222226, 37.75 ], [ -96.709722222222226, 37.741666666666667 ], [ -96.7, 37.741666666666667 ] ] ] } },
{ "type": "Feature", "properties": { "score": 71.3 }, "geometry": { "type": "Polygon", "coordinates": [ [ [ -97.040277777777774, 37.75 ], [ -97.040277777777774, 37.758333333333333 ], [ -97.05, 37.758333333333333 ], [ -97.05, 37.75 ], [ -97.040277777777774, 37.75 ] ] ] } },
{ "type": "Feature", "properties": { "score": 77.4 }, "geometry": { "type": "Polygon", "coordinates": [ [ [ -97.030555555555551, 37.75 ], [ -97.030555555555551, 37.758333333333333 ], [ -97.040277777777774, 37.758333333333333 ], [ -97.040277777777774, 37.75 ], [ -97.030555555555551, 37.75 ] ] ] } },
{ "type": "Feature", "properties": { "score": 74.9 }, "geometry": { "type": "Polygon", "coordinates": [ [ [ -97.020833333333329, 37.75 ], [ -97.020833333333329, 37.758333333333333 ], [ -97.030555555555551, 37.758333333333333 ], [ -97.030555555555551, 37.75 ], [ -97.020833333333329, 37.75 ] ] ] } },
{ "type": "Feature", "properties": { "score": 79.7 }, "geometry": { "type": "Polygon", "coordinates": [ [ [ -97.011111111111106, 37.75 ], [ -97.011111111111106, 37.758333333333333 ], [ -97.020833333333329, 37.758333333333333 ], [ -97.020833333333329, 37.75 ], [ -97.011111111111106, 37.75 ] ] ] } },
{ "type": "Feature", "properties": { "score": 71.8 }, "geometry": { "type": "Polygon", "coordinates": [ [ [ -97.001388888888883, 37.75 ], [ -97.001388888888883, 37.758333333333333 ], [ -97.011111111111106, 37.758333333333333 ], [ -97.011111111111106, 37.75 ], [ -97.001388888888883, 37.75 ] ] ] } },
{ "type": "Feature", "properties": { "score": 72.5 }, "geometry": { "type": "Polygon", "coordinates": [ [ [ -96.99166666666666, 37.75 ], [ -96.99166666666666, 37.758333333333333 ], [ -97.001388888888883, 37.758333333333333 ], [ -97.001388888888883, 37.75 ], [ -96.99166666666666, 37.75 ] ] ] } },
{ "type": "Feature", "properties": { "score": 75.9 }, "geometry": { "type": "Polygon", "coordinates": [ [ [ -96.981944444444437, 37.75 ], [ -96.981944444444437, 37.758333333333333 ], [ -96.99166666666666, 37.758333333333333 ], [ -96.99166666666666, 37.75 ], [ -96.981944444444437, 37.75 ] ] ] } },
{ "type": "Feature", "properties": { "score": 69.4 }, "geometry": { "type": "Polygon", "coordinates": [ [ [ -96.972222222222214, 37.75 ], [ -96.972222222222214, 37.758333333333333 ], [ -96.981944444444437, 37.758333333333333 ], [ -96.981944444444437, 37.75 ], [ -96.972222222222214, 37.75 ] ] ] } },
{ "type": "Feature", "properties": { "score": 83.4 }, "geometry": { "type": "Polygon", "coordinates": [ [ [ -96.9625, 37.75 ], [ -96.9625, 37.758333333333333 ], [ -96.972222222222214, 37.758333333333333 ], [ -96.972222222222214, 37.75 ], [ -96.9625, 37.75 ] ] ] } },
{ "type": "Feature", "properties": { "score": 82.6 }, "geometry": { "type": "Polygon", "coordinates": [ [ [ -96.952777777777783, 37.75 ], [ -96.952777777777783, 37.758333333333333 ], [ -96.9625, 37.758333333333333 ], [ -96.9625, 37.75 ], [ -96.952777777777783, 37.75 ] ] ] } },
{ "type": "Feature", "properties": { "score": 82.2 }, "geometry": { "type": "Polygon", "coordinates": [ [ [ -96.94305555555556, 37.75 ], [ -96.94305555555556, 37.758333333333333 ], [ -96.952777777777783, 37.758333333333333 ], [ -96.952777777777783, 37.75 ], [ -96.94305555555556, 37.75 ] ] ] } },
{ "type": "Feature", "properties": { "score": 84.7 }, "geometry": { "type": "Polygon", "coordinates": [ [ [ -96.933333333333337, 37.75 ], [ -96.933333333333337, 37.758333333333333 ], [ -96.94305555555556, 37.758333333333333 ], [ -96.94305555555556, 37.75 ], [ -96.933333333333337, 37.75 ] ] ] } },
{ "type": "Feature", "properties": { "score": 85.1 }, "geometry": { "type": "Polygon", "coordinates": [ [ [ -96.923611111111114, 37.75 ], [ -96.923611111111114, 37.758333333333333 ], [ -96.933333333333337, 37.758333333333333 ], [ -96.933333333333337, 37.75 ], [ -96.923611111111114, 37.75 ] ] ] } },
{ "type": "Feature", "properties": { "score": 86.0 }, "geometry": { "type": "Polygon", "coordinates": [ [ [ -96.913888888888891, 37.75 ], [ -96.913888888888891, 37.758333333333333 ], [ -96.923611111111114, 37.758333333333333 ], [ -96.923611111111114, 37.75 ], [ -96.913888888888891, 37.75 ] ] ] } },
{ "type": "Feature", "properties": { "score": 82.4 }, "geometry": { "type": "Polygon", "coordinates": [ [ [ -96.904166666666669, 37.75 ], [ -96.904166666666669, 37.758333333333333 ], [ -96.913888888888891, 37.758333333333333 ], [ -96.913888888888891, 37.75 ], [ -96.904166666666669, 37.75 ] ] ] } },
{ "type": "Feature", "properties": { "score": 81.2 }, "geometry": { "type": "Polygon", "coordinates": [ [ [ -96.894444444444446, 37.75 ], [ -96.894444444444446, 37.758333333333333 ], [ -96.904166666666669, 37.758333333333333 ], [ -96.904166666666669, 37.75 ], [ -96.894444444444446, 37.75 ] ] ] } },
{ "type": "Feature", "properties": { "score": 81.5 }, "geometry": { "type": "Polygon", "coordinates": [ [ [ -96.884722222222223, 37.75 ], [ -96.884722222222223, 37.758333333333333 ], [ -96.894444444444446, 37.758333333333333 ], [ -96.894444444444446, 37.75 ], [ -96.884722222222223, 37.75 ] ] ] } },
{ "type": "Feature", "properties": { "score": 66.1 }, "geometry": { "type": "Polygon", "coordinates": [ [ [ -96.875, 37.75 ], [ -96.875, 37.758333333333333 ], [ -96.884722222222223, 37.758333333333333 ], [ -96.884722222222223, 37.75 ], [ -96.875, 37.75 ] ] ] } },
{ "type": "Feature", "properties": { "score": 72.2 }, "geometry": { "type": "Polygon", "coordinates": [ [ [ -96.865277777777777, 37.75 ], [ -96.865277777777777, 37.758333333333333 ], [ -96.875, 37.758333333333333 ], [ -96.875, 37.75 ], [ -96.865277777777777, 37.75 ] ] ] } },
{ "type": "Feature", "properties": { "score": 87.4 }, "geometry": { "type": "Polygon", "coordinates": [ [ [ -96.855555555555554, 37.75 ], [ -96.855555555555554, 37.758333333333333 ], [ -96.865277777777777, 37.758333333333333 ], [ -96.865277777777777, 37.75 ], [ -96.855555555555554, 37.75 ] ] ] } },
{ "type": "Feature", "properties": { "score": 87.6 }, "geometry": { "type": "Polygon", "coordinates": [ [ [ -96.845833333333331, 37.75 ], [ -96.845833333333331, 37.758333333333333 ], [ -96.855555555555554, 37.758333333333333 ], [ -96.855555555555554, 37.75 ], [ -96.845833333333331, 37.75 ] ] ] } },
{ "type": "Feature", "properties": { "score": 85.6 }, "geometry": { "type": "Polygon", "coordinates": [ [ [ -96.836111111111109, 37.75 ], [ -96.836111111111109, 37.758333333333333 ], [ -96.845833333333331, 37.758333333333333 ], [ -96.845833333333331, 37.75 ], [ -96.836111111111109, 37.75 ] ] ] } },
{ "type": "Feature", "properties": { "score": 78.0 }, "geometry": { "type": "Polygon", "coordinates": [ [ [ -96.826388888888886, 37.75 ], [ -96.826388888888886, 37.758333333333333 ], [ -96.836111111111109, 37.758333333333333 ], [ -96.836111111111109, 37.75 ], [ -96.826388888888886, 37.75 ] ] ] } },
{ "type": "Feature", "properties": { "score": 75.8 }, "geometry": { "type": "Polygon", "coordinates": [ [ [ -96.816666666666663, 37.75 ], [ -96.816666666666663, 37.758333333333333 ], [ -96.826388888888886, 37.758333333333333 ], [ -96.826388888888886, 37.75 ], [ -96.816666666666663, 37.75 ] ] ] } },
{ "type": "Feature", "properties": { "score": 84.2 }, "geometry": { "type": "Polygon", "coordinates": [ [ [ -96.80694444444444, 37.75 ], [ -96.80694444444444, 37.758333333333333 ], [ -96.816666666666663, 37.758333333333333 ], [ -96.816666666666663, 37.75 ], [ -96.80694444444444, 37.75 ] ] ] } },
{ "type": "Feature", "properties": { "score": 85.1 }, "geometry": { "type": "Polygon", "coordinates": [ [ [ -96.797222222222217, 37.75 ], [ -96.797222222222217, 37.758333333333333 ], [ -96.80694444444444, 37.758333333333333 ], [ -96.80694444444444, 37.75 ], [ -96.797222222222217, 37.75 ] ] ] } },
{ "type": "Feature", "properties": { "score": 84.6 }, "geometry": { "type": "Polygon", "coordinates": [ [ [ -96.7875, 37.75 ], [ -96.7875, 37.758333333333333 ], [ -96.797222222222217, 37.758333333333333 ], [ -96.797222222222217, 37.75 ], [ -96.7875, 37.75 ] ] ] } },
{ "type": "Feature", "properties": { "score": 84.8 }, "geometry": { "type": "Polygon", "coordinates": [ [ [ -96.777777777777786, 37.75 ], [ -96.777777777777786, 37.758333333333333 ], [ -96.7875, 37.758333333333333 ], [ -96.7875, 37.75 ], [ -96.777777777777786, 37.75 ] ] ] } },
{ "type": "Feature", "properties": { "score": 88.3 }, "geometry": { "type": "Polygon", "coordinates": [ [ [ -96.768055555555563, 37.75 ], [ -96.768055555555563, 37.758333333333333 ], [ -96.777777777777786, 37.758333333333333 ], [ -96.777777777777786, 37.75 ], [ -96.768055555555563, 37.75 ] ] ] } },
{ "type": "Feature", "properties": { "score": 90.5 }, "geometry": { "type": "Polygon", "coordinates": [ [ [ -96.75833333333334, 37.75 ], [ -96.75833333333334, 37.758333333333333 ], [ -96.768055555555563, 37.758333333333333 ], [ -96.768055555555563, 37.75 ], [ -96.75833333333334, 37.75 ] ] ] } },
{ "type": "Feature", "properties": { "score": 85.9 }, "geometry": { "type": "Polygon", "coordinates": [ [ [ -96.748611111111117, 37.75 ], [ -96.748611111111117, 37.758333333333333 ], [ -96.75833333333334, 37.758333333333333 ], [ -96.75833333333334, 37.75 ], [ -96.748611111111117, 37.75 ] ] ] } },
{ "type": "Feature", "properties": { "score": 87.5 }, "geometry": { "type": "Polygon", "coordinates": [ [ [ -96.738888888888894, 37.75 ], [ -96.738888888888894, 37.758333333333333 ], [ -96.748611111111117, 37.758333333333333 ], [ -96.748611111111117, 37.75 ], [ -96.738888888888894, 37.75 ] ] ] } },
{ "type": "Feature", "properties": { "score": 83.9 }, "geometry": { "type": "Polygon", "coordinates": [ [ [ -96.729166666666671, 37.75 ], [ -96.729166666666671, 37.758333333333333 ], [ -96.738888888888894, 37.758333333333333 ], [ -96.738888888888894, 37.75 ], [ -96.729166666666671, 37.75 ] ] ] } },
{ "type": "Feature", "properties": { "score": 87.3 }, "geometry": { "type": "Polygon", "coordinates": [ [ [ -96.719444444444449, 37.75 ], [ -96.719444444444449, 37.758333333333333 ], [ -96.729166666666671, 37.758333333333333 ], [ -96.729166666666671, 37.75 ], [ -96.719444444444449, 37.75 ] ] ] } },
{ "type": "Feature", "properties": { "score": 78.5 }, "geometry": { "type": "Polygon", "coordinates": [ [ [ -96.709722222222226, 37.75 ], [ -96.709722222222226, 37.758333333333333 ], [ -96.719444444444449, 37.758333333333333 ], [ -96.719444444444449, 37.75 ], [ -96.709722222222226, 37.75 ] ] ] } },
{ "type": "Feature", "properties": { "score": 78.5 }, "geometry": { "type": "Polygon", "coordinates": [ [ [ -96.7, 37.75 ], [ -96.7, 37.758333333333333 ], [ -96.709722222222226, 37.758333333333333 ], [ -96.709722222222226, 37.75 ], [ -96.7, 37.75 ] ] ] } },
{ "type": "Feature", "properties": { "score": 74.2 }, "geometry": { "type": "Polygon", "coordinates": [ [ [ -97.040277777777774, 37.758333333333333 ], [ -97.040277777777774, 37.766666666666673 ], [ -97.05, 37.766666666666673 ], [ -97.05, 37.758333333333333 ], [ -97.040277777777774, 37.758333333333333 ] ] ] } },
{ "type": "Feature", "properties": { "score": 86.6 }, "geometry": { "type": "Polygon", "coordinates": [ [ [ -97.030555555555551, 37.758333333333333 ], [ -97.030555555555551, 37.766666666666673 ], [ -97.040277777777774, 37.766666666666673 ], [ -97.040277777777774, 37.758333333333333 ], [ -97.030555555555551, 37.758333333333333 ] ] ] } },
{ "type": "Feature", "properties": { "score": 83.9 }, "geometry": { "type": "Polygon", "coordinates": [ [ [ -97.020833333333329, 37.758333333333333 ], [ -97.020833333333329, 37.766666666666673 ], [ -97.030555555555551, 37.766666666666673 ], [ -97.030555555555551, 37.758333333333333 ], [ -97.020833333333329, 37.758333333333333 ] ] ] } },
{ "type": "Feature", "properties": { "score": 82.9 }, "geometry": { "type": "Polygon", "coordinates": [ [ [ -97.011111111111106, 37.758333333333333 ], [ -97.011111111111106, 37.766666666666673 ], [ -97.020833333333329, 37.766666666666673 ], [ -97.020833333333329, 37.758333333333333 ], [ -97.011111111111106, 37.758333333333333 ] ] ] } },
{ "type": "Feature", "properties": { "score": 68.1 }, "geometry": { "type": "Polygon", "coordinates": [ [ [ -97.001388888888883, 37.758333333333333 ], [ -97.001388888888883, 37.766666666666673 ], [ -97.011111111111106, 37.766666666666673 ], [ -97.011111111111106, 37.758333333333333 ], [ -97.001388888888883, 37.758333333333333 ] ] ] } },
{ "type": "Feature", "properties": { "score": 68.8 }, "geometry": { "type": "Polygon", "coordinates": [ [ [ -96.99166666666666, 37.758333333333333 ], [ -96.99166666666666, 37.766666666666673 ], [ -97.001388888888883, 37.766666666666673 ], [ -97.001388888888883, 37.758333333333333 ], [ -96.99166666666666, 37.758333333333333 ] ] ] } },
{ "type": "Feature", "properties": { "score": 78.3 }, "geometry": { "type": "Polygon", "coordinates": [ [ [ -96.981944444444437, 37.758333333333333 ], [ -96.981944444444437, 37.766666666666673 ], [ -96.99166666666666, 37.766666666666673 ], [ -96.99166666666666, 37.758333333333333 ], [ -96.981944444444437, 37.758333333333333 ] ] ] } },
{ "type": "Feature", "properties": { "score": 83.6 }, "geometry": { "type": "Polygon", "coordinates": [ [ [ -96.972222222222214, 37.758333333333333 ], [ -96.972222222222214, 37.766666666666673 ], [ -96.981944444444437, 37.766666666666673 ], [ -96.981944444444437, 37.758333333333333 ], [ -96.972222222222214, 37.758333333333333 ] ] ] } },
{ "type": "Feature", "properties": { "score": 81.8 }, "geometry": { "type": "Polygon", "coordinates": [ [ [ -96.9625, 37.758333333333333 ], [ -96.9625, 37.766666666666673 ], [ -96.972222222222214, 37.766666666666673 ], [ -96.972222222222214, 37.758333333333333 ], [ -96.9625, 37.758333333333333 ] ] ] } },
{ "type": "Feature", "properties": { "score": 82.2 }, "geometry": { "type": "Polygon", "coordinates": [ [ [ -96.952777777777783, 37.758333333333333 ], [ -96.952777777777783, 37.766666666666673 ], [ -96.9625, 37.766666666666673 ], [ -96.9625, 37.758333333333333 ], [ -96.952777777777783, 37.758333333333333 ] ] ] } },
{ "type": "Feature", "properties": { "score": 84.6 }, "geometry": { "type": "Polygon", "coordinates": [ [ [ -96.94305555555556, 37.758333333333333 ], [ -96.94305555555556, 37.766666666666673 ], [ -96.952777777777783, 37.766666666666673 ], [ -96.952777777777783, 37.758333333333333 ], [ -96.94305555555556, 37.758333333333333 ] ] ] } },
{ "type": "Feature", "properties": { "score": 87.6 }, "geometry": { "type": "Polygon", "coordinates": [ [ [ -96.933333333333337, 37.758333333333333 ], [ -96.933333333333337, 37.766666666666673 ], [ -96.94305555555556, 37.766666666666673 ], [ -96.94305555555556, 37.758333333333333 ], [ -96.933333333333337, 37.758333333333333 ] ] ] } },
{ "type": "Feature", "properties": { "score": 88.5 }, "geometry": { "type": "Polygon", "coordinates": [ [ [ -96.923611111111114, 37.758333333333333 ], [ -96.923611111111114, 37.766666666666673 ], [ -96.933333333333337, 37.766666666666673 ], [ -96.933333333333337, 37.758333333333333 ], [ -96.923611111111114, 37.758333333333333 ] ] ] } },
{ "type": "Feature", "properties": { "score": 88.7 }, "geometry": { "type": "Polygon", "coordinates": [ [ [ -96.913888888888891, 37.758333333333333 ], [ -96.913888888888891, 37.766666666666673 ], [ -96.923611111111114, 37.766666666666673 ], [ -96.923611111111114, 37.758333333333333 ], [ -96.913888888888891, 37.758333333333333 ] ] ] } },
{ "type": "Feature", "properties": { "score": 85.7 }, "geometry": { "type": "Polygon", "coordinates": [ [ [ -96.904166666666669, 37.758333333333333 ], [ -96.904166666666669, 37.766666666666673 ], [ -96.913888888888891, 37.766666666666673 ], [ -96.913888888888891, 37.758333333333333 ], [ -96.904166666666669, 37.758333333333333 ] ] ] } },
{ "type": "Feature", "properties": { "score": 74.9 }, "geometry": { "type": "Polygon", "coordinates": [ [ [ -96.894444444444446, 37.758333333333333 ], [ -96.894444444444446, 37.766666666666673 ], [ -96.904166666666669, 37.766666666666673 ], [ -96.904166666666669, 37.758333333333333 ], [ -96.894444444444446, 37.758333333333333 ] ] ] } },
{ "type": "Feature", "properties": { "score": 73.5 }, "geometry": { "type": "Polygon", "coordinates": [ [ [ -96.884722222222223, 37.758333333333333 ], [ -96.884722222222223, 37.766666666666673 ], [ -96.894444444444446, 37.766666666666673 ], [ -96.894444444444446, 37.758333333333333 ], [ -96.884722222222223, 37.758333333333333 ] ] ] } },
{ "type": "Feature", "properties": { "score": 74.1 }, "geometry": { "type": "Polygon", "coordinates": [ [ [ -96.875, 37.758333333333333 ], [ -96.875, 37.766666666666673 ], [ -96.884722222222223, 37.766666666666673 ], [ -96.884722222222223, 37.758333333333333 ], [ -96.875, 37.758333333333333 ] ] ] } },
{ "type": "Feature", "properties": { "score": 68.9 }, "geometry": { "type": "Polygon", "coordinates": [ [ [ -96.865277777777777, 37.758333333333333 ], [ -96.865277777777777, 37.766666666666673 ], [ -96.875, 37.766666666666673 ], [ -96.875, 37.758333333333333 ], [ -96.865277777777777, 37.758333333333333 ] ] ] } },
{ "type": "Feature", "properties": { "score": 84.3 }, "geometry": { "type": "Polygon", "coordinates": [ [ [ -96.855555555555554, 37.758333333333333 ], [ -96.855555555555554, 37.766666666666673 ], [ -96.865277777777777, 37.766666666666673 ], [ -96.865277777777777, 37.758333333333333 ], [ -96.855555555555554, 37.758333333333333 ] ] ] } },
{ "type": "Feature", "properties": { "score": 86.7 }, "geometry": { "type": "Polygon", "coordinates": [ [ [ -96.845833333333331, 37.758333333333333 ], [ -96.845833333333331, 37.766666666666673 ], [ -96.855555555555554, 37.766666666666673 ], [ -96.855555555555554, 37.758333333333333 ], [ -96.845833333333331, 37.758333333333333 ] ] ] } },
{ "type": "Feature", "properties": { "score": 85.1 }, "geometry": { "type": "Polygon", "coordinates": [ [ [ -96.836111111111109, 37.758333333333333 ], [ -96.836111111111109, 37.766666666666673 ], [ -96.845833333333331, 37.766666666666673 ], [ -96.845833333333331, 37.758333333333333 ], [ -96.836111111111109, 37.758333333333333 ] ] ] } },
{ "type": "Feature", "properties": { "score": 82.5 }, "geometry": { "type": "Polygon", "coordinates": [ [ [ -96.826388888888886, 37.758333333333333 ], [ -96.826388888888886, 37.766666666666673 ], [ -96.836111111111109, 37.766666666666673 ], [ -96.836111111111109, 37.758333333333333 ], [ -96.826388888888886, 37.758333333333333 ] ] ] } },
{ "type": "Feature", "properties": { "score": 83.2 }, "geometry": { "type": "Polygon", "coordinates": [ [ [ -96.816666666666663, 37.758333333333333 ], [ -96.816666666666663, 37.766666666666673 ], [ -96.826388888888886, 37.766666666666673 ], [ -96.826388888888886, 37.758333333333333 ], [ -96.816666666666663, 37.758333333333333 ] ] ] } },
{ "type": "Feature", "properties": { "score": 77.4 }, "geometry": { "type": "Polygon", "coordinates": [ [ [ -96.80694444444444, 37.758333333333333 ], [ -96.80694444444444, 37.766666666666673 ], [ -96.816666666666663, 37.766666666666673 ], [ -96.816666666666663, 37.758333333333333 ], [ -96.80694444444444, 37.758333333333333 ] ] ] } },
{ "type": "Feature", "properties": { "score": 78.3 }, "geometry": { "type": "Polygon", "coordinates": [ [ [ -96.797222222222217, 37.758333333333333 ], [ -96.797222222222217, 37.766666666666673 ], [ -96.80694444444444, 37.766666666666673 ], [ -96.80694444444444, 37.758333333333333 ], [ -96.797222222222217, 37.758333333333333 ] ] ] } },
{ "type": "Feature", "properties": { "score": 82.4 }, "geometry": { "type": "Polygon", "coordinates": [ [ [ -96.7875, 37.758333333333333 ], [ -96.7875, 37.766666666666673 ], [ -96.797222222222217, 37.766666666666673 ], [ -96.797222222222217, 37.758333333333333 ], [ -96.7875, 37.758333333333333 ] ] ] } },
{ "type": "Feature", "properties": { "score": 87.3 }, "geometry": { "type": "Polygon", "coordinates": [ [ [ -96.777777777777786, 37.758333333333333 ], [ -96.777777777777786, 37.766666666666673 ], [ -96.7875, 37.766666666666673 ], [ -96.7875, 37.758333333333333 ], [ -96.777777777777786, 37.758333333333333 ] ] ] } },
{ "type": "Feature", "properties": { "score": 86.9 }, "geometry": { "type": "Polygon", "coordinates": [ [ [ -96.768055555555563, 37.758333333333333 ], [ -96.768055555555563, 37.766666666666673 ], [ -96.777777777777786, 37.766666666666673 ], [ -96.777777777777786, 37.758333333333333 ], [ -96.768055555555563, 37.758333333333333 ] ] ] } },
{ "type": "Feature", "properties": { "score": 86.7 }, "geometry": { "type": "Polygon", "coordinates": [ [ [ -96.75833333333334, 37.758333333333333 ], [ -96.75833333333334, 37.766666666666673 ], [ -96.768055555555563, 37.766666666666673 ], [ -96.768055555555563, 37.758333333333333 ], [ -96.75833333333334, 37.758333333333333 ] ] ] } },
{ "type": "Feature", "properties": { "score": 85.3 }, "geometry": { "type": "Polygon", "coordinates": [ [ [ -96.748611111111117, 37.758333333333333 ], [ -96.748611111111117, 37.766666666666673 ], [ -96.75833333333334, 37.766666666666673 ], [ -96.75833333333334, 37.758333333333333 ], [ -96.748611111111117, 37.758333333333333 ] ] ] } },
{ "type": "Feature", "properties": { "score": 81.4 }, "geometry": { "type": "Polygon", "coordinates": [ [ [ -96.738888888888894, 37.758333333333333 ], [ -96.738888888888894, 37.766666666666673 ], [ -96.748611111111117, 37.766666666666673 ], [ -96.748611111111117, 37.758333333333333 ], [ -96.738888888888894, 37.758333333333333 ] ] ] } },
{ "type": "Feature", "properties": { "score": 85.8 }, "geometry": { "type": "Polygon", "coordinates": [ [ [ -96.729166666666671, 37.758333333333333 ], [ -96.729166666666671, 37.766666666666673 ], [ -96.738888888888894, 37.766666666666673 ], [ -96.738888888888894, 37.758333333333333 ], [ -96.729166666666671, 37.758333333333333 ] ] ] } },
{ "type": "Feature", "properties": { "score": 88.5 }, "geometry": { "type": "Polygon", "coordinates": [ [ [ -96.719444444444449, 37.758333333333333 ], [ -96.719444444444449, 37.766666666666673 ], [ -96.729166666666671, 37.766666666666673 ], [ -96.729166666666671, 37.758333333333333 ], [ -96.719444444444449, 37.758333333333333 ] ] ] } },
{ "type": "Feature", "properties": { "score": 85.2 }, "geometry": { "type": "Polygon", "coordinates": [ [ [ -96.709722222222226, 37.758333333333333 ], [ -96.709722222222226, 37.766666666666673 ], [ -96.719444444444449, 37.766666666666673 ], [ -96.719444444444449, 37.758333333333333 ], [ -96.709722222222226, 37.758333333333333 ] ] ] } },
{ "type": "Feature", "properties": { "score": 82.8 }, "geometry": { "type": "Polygon", "coordinates": [ [ [ -96.7, 37.758333333333333 ], [ -96.7, 37.766666666666673 ], [ -96.709722222222226, 37.766666666666673 ], [ -96.709722222222226, 37.758333333333333 ], [ -96.7, 37.758333333333333 ] ] ] } },
{ "type": "Feature", "properties": { "score": 80.9 }, "geometry": { "type": "Polygon", "coordinates": [ [ [ -97.040277777777774, 37.766666666666673 ], [ -97.040277777777774, 37.775 ], [ -97.05, 37.775 ], [ -97.05, 37.766666666666673 ], [ -97.040277777777774, 37.766666666666673 ] ] ] } },
{ "type": "Feature", "properties": { "score": 83.5 }, "geometry": { "type": "Polygon", "coordinates": [ [ [ -97.030555555555551, 37.766666666666673 ], [ -97.030555555555551, 37.775 ], [ -97.040277777777774, 37.775 ], [ -97.040277777777774, 37.766666666666673 ], [ -97.030555555555551, 37.766666666666673 ] ] ] } },
{ "type": "Feature", "properties": { "score": 75.3 }, "geometry": { "type": "Polygon", "coordinates": [ [ [ -97.020833333333329, 37.766666666666673 ], [ -97.020833333333329, 37.775 ], [ -97.030555555555551, 37.775 ], [ -97.030555555555551, 37.766666666666673 ], [ -97.020833333333329, 37.766666666666673 ] ] ] } },
{ "type": "Feature", "properties": { "score": 76.4 }, "geometry": { "type": "Polygon", "coordinates": [ [ [ -97.011111111111106, 37.766666666666673 ], [ -97.011111111111106, 37.775 ], [ -97.020833333333329, 37.775 ], [ -97.020833333333329, 37.766666666666673 ], [ -97.011111111111106, 37.766666666666673 ] ] ] } },
{ "type": "Feature", "properties": { "score": 82.5 }, "geometry": { "type": "Polygon", "coordinates": [ [ [ -97.001388888888883, 37.766666666666673 ], [ -97.001388888888883, 37.775 ], [ -97.011111111111106, 37.775 ], [ -97.011111111111106, 37.766666666666673 ], [ -97.001388888888883, 37.766666666666673 ] ] ] } },
{ "type": "Feature", "properties": { "score": 75.5 }, "geometry": { "type": "Polygon", "coordinates": [ [ [ -96.99166666666666, 37.766666666666673 ], [ -96.99166666666666, 37.775 ], [ -97.001388888888883, 37.775 ], [ -97.001388888888883, 37.766666666666673 ], [ -96.99166666666666, 37.766666666666673 ] ] ] } },
{ "type": "Feature", "properties": { "score": 69.3 }, "geometry": { "type": "Polygon", "coordinates": [ [ [ -96.981944444444437, 37.766666666666673 ], [ -96.981944444444437, 37.775 ], [ -96.99166666666666, 37.775 ], [ -96.99166666666666, 37.766666666666673 ], [ -96.981944444444437, 37.766666666666673 ] ] ] } },
{ "type": "Feature", "properties": { "score": 75.3 }, "geometry": { "type": "Polygon", "coordinates": [ [ [ -96.972222222222214, 37.766666666666673 ], [ -96.972222222222214, 37.775 ], [ -96.981944444444437, 37.775 ], [ -96.981944444444437, 37.766666666666673 ], [ -96.972222222222214, 37.766666666666673 ] ] ] } },
{ "type": "Feature", "properties": { "score": 85.5 }, "geometry": { "type": "Polygon", "coordinates": [ [ [ -96.9625, 37.766666666666673 ], [ -96.9625, 37.775 ], [ -96.972222222222214, 37.775 ], [ -96.972222222222214, 37.766666666666673 ], [ -96.9625, 37.766666666666673 ] ] ] } },
{ "type": "Feature", "properties": { "score": 86.2 }, "geometry": { "type": "Polygon", "coordinates": [ [ [ -96.952777777777783, 37.766666666666673 ], [ -96.952777777777783, 37.775 ], [ -96.9625, 37.775 ], [ -96.9625, 37.766666666666673 ], [ -96.952777777777783, 37.766666666666673 ] ] ] } },
{ "type": "Feature", "properties": { "score": 85.7 }, "geometry": { "type": "Polygon", "coordinates": [ [ [ -96.94305555555556, 37.766666666666673 ], [ -96.94305555555556, 37.775 ], [ -96.952777777777783, 37.775 ], [ -96.952777777777783, 37.766666666666673 ], [ -96.94305555555556, 37.766666666666673 ] ] ] } },
{ "type": "Feature", "properties": { "score": 88.1 }, "geometry": { "type": "Polygon", "coordinates": [ [ [ -96.933333333333337, 37.766666666666673 ], [ -96.933333333333337, 37.775 ], [ -96.94305555555556, 37.775 ], [ -96.94305555555556, 37.766666666666673 ], [ -96.933333333333337, 37.766666666666673 ] ] ] } },
{ "type": "Feature", "properties": { "score": 89.6 }, "geometry": { "type": "Polygon", "coordinates": [ [ [ -96.923611111111114, 37.766666666666673 ], [ -96.923611111111114, 37.775 ], [ -96.933333333333337, 37.775 ], [ -96.933333333333337, 37.766666666666673 ], [ -96.923611111111114, 37.766666666666673 ] ] ] } },
{ "type": "Feature", "properties": { "score": 87.4 }, "geometry": { "type": "Polygon", "coordinates": [ [ [ -96.913888888888891, 37.766666666666673 ], [ -96.913888888888891, 37.775 ], [ -96.923611111111114, 37.775 ], [ -96.923611111111114, 37.766666666666673 ], [ -96.913888888888891, 37.766666666666673 ] ] ] } },
{ "type": "Feature", "properties": { "score": 86.0 }, "geometry": { "type": "Polygon", "coordinates": [ [ [ -96.904166666666669, 37.766666666666673 ], [ -96.904166666666669, 37.775 ], [ -96.913888888888891, 37.775 ], [ -96.913888888888891, 37.766666666666673 ], [ -96.904166666666669, 37.766666666666673 ] ] ] } },
{ "type": "Feature", "properties": { "score": 76.0 }, "geometry": { "type": "Polygon", "coordinates": [ [ [ -96.894444444444446, 37.766666666666673 ], [ -96.894444444444446, 37.775 ], [ -96.904166666666669, 37.775 ], [ -96.904166666666669, 37.766666666666673 ], [ -96.894444444444446, 37.766666666666673 ] ] ] } },
{ "type": "Feature", "properties": { "score": 79.2 }, "geometry": { "type": "Polygon", "coordinates": [ [ [ -96.884722222222223, 37.766666666666673 ], [ -96.884722222222223, 37.775 ], [ -96.894444444444446, 37.775 ], [ -96.894444444444446, 37.766666666666673 ], [ -96.884722222222223, 37.766666666666673 ] ] ] } },
{ "type": "Feature", "properties": { "score": 71.6 }, "geometry": { "type": "Polygon", "coordinates": [ [ [ -96.875, 37.766666666666673 ], [ -96.875, 37.775 ], [ -96.884722222222223, 37.775 ], [ -96.884722222222223, 37.766666666666673 ], [ -96.875, 37.766666666666673 ] ] ] } },
{ "type": "Feature", "properties": { "score": 63.5 }, "geometry": { "type": "Polygon", "coordinates": [ [ [ -96.865277777777777, 37.766666666666673 ], [ -96.865277777777777, 37.775 ], [ -96.875, 37.775 ], [ -96.875, 37.766666666666673 ], [ -96.865277777777777, 37.766666666666673 ] ] ] } },
{ "type": "Feature", "properties": { "score": 64.9 }, "geometry": { "type": "Polygon", "coordinates": [ [ [ -96.855555555555554, 37.766666666666673 ], [ -96.855555555555554, 37.775 ], [ -96.865277777777777, 37.775 ], [ -96.865277777777777, 37.766666666666673 ], [ -96.855555555555554, 37.766666666666673 ] ] ] } },
{ "type": "Feature", "properties": { "score": 71.0 }, "geometry": { "type": "Polygon", "coordinates": [ [ [ -96.845833333333331, 37.766666666666673 ], [ -96.845833333333331, 37.775 ], [ -96.855555555555554, 37.775 ], [ -96.855555555555554, 37.766666666666673 ], [ -96.845833333333331, 37.766666666666673 ] ] ] } },
{ "type": "Feature", "properties": { "score": 79.0 }, "geometry": { "type": "Polygon", "coordinates": [ [ [ -96.836111111111109, 37.766666666666673 ], [ -96.836111111111109, 37.775 ], [ -96.845833333333331, 37.775 ], [ -96.845833333333331, 37.766666666666673 ], [ -96.836111111111109, 37.766666666666673 ] ] ] } },
{ "type": "Feature", "properties": { "score": 86.7 }, "geometry": { "type": "Polygon", "coordinates": [ [ [ -96.826388888888886, 37.766666666666673 ], [ -96.826388888888886, 37.775 ], [ -96.836111111111109, 37.775 ], [ -96.836111111111109, 37.766666666666673 ], [ -96.826388888888886, 37.766666666666673 ] ] ] } },
{ "type": "Feature", "properties": { "score": 86.5 }, "geometry": { "type": "Polygon", "coordinates": [ [ [ -96.816666666666663, 37.766666666666673 ], [ -96.816666666666663, 37.775 ], [ -96.826388888888886, 37.775 ], [ -96.826388888888886, 37.766666666666673 ], [ -96.816666666666663, 37.766666666666673 ] ] ] } },
{ "type": "Feature", "properties": { "score": 86.2 }, "geometry": { "type": "Polygon", "coordinates": [ [ [ -96.80694444444444, 37.766666666666673 ], [ -96.80694444444444, 37.775 ], [ -96.816666666666663, 37.775 ], [ -96.816666666666663, 37.766666666666673 ], [ -96.80694444444444, 37.766666666666673 ] ] ] } },
{ "type": "Feature", "properties": { "score": 79.1 }, "geometry": { "type": "Polygon", "coordinates": [ [ [ -96.797222222222217, 37.766666666666673 ], [ -96.797222222222217, 37.775 ], [ -96.80694444444444, 37.775 ], [ -96.80694444444444, 37.766666666666673 ], [ -96.797222222222217, 37.766666666666673 ] ] ] } },
{ "type": "Feature", "properties": { "score": 80.4 }, "geometry": { "type": "Polygon", "coordinates": [ [ [ -96.7875, 37.766666666666673 ], [ -96.7875, 37.775 ], [ -96.797222222222217, 37.775 ], [ -96.797222222222217, 37.766666666666673 ], [ -96.7875, 37.766666666666673 ] ] ] } },
{ "type": "Feature", "properties": { "score": 77.8 }, "geometry": { "type": "Polygon", "coordinates": [ [ [ -96.777777777777786, 37.766666666666673 ], [ -96.777777777777786, 37.775 ], [ -96.7875, 37.775 ], [ -96.7875, 37.766666666666673 ], [ -96.777777777777786, 37.766666666666673 ] ] ] } },
{ "type": "Feature", "properties": { "score": 79.3 }, "geometry": { "type": "Polygon", "coordinates": [ [ [ -96.768055555555563, 37.766666666666673 ], [ -96.768055555555563, 37.775 ], [ -96.777777777777786, 37.775 ], [ -96.777777777777786, 37.766666666666673 ], [ -96.768055555555563, 37.766666666666673 ] ] ] } },
{ "type": "Feature", "properties": { "score": 78.6 }, "geometry": { "type": "Polygon", "coordinates": [ [ [ -96.75833333333334, 37.766666666666673 ], [ -96.75833333333334, 37.775 ], [ -96.768055555555563, 37.775 ], [ -96.768055555555563, 37.766666666666673 ], [ -96.75833333333334, 37.766666666666673 ] ] ] } },
{ "type": "Feature", "properties": { "score": 83.3 }, "geometry": { "type": "Polygon", "coordinates": [ [ [ -96.748611111111117, 37.766666666666673 ], [ -96.748611111111117, 37.775 ], [ -96.75833333333334, 37.775 ], [ -96.75833333333334, 37.766666666666673 ], [ -96.748611111111117, 37.766666666666673 ] ] ] } },
{ "type": "Feature", "properties": { "score": 89.2 }, "geometry": { "type": "Polygon", "coordinates": [ [ [ -96.738888888888894, 37.766666666666673 ], [ -96.738888888888894, 37.775 ], [ -96.748611111111117, 37.775 ], [ -96.748611111111117, 37.766666666666673 ], [ -96.738888888888894, 37.766666666666673 ] ] ] } },
{ "type": "Feature", "properties": { "score": 86.4 }, "geometry": { "type": "Polygon", "coordinates": [ [ [ -96.729166666666671, 37.766666666666673 ], [ -96.729166666666671, 37.775 ], [ -96.738888888888894, 37.775 ], [ -96.738888888888894, 37.766666666666673 ], [ -96.729166666666671, 37.766666666666673 ] ] ] } },
{ "type": "Feature", "properties": { "score": 86.9 }, "geometry": { "type": "Polygon", "coordinates": [ [ [ -96.719444444444449, 37.766666666666673 ], [ -96.719444444444449, 37.775 ], [ -96.729166666666671, 37.775 ], [ -96.729166666666671, 37.766666666666673 ], [ -96.719444444444449, 37.766666666666673 ] ] ] } },
{ "type": "Feature", "properties": { "score": 89.0 }, "geometry": { "type": "Polygon", "coordinates": [ [ [ -96.709722222222226, 37.766666666666673 ], [ -96.709722222222226, 37.775 ], [ -96.719444444444449, 37.775 ], [ -96.719444444444449, 37.766666666666673 ], [ -96.709722222222226, 37.766666666666673 ] ] ] } },
{ "type": "Feature", "properties": { "score": 88.3 }, "geometry": { "type": "Polygon", "coordinates": [ [ [ -96.7, 37.766666666666673 ], [ -96.7, 37.775 ], [ -96.709722222222226, 37.775 ], [ -96.709722222222226, 37.766666666666673 ], [ -96.7, 37.766666666666673 ] ] ] } },
{ "type": "Feature", "properties": { "score": 79.3 }, "geometry": { "type": "Polygon", "coordinates": [ [ [ -97.040277777777774, 37.775 ], [ -97.040277777777774, 37.783333333333339 ], [ -97.05, 37.783333333333339 ], [ -97.05, 37.775 ], [ -97.040277777777774, 37.775 ] ] ] } },
{ "type": "Feature", "properties": { "score": 82.8 }, "geometry": { "type": "Polygon", "coordinates": [ [ [ -97.030555555555551, 37.775 ], [ -97.030555555555551, 37.783333333333339 ], [ -97.040277777777774, 37.783333333333339 ], [ -97.040277777777774, 37.775 ], [ -97.030555555555551, 37.775 ] ] ] } },
{ "type": "Feature", "properties": { "score": 72.4 }, "geometry": { "type": "Polygon", "coordinates": [ [ [ -97.020833333333329, 37.775 ], [ -97.020833333333329, 37.783333333333339 ], [ -97.030555555555551, 37.783333333333339 ], [ -97.030555555555551, 37.775 ], [ -97.020833333333329, 37.775 ] ] ] } },
{ "type": "Feature", "properties": { "score": 76.1 }, "geometry": { "type": "Polygon", "coordinates": [ [ [ -97.011111111111106, 37.775 ], [ -97.011111111111106, 37.783333333333339 ], [ -97.020833333333329, 37.783333333333339 ], [ -97.020833333333329, 37.775 ], [ -97.011111111111106, 37.775 ] ] ] } },
{ "type": "Feature", "properties": { "score": 81.4 }, "geometry": { "type": "Polygon", "coordinates": [ [ [ -97.001388888888883, 37.775 ], [ -97.001388888888883, 37.783333333333339 ], [ -97.011111111111106, 37.783333333333339 ], [ -97.011111111111106, 37.775 ], [ -97.001388888888883, 37.775 ] ] ] } },
{ "type": "Feature", "properties": { "score": 74.9 }, "geometry": { "type": "Polygon", "coordinates": [ [ [ -96.99166666666666, 37.775 ], [ -96.99166666666666, 37.783333333333339 ], [ -97.001388888888883, 37.783333333333339 ], [ -97.001388888888883, 37.775 ], [ -96.99166666666666, 37.775 ] ] ] } },
{ "type": "Feature", "properties": { "score": 81.6 }, "geometry": { "type": "Polygon", "coordinates": [ [ [ -96.981944444444437, 37.775 ], [ -96.981944444444437, 37.783333333333339 ], [ -96.99166666666666, 37.783333333333339 ], [ -96.99166666666666, 37.775 ], [ -96.981944444444437, 37.775 ] ] ] } },
{ "type": "Feature", "properties": { "score": 77.7 }, "geometry": { "type": "Polygon", "coordinates": [ [ [ -96.972222222222214, 37.775 ], [ -96.972222222222214, 37.783333333333339 ], [ -96.981944444444437, 37.783333333333339 ], [ -96.981944444444437, 37.775 ], [ -96.972222222222214, 37.775 ] ] ] } },
{ "type": "Feature", "properties": { "score": 81.7 }, "geometry": { "type": "Polygon", "coordinates": [ [ [ -96.9625, 37.775 ], [ -96.9625, 37.783333333333339 ], [ -96.972222222222214, 37.783333333333339 ], [ -96.972222222222214, 37.775 ], [ -96.9625, 37.775 ] ] ] } },
{ "type": "Feature", "properties": { "score": 83.7 }, "geometry": { "type": "Polygon", "coordinates": [ [ [ -96.952777777777783, 37.775 ], [ -96.952777777777783, 37.783333333333339 ], [ -96.9625, 37.783333333333339 ], [ -96.9625, 37.775 ], [ -96.952777777777783, 37.775 ] ] ] } },
{ "type": "Feature", "properties": { "score": 82.8 }, "geometry": { "type": "Polygon", "coordinates": [ [ [ -96.94305555555556, 37.775 ], [ -96.94305555555556, 37.783333333333339 ], [ -96.952777777777783, 37.783333333333339 ], [ -96.952777777777783, 37.775 ], [ -96.94305555555556, 37.775 ] ] ] } },
{ "type": "Feature", "properties": { "score": 88.6 }, "geometry": { "type": "Polygon", "coordinates": [ [ [ -96.933333333333337, 37.775 ], [ -96.933333333333337, 37.783333333333339 ], [ -96.94305555555556, 37.783333333333339 ], [ -96.94305555555556, 37.775 ], [ -96.933333333333337, 37.775 ] ] ] } },
{ "type": "Feature", "properties": { "score": 84.7 }, "geometry": { "type": "Polygon", "coordinates": [ [ [ -96.923611111111114, 37.775 ], [ -96.923611111111114, 37.783333333333339 ], [ -96.933333333333337, 37.783333333333339 ], [ -96.933333333333337, 37.775 ], [ -96.923611111111114, 37.775 ] ] ] } },
{ "type": "Feature", "properties": { "score": 75.5 }, "geometry": { "type": "Polygon", "coordinates": [ [ [ -96.913888888888891, 37.775 ], [ -96.913888888888891, 37.783333333333339 ], [ -96.923611111111114, 37.783333333333339 ], [ -96.923611111111114, 37.775 ], [ -96.913888888888891, 37.775 ] ] ] } },
{ "type": "Feature", "properties": { "score": 72.8 }, "geometry": { "type": "Polygon", "coordinates": [ [ [ -96.904166666666669, 37.775 ], [ -96.904166666666669, 37.783333333333339 ], [ -96.913888888888891, 37.783333333333339 ], [ -96.913888888888891, 37.775 ], [ -96.904166666666669, 37.775 ] ] ] } },
{ "type": "Feature", "properties": { "score": 79.4 }, "geometry": { "type": "Polygon", "coordinates": [ [ [ -96.894444444444446, 37.775 ], [ -96.894444444444446, 37.783333333333339 ], [ -96.904166666666669, 37.783333333333339 ], [ -96.904166666666669, 37.775 ], [ -96.894444444444446, 37.775 ] ] ] } },
{ "type": "Feature", "properties": { "score": 78.2 }, "geometry": { "type": "Polygon", "coordinates": [ [ [ -96.884722222222223, 37.775 ], [ -96.884722222222223, 37.783333333333339 ], [ -96.894444444444446, 37.783333333333339 ], [ -96.894444444444446, 37.775 ], [ -96.884722222222223, 37.775 ] ] ] } },
{ "type": "Feature", "properties": { "score": 72.1 }, "geometry": { "type": "Polygon", "coordinates": [ [ [ -96.875, 37.775 ], [ -96.875, 37.783333333333339 ], [ -96.884722222222223, 37.783333333333339 ], [ -96.884722222222223, 37.775 ], [ -96.875, 37.775 ] ] ] } },
{ "type": "Feature", "properties": { "score": 71.6 }, "geometry": { "type": "Polygon", "coordinates": [ [ [ -96.865277777777777, 37.775 ], [ -96.865277777777777, 37.783333333333339 ], [ -96.875, 37.783333333333339 ], [ -96.875, 37.775 ], [ -96.865277777777777, 37.775 ] ] ] } },
{ "type": "Feature", "properties": { "score": 73.3 }, "geometry": { "type": "Polygon", "coordinates": [ [ [ -96.855555555555554, 37.775 ], [ -96.855555555555554, 37.783333333333339 ], [ -96.865277777777777, 37.783333333333339 ], [ -96.865277777777777, 37.775 ], [ -96.855555555555554, 37.775 ] ] ] } },
{ "type": "Feature", "properties": { "score": 87.1 }, "geometry": { "type": "Polygon", "coordinates": [ [ [ -96.845833333333331, 37.775 ], [ -96.845833333333331, 37.783333333333339 ], [ -96.855555555555554, 37.783333333333339 ], [ -96.855555555555554, 37.775 ], [ -96.845833333333331, 37.775 ] ] ] } },
{ "type": "Feature", "properties": { "score": 85.6 }, "geometry": { "type": "Polygon", "coordinates": [ [ [ -96.836111111111109, 37.775 ], [ -96.836111111111109, 37.783333333333339 ], [ -96.845833333333331, 37.783333333333339 ], [ -96.845833333333331, 37.775 ], [ -96.836111111111109, 37.775 ] ] ] } },
{ "type": "Feature", "properties": { "score": 85.8 }, "geometry": { "type": "Polygon", "coordinates": [ [ [ -96.826388888888886, 37.775 ], [ -96.826388888888886, 37.783333333333339 ], [ -96.836111111111109, 37.783333333333339 ], [ -96.836111111111109, 37.775 ], [ -96.826388888888886, 37.775 ] ] ] } },
{ "type": "Feature", "properties": { "score": 85.5 }, "geometry": { "type": "Polygon", "coordinates": [ [ [ -96.816666666666663, 37.775 ], [ -96.816666666666663, 37.783333333333339 ], [ -96.826388888888886, 37.783333333333339 ], [ -96.826388888888886, 37.775 ], [ -96.816666666666663, 37.775 ] ] ] } },
{ "type": "Feature", "properties": { "score": 89.6 }, "geometry": { "type": "Polygon", "coordinates": [ [ [ -96.80694444444444, 37.775 ], [ -96.80694444444444, 37.783333333333339 ], [ -96.816666666666663, 37.783333333333339 ], [ -96.816666666666663, 37.775 ], [ -96.80694444444444, 37.775 ] ] ] } },
{ "type": "Feature", "properties": { "score": 88.3 }, "geometry": { "type": "Polygon", "coordinates": [ [ [ -96.797222222222217, 37.775 ], [ -96.797222222222217, 37.783333333333339 ], [ -96.80694444444444, 37.783333333333339 ], [ -96.80694444444444, 37.775 ], [ -96.797222222222217, 37.775 ] ] ] } },
{ "type": "Feature", "properties": { "score": 86.6 }, "geometry": { "type": "Polygon", "coordinates": [ [ [ -96.7875, 37.775 ], [ -96.7875, 37.783333333333339 ], [ -96.797222222222217, 37.783333333333339 ], [ -96.797222222222217, 37.775 ], [ -96.7875, 37.775 ] ] ] } },
{ "type": "Feature", "properties": { "score": 82.5 }, "geometry": { "type": "Polygon", "coordinates": [ [ [ -96.777777777777786, 37.775 ], [ -96.777777777777786, 37.783333333333339 ], [ -96.7875, 37.783333333333339 ], [ -96.7875, 37.775 ], [ -96.777777777777786, 37.775 ] ] ] } },
{ "type": "Feature", "properties": { "score": 84.8 }, "geometry": { "type": "Polygon", "coordinates": [ [ [ -96.768055555555563, 37.775 ], [ -96.768055555555563, 37.783333333333339 ], [ -96.777777777777786, 37.783333333333339 ], [ -96.777777777777786, 37.775 ], [ -96.768055555555563, 37.775 ] ] ] } },
{ "type": "Feature", "properties": { "score": 89.8 }, "geometry": { "type": "Polygon", "coordinates": [ [ [ -96.75833333333334, 37.775 ], [ -96.75833333333334, 37.783333333333339 ], [ -96.768055555555563, 37.783333333333339 ], [ -96.768055555555563, 37.775 ], [ -96.75833333333334, 37.775 ] ] ] } },
{ "type": "Feature", "properties": { "score": 88.2 }, "geometry": { "type": "Polygon", "coordinates": [ [ [ -96.748611111111117, 37.775 ], [ -96.748611111111117, 37.783333333333339 ], [ -96.75833333333334, 37.783333333333339 ], [ -96.75833333333334, 37.775 ], [ -96.748611111111117, 37.775 ] ] ] } },
{ "type": "Feature", "properties": { "score": 84.9 }, "geometry": { "type": "Polygon", "coordinates": [ [ [ -96.738888888888894, 37.775 ], [ -96.738888888888894, 37.783333333333339 ], [ -96.748611111111117, 37.783333333333339 ], [ -96.748611111111117, 37.775 ], [ -96.738888888888894, 37.775 ] ] ] } },
{ "type": "Feature", "properties": { "score": 86.2 }, "geometry": { "type": "Polygon", "coordinates": [ [ [ -96.729166666666671, 37.775 ], [ -96.729166666666671, 37.783333333333339 ], [ -96.738888888888894, 37.783333333333339 ], [ -96.738888888888894, 37.775 ], [ -96.729166666666671, 37.775 ] ] ] } },
{ "type": "Feature", "properties": { "score": 84.7 }, "geometry": { "type": "Polygon", "coordinates": [ [ [ -96.719444444444449, 37.775 ], [ -96.719444444444449, 37.783333333333339 ], [ -96.729166666666671, 37.783333333333339 ], [ -96.729166666666671, 37.775 ], [ -96.719444444444449, 37.775 ] ] ] } },
{ "type": "Feature", "properties": { "score": 83.5 }, "geometry": { "type": "Polygon", "coordinates": [ [ [ -96.709722222222226, 37.775 ], [ -96.709722222222226, 37.783333333333339 ], [ -96.719444444444449, 37.783333333333339 ], [ -96.719444444444449, 37.775 ], [ -96.709722222222226, 37.775 ] ] ] } },
{ "type": "Feature", "properties": { "score": 81.9 }, "geometry": { "type": "Polygon", "coordinates": [ [ [ -96.7, 37.775 ], [ -96.7, 37.783333333333339 ], [ -96.709722222222226, 37.783333333333339 ], [ -96.709722222222226, 37.775 ], [ -96.7, 37.775 ] ] ] } },
{ "type": "Feature", "properties": { "score": 76.8 }, "geometry": { "type": "Polygon", "coordinates": [ [ [ -97.040277777777774, 37.783333333333339 ], [ -97.040277777777774, 37.791666666666671 ], [ -97.05, 37.791666666666671 ], [ -97.05, 37.783333333333339 ], [ -97.040277777777774, 37.783333333333339 ] ] ] } },
{ "type": "Feature", "properties": { "score": 76.7 }, "geometry": { "type": "Polygon", "coordinates": [ [ [ -97.030555555555551, 37.783333333333339 ], [ -97.030555555555551, 37.791666666666671 ], [ -97.040277777777774, 37.791666666666671 ], [ -97.040277777777774, 37.783333333333339 ], [ -97.030555555555551, 37.783333333333339 ] ] ] } },
{ "type": "Feature", "properties": { "score": 63.1 }, "geometry": { "type": "Polygon", "coordinates": [ [ [ -97.020833333333329, 37.783333333333339 ], [ -97.020833333333329, 37.791666666666671 ], [ -97.030555555555551, 37.791666666666671 ], [ -97.030555555555551, 37.783333333333339 ], [ -97.020833333333329, 37.783333333333339 ] ] ] } },
{ "type": "Feature", "properties": { "score": 71.2 }, "geometry": { "type": "Polygon", "coordinates": [ [ [ -97.011111111111106, 37.783333333333339 ], [ -97.011111111111106, 37.791666666666671 ], [ -97.020833333333329, 37.791666666666671 ], [ -97.020833333333329, 37.783333333333339 ], [ -97.011111111111106, 37.783333333333339 ] ] ] } },
{ "type": "Feature", "properties": { "score": 78.1 }, "geometry": { "type": "Polygon", "coordinates": [ [ [ -97.001388888888883, 37.783333333333339 ], [ -97.001388888888883, 37.791666666666671 ], [ -97.011111111111106, 37.791666666666671 ], [ -97.011111111111106, 37.783333333333339 ], [ -97.001388888888883, 37.783333333333339 ] ] ] } },
{ "type": "Feature", "properties": { "score": 77.5 }, "geometry": { "type": "Polygon", "coordinates": [ [ [ -96.99166666666666, 37.783333333333339 ], [ -96.99166666666666, 37.791666666666671 ], [ -97.001388888888883, 37.791666666666671 ], [ -97.001388888888883, 37.783333333333339 ], [ -96.99166666666666, 37.783333333333339 ] ] ] } },
{ "type": "Feature", "properties": { "score": 76.0 }, "geometry": { "type": "Polygon", "coordinates": [ [ [ -96.981944444444437, 37.783333333333339 ], [ -96.981944444444437, 37.791666666666671 ], [ -96.99166666666666, 37.791666666666671 ], [ -96.99166666666666, 37.783333333333339 ], [ -96.981944444444437, 37.783333333333339 ] ] ] } },
{ "type": "Feature", "properties": { "score": 85.7 }, "geometry": { "type": "Polygon", "coordinates": [ [ [ -96.972222222222214, 37.783333333333339 ], [ -96.972222222222214, 37.791666666666671 ], [ -96.981944444444437, 37.791666666666671 ], [ -96.981944444444437, 37.783333333333339 ], [ -96.972222222222214, 37.783333333333339 ] ] ] } },
{ "type": "Feature", "properties": { "score": 86.8 }, "geometry": { "type": "Polygon", "coordinates": [ [ [ -96.9625, 37.783333333333339 ], [ -96.9625, 37.791666666666671 ], [ -96.972222222222214, 37.791666666666671 ], [ -96.972222222222214, 37.783333333333339 ], [ -96.9625, 37.783333333333339 ] ] ] } },
{ "type": "Feature", "properties": { "score": 85.9 }, "geometry": { "type": "Polygon", "coordinates": [ [ [ -96.952777777777783, 37.783333333333339 ], [ -96.952777777777783, 37.791666666666671 ], [ -96.9625, 37.791666666666671 ], [ -96.9625, 37.783333333333339 ], [ -96.952777777777783, 37.783333333333339 ] ] ] } },
{ "type": "Feature", "properties": { "score": 86.8 }, "geometry": { "type": "Polygon", "coordinates": [ [ [ -96.94305555555556, 37.783333333333339 ], [ -96.94305555555556, 37.791666666666671 ], [ -96.952777777777783, 37.791666666666671 ], [ -96.952777777777783, 37.783333333333339 ], [ -96.94305555555556, 37.783333333333339 ] ] ] } },
{ "type": "Feature", "properties": { "score": 85.5 }, "geometry": { "type": "Polygon", "coordinates": [ [ [ -96.933333333333337, 37.783333333333339 ], [ -96.933333333333337, 37.791666666666671 ], [ -96.94305555555556, 37.791666666666671 ], [ -96.94305555555556, 37.783333333333339 ], [ -96.933333333333337, 37.783333333333339 ] ] ] } },
{ "type": "Feature", "properties": { "score": 84.4 }, "geometry": { "type": "Polygon", "coordinates": [ [ [ -96.923611111111114, 37.783333333333339 ], [ -96.923611111111114, 37.791666666666671 ], [ -96.933333333333337, 37.791666666666671 ], [ -96.933333333333337, 37.783333333333339 ], [ -96.923611111111114, 37.783333333333339 ] ] ] } },
{ "type": "Feature", "properties": { "score": 85.3 }, "geometry": { "type": "Polygon", "coordinates": [ [ [ -96.913888888888891, 37.783333333333339 ], [ -96.913888888888891, 37.791666666666671 ], [ -96.923611111111114, 37.791666666666671 ], [ -96.923611111111114, 37.783333333333339 ], [ -96.913888888888891, 37.783333333333339 ] ] ] } },
{ "type": "Feature", "properties": { "score": 79.6 }, "geometry": { "type": "Polygon", "coordinates": [ [ [ -96.904166666666669, 37.783333333333339 ], [ -96.904166666666669, 37.791666666666671 ], [ -96.913888888888891, 37.791666666666671 ], [ -96.913888888888891, 37.783333333333339 ], [ -96.904166666666669, 37.783333333333339 ] ] ] } },
{ "type": "Feature", "properties": { "score": 83.5 }, "geometry": { "type": "Polygon", "coordinates": [ [ [ -96.894444444444446, 37.783333333333339 ], [ -96.894444444444446, 37.791666666666671 ], [ -96.904166666666669, 37.791666666666671 ], [ -96.904166666666669, 37.783333333333339 ], [ -96.894444444444446, 37.783333333333339 ] ] ] } },
{ "type": "Feature", "properties": { "score": 83.3 }, "geometry": { "type": "Polygon", "coordinates": [ [ [ -96.884722222222223, 37.783333333333339 ], [ -96.884722222222223, 37.791666666666671 ], [ -96.894444444444446, 37.791666666666671 ], [ -96.894444444444446, 37.783333333333339 ], [ -96.884722222222223, 37.783333333333339 ] ] ] } },
{ "type": "Feature", "properties": { "score": 73.7 }, "geometry": { "type": "Polygon", "coordinates": [ [ [ -96.875, 37.783333333333339 ], [ -96.875, 37.791666666666671 ], [ -96.884722222222223, 37.791666666666671 ], [ -96.884722222222223, 37.783333333333339 ], [ -96.875, 37.783333333333339 ] ] ] } },
{ "type": "Feature", "properties": { "score": 68.9 }, "geometry": { "type": "Polygon", "coordinates": [ [ [ -96.865277777777777, 37.783333333333339 ], [ -96.865277777777777, 37.791666666666671 ], [ -96.875, 37.791666666666671 ], [ -96.875, 37.783333333333339 ], [ -96.865277777777777, 37.783333333333339 ] ] ] } },
{ "type": "Feature", "properties": { "score": 67.4 }, "geometry": { "type": "Polygon", "coordinates": [ [ [ -96.855555555555554, 37.783333333333339 ], [ -96.855555555555554, 37.791666666666671 ], [ -96.865277777777777, 37.791666666666671 ], [ -96.865277777777777, 37.783333333333339 ], [ -96.855555555555554, 37.783333333333339 ] ] ] } },
{ "type": "Feature", "properties": { "score": 69.3 }, "geometry": { "type": "Polygon", "coordinates": [ [ [ -96.845833333333331, 37.783333333333339 ], [ -96.845833333333331, 37.791666666666671 ], [ -96.855555555555554, 37.791666666666671 ], [ -96.855555555555554, 37.783333333333339 ], [ -96.845833333333331, 37.783333333333339 ] ] ] } },
{ "type": "Feature", "properties": { "score": 81.2 }, "geometry": { "type": "Polygon", "coordinates": [ [ [ -96.836111111111109, 37.783333333333339 ], [ -96.836111111111109, 37.791666666666671 ], [ -96.845833333333331, 37.791666666666671 ], [ -96.845833333333331, 37.783333333333339 ], [ -96.836111111111109, 37.783333333333339 ] ] ] } },
{ "type": "Feature", "properties": { "score": 82.6 }, "geometry": { "type": "Polygon", "coordinates": [ [ [ -96.826388888888886, 37.783333333333339 ], [ -96.826388888888886, 37.791666666666671 ], [ -96.836111111111109, 37.791666666666671 ], [ -96.836111111111109, 37.783333333333339 ], [ -96.826388888888886, 37.783333333333339 ] ] ] } },
{ "type": "Feature", "properties": { "score": 88.5 }, "geometry": { "type": "Polygon", "coordinates": [ [ [ -96.816666666666663, 37.783333333333339 ], [ -96.816666666666663, 37.791666666666671 ], [ -96.826388888888886, 37.791666666666671 ], [ -96.826388888888886, 37.783333333333339 ], [ -96.816666666666663, 37.783333333333339 ] ] ] } },
{ "type": "Feature", "properties": { "score": 88.8 }, "geometry": { "type": "Polygon", "coordinates": [ [ [ -96.80694444444444, 37.783333333333339 ], [ -96.80694444444444, 37.791666666666671 ], [ -96.816666666666663, 37.791666666666671 ], [ -96.816666666666663, 37.783333333333339 ], [ -96.80694444444444, 37.783333333333339 ] ] ] } },
{ "type": "Feature", "properties": { "score": 85.8 }, "geometry": { "type": "Polygon", "coordinates": [ [ [ -96.797222222222217, 37.783333333333339 ], [ -96.797222222222217, 37.791666666666671 ], [ -96.80694444444444, 37.791666666666671 ], [ -96.80694444444444, 37.783333333333339 ], [ -96.797222222222217, 37.783333333333339 ] ] ] } },
{ "type": "Feature", "properties": { "score": 86.8 }, "geometry": { "type": "Polygon", "coordinates": [ [ [ -96.7875, 37.783333333333339 ], [ -96.7875, 37.791666666666671 ], [ -96.797222222222217, 37.791666666666671 ], [ -96.797222222222217, 37.783333333333339 ], [ -96.7875, 37.783333333333339 ] ] ] } },
{ "type": "Feature", "properties": { "score": 88.9 }, "geometry": { "type": "Polygon", "coordinates": [ [ [ -96.777777777777786, 37.783333333333339 ], [ -96.777777777777786, 37.791666666666671 ], [ -96.7875, 37.791666666666671 ], [ -96.7875, 37.783333333333339 ], [ -96.777777777777786, 37.783333333333339 ] ] ] } },
{ "type": "Feature", "properties": { "score": 88.3 }, "geometry": { "type": "Polygon", "coordinates": [ [ [ -96.768055555555563, 37.783333333333339 ], [ -96.768055555555563, 37.791666666666671 ], [ -96.777777777777786, 37.791666666666671 ], [ -96.777777777777786, 37.783333333333339 ], [ -96.768055555555563, 37.783333333333339 ] ] ] } },
{ "type": "Feature", "properties": { "score": 88.5 }, "geometry": { "type": "Polygon", "coordinates": [ [ [ -96.75833333333334, 37.783333333333339 ], [ -96.75833333333334, 37.791666666666671 ], [ -96.768055555555563, 37.791666666666671 ], [ -96.768055555555563, 37.783333333333339 ], [ -96.75833333333334, 37.783333333333339 ] ] ] } },
{ "type": "Feature", "properties": { "score": 89.2 }, "geometry": { "type": "Polygon", "coordinates": [ [ [ -96.748611111111117, 37.783333333333339 ], [ -96.748611111111117, 37.791666666666671 ], [ -96.75833333333334, 37.791666666666671 ], [ -96.75833333333334, 37.783333333333339 ], [ -96.748611111111117, 37.783333333333339 ] ] ] } },
{ "type": "Feature", "properties": { "score": 87.5 }, "geometry": { "type": "Polygon", "coordinates": [ [ [ -96.738888888888894, 37.783333333333339 ], [ -96.738888888888894, 37.791666666666671 ], [ -96.748611111111117, 37.791666666666671 ], [ -96.748611111111117, 37.783333333333339 ], [ -96.738888888888894, 37.783333333333339 ] ] ] } },
{ "type": "Feature", "properties": { "score": 84.3 }, "geometry": { "type": "Polygon", "coordinates": [ [ [ -96.729166666666671, 37.783333333333339 ], [ -96.729166666666671, 37.791666666666671 ], [ -96.738888888888894, 37.791666666666671 ], [ -96.738888888888894, 37.783333333333339 ], [ -96.729166666666671, 37.783333333333339 ] ] ] } },
{ "type": "Feature", "properties": { "score": 77.9 }, "geometry": { "type": "Polygon", "coordinates": [ [ [ -96.719444444444449, 37.783333333333339 ], [ -96.719444444444449, 37.791666666666671 ], [ -96.729166666666671, 37.791666666666671 ], [ -96.729166666666671, 37.783333333333339 ], [ -96.719444444444449, 37.783333333333339 ] ] ] } },
{ "type": "Feature", "properties": { "score": 82.8 }, "geometry": { "type": "Polygon", "coordinates": [ [ [ -96.709722222222226, 37.783333333333339 ], [ -96.709722222222226, 37.791666666666671 ], [ -96.719444444444449, 37.791666666666671 ], [ -96.719444444444449, 37.783333333333339 ], [ -96.709722222222226, 37.783333333333339 ] ] ] } },
{ "type": "Feature", "properties": { "score": 77.8 }, "geometry": { "type": "Polygon", "coordinates": [ [ [ -96.7, 37.783333333333339 ], [ -96.7, 37.791666666666671 ], [ -96.709722222222226, 37.791666666666671 ], [ -96.709722222222226, 37.783333333333339 ], [ -96.7, 37.783333333333339 ] ] ] } },
{ "type": "Feature", "properties": { "score": 69.9 }, "geometry": { "type": "Polygon", "coordinates": [ [ [ -97.040277777777774, 37.791666666666671 ], [ -97.040277777777774, 37.8 ], [ -97.05, 37.8 ], [ -97.05, 37.791666666666671 ], [ -97.040277777777774, 37.791666666666671 ] ] ] } },
{ "type": "Feature", "properties": { "score": 74.5 }, "geometry": { "type": "Polygon", "coordinates": [ [ [ -97.030555555555551, 37.791666666666671 ], [ -97.030555555555551, 37.8 ], [ -97.040277777777774, 37.8 ], [ -97.040277777777774, 37.791666666666671 ], [ -97.030555555555551, 37.791666666666671 ] ] ] } },
{ "type": "Feature", "properties": { "score": 74.2 }, "geometry": { "type": "Polygon", "coordinates": [ [ [ -97.020833333333329, 37.791666666666671 ], [ -97.020833333333329, 37.8 ], [ -97.030555555555551, 37.8 ], [ -97.030555555555551, 37.791666666666671 ], [ -97.020833333333329, 37.791666666666671 ] ] ] } },
{ "type": "Feature", "properties": { "score": 70.3 }, "geometry": { "type": "Polygon", "coordinates": [ [ [ -97.011111111111106, 37.791666666666671 ], [ -97.011111111111106, 37.8 ], [ -97.020833333333329, 37.8 ], [ -97.020833333333329, 37.791666666666671 ], [ -97.011111111111106, 37.791666666666671 ] ] ] } },
{ "type": "Feature", "properties": { "score": 66.5 }, "geometry": { "type": "Polygon", "coordinates": [ [ [ -97.001388888888883, 37.791666666666671 ], [ -97.001388888888883, 37.8 ], [ -97.011111111111106, 37.8 ], [ -97.011111111111106, 37.791666666666671 ], [ -97.001388888888883, 37.791666666666671 ] ] ] } },
{ "type": "Feature", "properties": { "score": 64.7 }, "geometry": { "type": "Polygon", "coordinates": [ [ [ -96.99166666666666, 37.791666666666671 ], [ -96.99166666666666, 37.8 ], [ -97.001388888888883, 37.8 ], [ -97.001388888888883, 37.791666666666671 ], [ -96.99166666666666, 37.791666666666671 ] ] ] } },
{ "type": "Feature", "properties": { "score": 78.3 }, "geometry": { "type": "Polygon", "coordinates": [ [ [ -96.981944444444437, 37.791666666666671 ], [ -96.981944444444437, 37.8 ], [ -96.99166666666666, 37.8 ], [ -96.99166666666666, 37.791666666666671 ], [ -96.981944444444437, 37.791666666666671 ] ] ] } },
{ "type": "Feature", "properties": { "score": 83.5 }, "geometry": { "type": "Polygon", "coordinates": [ [ [ -96.972222222222214, 37.791666666666671 ], [ -96.972222222222214, 37.8 ], [ -96.981944444444437, 37.8 ], [ -96.981944444444437, 37.791666666666671 ], [ -96.972222222222214, 37.791666666666671 ] ] ] } },
{ "type": "Feature", "properties": { "score": 80.2 }, "geometry": { "type": "Polygon", "coordinates": [ [ [ -96.9625, 37.791666666666671 ], [ -96.9625, 37.8 ], [ -96.972222222222214, 37.8 ], [ -96.972222222222214, 37.791666666666671 ], [ -96.9625, 37.791666666666671 ] ] ] } },
{ "type": "Feature", "properties": { "score": 83.7 }, "geometry": { "type": "Polygon", "coordinates": [ [ [ -96.952777777777783, 37.791666666666671 ], [ -96.952777777777783, 37.8 ], [ -96.9625, 37.8 ], [ -96.9625, 37.791666666666671 ], [ -96.952777777777783, 37.791666666666671 ] ] ] } },
{ "type": "Feature", "properties": { "score": 87.4 }, "geometry": { "type": "Polygon", "coordinates": [ [ [ -96.94305555555556, 37.791666666666671 ], [ -96.94305555555556, 37.8 ], [ -96.952777777777783, 37.8 ], [ -96.952777777777783, 37.791666666666671 ], [ -96.94305555555556, 37.791666666666671 ] ] ] } },
{ "type": "Feature", "properties": { "score": 85.7 }, "geometry": { "type": "Polygon", "coordinates": [ [ [ -96.933333333333337, 37.791666666666671 ], [ -96.933333333333337, 37.8 ], [ -96.94305555555556, 37.8 ], [ -96.94305555555556, 37.791666666666671 ], [ -96.933333333333337, 37.791666666666671 ] ] ] } },
{ "type": "Feature", "properties": { "score": 81.3 }, "geometry": { "type": "Polygon", "coordinates": [ [ [ -96.923611111111114, 37.791666666666671 ], [ -96.923611111111114, 37.8 ], [ -96.933333333333337, 37.8 ], [ -96.933333333333337, 37.791666666666671 ], [ -96.923611111111114, 37.791666666666671 ] ] ] } },
{ "type": "Feature", "properties": { "score": 80.9 }, "geometry": { "type": "Polygon", "coordinates": [ [ [ -96.913888888888891, 37.791666666666671 ], [ -96.913888888888891, 37.8 ], [ -96.923611111111114, 37.8 ], [ -96.923611111111114, 37.791666666666671 ], [ -96.913888888888891, 37.791666666666671 ] ] ] } },
{ "type": "Feature", "properties": { "score": 85.7 }, "geometry": { "type": "Polygon", "coordinates": [ [ [ -96.904166666666669, 37.791666666666671 ], [ -96.904166666666669, 37.8 ], [ -96.913888888888891, 37.8 ], [ -96.913888888888891, 37.791666666666671 ], [ -96.904166666666669, 37.791666666666671 ] ] ] } },
{ "type": "Feature", "properties": { "score": 82.7 }, "geometry": { "type": "Polygon", "coordinates": [ [ [ -96.894444444444446, 37.791666666666671 ], [ -96.894444444444446, 37.8 ], [ -96.904166666666669, 37.8 ], [ -96.904166666666669, 37.791666666666671 ], [ -96.894444444444446, 37.791666666666671 ] ] ] } },
{ "type": "Feature", "properties": { "score": 84.5 }, "geometry": { "type": "Polygon", "coordinates": [ [ [ -96.884722222222223, 37.791666666666671 ], [ -96.884722222222223, 37.8 ], [ -96.894444444444446, 37.8 ], [ -96.894444444444446, 37.791666666666671 ], [ -96.884722222222223, 37.791666666666671 ] ] ] } },
{ "type": "Feature", "properties": { "score": 72.6 }, "geometry": { "type": "Polygon", "coordinates": [ [ [ -96.875, 37.791666666666671 ], [ -96.875, 37.8 ], [ -96.884722222222223, 37.8 ], [ -96.884722222222223, 37.791666666666671 ], [ -96.875, 37.791666666666671 ] ] ] } },
{ "type": "Feature", "properties": { "score": 63.4 }, "geometry": { "type": "Polygon", "coordinates": [ [ [ -96.865277777777777, 37.791666666666671 ], [ -96.865277777777777, 37.8 ], [ -96.875, 37.8 ], [ -96.875, 37.791666666666671 ], [ -96.865277777777777, 37.791666666666671 ] ] ] } },
{ "type": "Feature", "properties": { "score": 67.8 }, "geometry": { "type": "Polygon", "coordinates": [ [ [ -96.855555555555554, 37.791666666666671 ], [ -96.855555555555554, 37.8 ], [ -96.865277777777777, 37.8 ], [ -96.865277777777777, 37.791666666666671 ], [ -96.855555555555554, 37.791666666666671 ] ] ] } },
{ "type": "Feature", "properties": { "score": 74.5 }, "geometry": { "type": "Polygon", "coordinates": [ [ [ -96.845833333333331, 37.791666666666671 ], [ -96.845833333333331, 37.8 ], [ -96.855555555555554, 37.8 ], [ -96.855555555555554, 37.791666666666671 ], [ -96.845833333333331, 37.791666666666671 ] ] ] } },
{ "type": "Feature", "properties": { "score": 68.6 }, "geometry": { "type": "Polygon", "coordinates": [ [ [ -96.836111111111109, 37.791666666666671 ], [ -96.836111111111109, 37.8 ], [ -96.845833333333331, 37.8 ], [ -96.845833333333331, 37.791666666666671 ], [ -96.836111111111109, 37.791666666666671 ] ] ] } },
{ "type": "Feature", "properties": { "score": 76.0 }, "geometry": { "type": "Polygon", "coordinates": [ [ [ -96.826388888888886, 37.791666666666671 ], [ -96.826388888888886, 37.8 ], [ -96.836111111111109, 37.8 ], [ -96.836111111111109, 37.791666666666671 ], [ -96.826388888888886, 37.791666666666671 ] ] ] } },
{ "type": "Feature", "properties": { "score": 86.7 }, "geometry": { "type": "Polygon", "coordinates": [ [ [ -96.816666666666663, 37.791666666666671 ], [ -96.816666666666663, 37.8 ], [ -96.826388888888886, 37.8 ], [ -96.826388888888886, 37.791666666666671 ], [ -96.816666666666663, 37.791666666666671 ] ] ] } },
{ "type": "Feature", "properties": { "score": 87.0 }, "geometry": { "type": "Polygon", "coordinates": [ [ [ -96.80694444444444, 37.791666666666671 ], [ -96.80694444444444, 37.8 ], [ -96.816666666666663, 37.8 ], [ -96.816666666666663, 37.791666666666671 ], [ -96.80694444444444, 37.791666666666671 ] ] ] } },
{ "type": "Feature", "properties": { "score": 82.2 }, "geometry": { "type": "Polygon", "coordinates": [ [ [ -96.797222222222217, 37.791666666666671 ], [ -96.797222222222217, 37.8 ], [ -96.80694444444444, 37.8 ], [ -96.80694444444444, 37.791666666666671 ], [ -96.797222222222217, 37.791666666666671 ] ] ] } },
{ "type": "Feature", "properties": { "score": 81.8 }, "geometry": { "type": "Polygon", "coordinates": [ [ [ -96.7875, 37.791666666666671 ], [ -96.7875, 37.8 ], [ -96.797222222222217, 37.8 ], [ -96.797222222222217, 37.791666666666671 ], [ -96.7875, 37.791666666666671 ] ] ] } },
{ "type": "Feature", "properties": { "score": 84.4 }, "geometry": { "type": "Polygon", "coordinates": [ [ [ -96.777777777777786, 37.791666666666671 ], [ -96.777777777777786, 37.8 ], [ -96.7875, 37.8 ], [ -96.7875, 37.791666666666671 ], [ -96.777777777777786, 37.791666666666671 ] ] ] } },
{ "type": "Feature", "properties": { "score": 86.3 }, "geometry": { "type": "Polygon", "coordinates": [ [ [ -96.768055555555563, 37.791666666666671 ], [ -96.768055555555563, 37.8 ], [ -96.777777777777786, 37.8 ], [ -96.777777777777786, 37.791666666666671 ], [ -96.768055555555563, 37.791666666666671 ] ] ] } },
{ "type": "Feature", "properties": { "score": 83.5 }, "geometry": { "type": "Polygon", "coordinates": [ [ [ -96.75833333333334, 37.791666666666671 ], [ -96.75833333333334, 37.8 ], [ -96.768055555555563, 37.8 ], [ -96.768055555555563, 37.791666666666671 ], [ -96.75833333333334, 37.791666666666671 ] ] ] } },
{ "type": "Feature", "properties": { "score": 82.7 }, "geometry": { "type": "Polygon", "coordinates": [ [ [ -96.748611111111117, 37.791666666666671 ], [ -96.748611111111117, 37.8 ], [ -96.75833333333334, 37.8 ], [ -96.75833333333334, 37.791666666666671 ], [ -96.748611111111117, 37.791666666666671 ] ] ] } },
{ "type": "Feature", "properties": { "score": 84.4 }, "geometry": { "type": "Polygon", "coordinates": [ [ [ -96.738888888888894, 37.791666666666671 ], [ -96.738888888888894, 37.8 ], [ -96.748611111111117, 37.8 ], [ -96.748611111111117, 37.791666666666671 ], [ -96.738888888888894, 37.791666666666671 ] ] ] } },
{ "type": "Feature", "properties": { "score": 74.5 }, "geometry": { "type": "Polygon", "coordinates": [ [ [ -96.729166666666671, 37.791666666666671 ], [ -96.729166666666671, 37.8 ], [ -96.738888888888894, 37.8 ], [ -96.738888888888894, 37.791666666666671 ], [ -96.729166666666671, 37.791666666666671 ] ] ] } },
{ "type": "Feature", "properties": { "score": 83.5 }, "geometry": { "type": "Polygon", "coordinates": [ [ [ -96.719444444444449, 37.791666666666671 ], [ -96.719444444444449, 37.8 ], [ -96.729166666666671, 37.8 ], [ -96.729166666666671, 37.791666666666671 ], [ -96.719444444444449, 37.791666666666671 ] ] ] } },
{ "type": "Feature", "properties": { "score": 86.9 }, "geometry": { "type": "Polygon", "coordinates": [ [ [ -96.709722222222226, 37.791666666666671 ], [ -96.709722222222226, 37.8 ], [ -96.719444444444449, 37.8 ], [ -96.719444444444449, 37.791666666666671 ], [ -96.709722222222226, 37.791666666666671 ] ] ] } },
{ "type": "Feature", "properties": { "score": 85.7 }, "geometry": { "type": "Polygon", "coordinates": [ [ [ -96.7, 37.791666666666671 ], [ -96.7, 37.8 ], [ -96.709722222222226, 37.8 ], [ -96.709722222222226, 37.791666666666671 ], [ -96.7, 37.791666666666671 ] ] ] } },
{ "type": "Feature", "properties": { "score": 74.5 }, "geometry": { "type": "Polygon", "coordinates": [ [ [ -97.040277777777774, 37.8 ], [ -97.040277777777774, 37.808333333333337 ], [ -97.05, 37.808333333333337 ], [ -97.05, 37.8 ], [ -97.040277777777774, 37.8 ] ] ] } },
{ "type": "Feature", "properties": { "score": 75.4 }, "geometry": { "type": "Polygon", "coordinates": [ [ [ -97.030555555555551, 37.8 ], [ -97.030555555555551, 37.808333333333337 ], [ -97.040277777777774, 37.808333333333337 ], [ -97.040277777777774, 37.8 ], [ -97.030555555555551, 37.8 ] ] ] } },
{ "type": "Feature", "properties": { "score": 76.9 }, "geometry": { "type": "Polygon", "coordinates": [ [ [ -97.020833333333329, 37.8 ], [ -97.020833333333329, 37.808333333333337 ], [ -97.030555555555551, 37.808333333333337 ], [ -97.030555555555551, 37.8 ], [ -97.020833333333329, 37.8 ] ] ] } },
{ "type": "Feature", "properties": { "score": 70.3 }, "geometry": { "type": "Polygon", "coordinates": [ [ [ -97.011111111111106, 37.8 ], [ -97.011111111111106, 37.808333333333337 ], [ -97.020833333333329, 37.808333333333337 ], [ -97.020833333333329, 37.8 ], [ -97.011111111111106, 37.8 ] ] ] } },
{ "type": "Feature", "properties": { "score": 80.8 }, "geometry": { "type": "Polygon", "coordinates": [ [ [ -97.001388888888883, 37.8 ], [ -97.001388888888883, 37.808333333333337 ], [ -97.011111111111106, 37.808333333333337 ], [ -97.011111111111106, 37.8 ], [ -97.001388888888883, 37.8 ] ] ] } },
{ "type": "Feature", "properties": { "score": 75.9 }, "geometry": { "type": "Polygon", "coordinates": [ [ [ -96.99166666666666, 37.8 ], [ -96.99166666666666, 37.808333333333337 ], [ -97.001388888888883, 37.808333333333337 ], [ -97.001388888888883, 37.8 ], [ -96.99166666666666, 37.8 ] ] ] } },
{ "type": "Feature", "properties": { "score": 77.6 }, "geometry": { "type": "Polygon", "coordinates": [ [ [ -96.981944444444437, 37.8 ], [ -96.981944444444437, 37.808333333333337 ], [ -96.99166666666666, 37.808333333333337 ], [ -96.99166666666666, 37.8 ], [ -96.981944444444437, 37.8 ] ] ] } },
{ "type": "Feature", "properties": { "score": 78.8 }, "geometry": { "type": "Polygon", "coordinates": [ [ [ -96.972222222222214, 37.8 ], [ -96.972222222222214, 37.808333333333337 ], [ -96.981944444444437, 37.808333333333337 ], [ -96.981944444444437, 37.8 ], [ -96.972222222222214, 37.8 ] ] ] } },
{ "type": "Feature", "properties": { "score": 81.2 }, "geometry": { "type": "Polygon", "coordinates": [ [ [ -96.9625, 37.8 ], [ -96.9625, 37.808333333333337 ], [ -96.972222222222214, 37.808333333333337 ], [ -96.972222222222214, 37.8 ], [ -96.9625, 37.8 ] ] ] } },
{ "type": "Feature", "properties": { "score": 85.1 }, "geometry": { "type": "Polygon", "coordinates": [ [ [ -96.952777777777783, 37.8 ], [ -96.952777777777783, 37.808333333333337 ], [ -96.9625, 37.808333333333337 ], [ -96.9625, 37.8 ], [ -96.952777777777783, 37.8 ] ] ] } },
{ "type": "Feature", "properties": { "score": 87.4 }, "geometry": { "type": "Polygon", "coordinates": [ [ [ -96.94305555555556, 37.8 ], [ -96.94305555555556, 37.808333333333337 ], [ -96.952777777777783, 37.808333333333337 ], [ -96.952777777777783, 37.8 ], [ -96.94305555555556, 37.8 ] ] ] } },
{ "type": "Feature", "properties": { "score": 84.7 }, "geometry": { "type": "Polygon", "coordinates": [ [ [ -96.933333333333337, 37.8 ], [ -96.933333333333337, 37.808333333333337 ], [ -96.94305555555556, 37.808333333333337 ], [ -96.94305555555556, 37.8 ], [ -96.933333333333337, 37.8 ] ] ] } },
{ "type": "Feature", "properties": { "score": 86.1 }, "geometry": { "type": "Polygon", "coordinates": [ [ [ -96.923611111111114, 37.8 ], [ -96.923611111111114, 37.808333333333337 ], [ -96.933333333333337, 37.808333333333337 ], [ -96.933333333333337, 37.8 ], [ -96.923611111111114, 37.8 ] ] ] } },
{ "type": "Feature", "properties": { "score": 82.8 }, "geometry": { "type": "Polygon", "coordinates": [ [ [ -96.913888888888891, 37.8 ], [ -96.913888888888891, 37.808333333333337 ], [ -96.923611111111114, 37.808333333333337 ], [ -96.923611111111114, 37.8 ], [ -96.913888888888891, 37.8 ] ] ] } },
{ "type": "Feature", "properties": { "score": 85.7 }, "geometry": { "type": "Polygon", "coordinates": [ [ [ -96.904166666666669, 37.8 ], [ -96.904166666666669, 37.808333333333337 ], [ -96.913888888888891, 37.808333333333337 ], [ -96.913888888888891, 37.8 ], [ -96.904166666666669, 37.8 ] ] ] } },
{ "type": "Feature", "properties": { "score": 83.1 }, "geometry": { "type": "Polygon", "coordinates": [ [ [ -96.894444444444446, 37.8 ], [ -96.894444444444446, 37.808333333333337 ], [ -96.904166666666669, 37.808333333333337 ], [ -96.904166666666669, 37.8 ], [ -96.894444444444446, 37.8 ] ] ] } },
{ "type": "Feature", "properties": { "score": 80.6 }, "geometry": { "type": "Polygon", "coordinates": [ [ [ -96.884722222222223, 37.8 ], [ -96.884722222222223, 37.808333333333337 ], [ -96.894444444444446, 37.808333333333337 ], [ -96.894444444444446, 37.8 ], [ -96.884722222222223, 37.8 ] ] ] } },
{ "type": "Feature", "properties": { "score": 74.6 }, "geometry": { "type": "Polygon", "coordinates": [ [ [ -96.875, 37.8 ], [ -96.875, 37.808333333333337 ], [ -96.884722222222223, 37.808333333333337 ], [ -96.884722222222223, 37.8 ], [ -96.875, 37.8 ] ] ] } },
{ "type": "Feature", "properties": { "score": 64.3 }, "geometry": { "type": "Polygon", "coordinates": [ [ [ -96.865277777777777, 37.8 ], [ -96.865277777777777, 37.808333333333337 ], [ -96.875, 37.808333333333337 ], [ -96.875, 37.8 ], [ -96.865277777777777, 37.8 ] ] ] } },
{ "type": "Feature", "properties": { "score": 61.3 }, "geometry": { "type": "Polygon", "coordinates": [ [ [ -96.855555555555554, 37.8 ], [ -96.855555555555554, 37.808333333333337 ], [ -96.865277777777777, 37.808333333333337 ], [ -96.865277777777777, 37.8 ], [ -96.855555555555554, 37.8 ] ] ] } },
{ "type": "Feature", "properties": { "score": 69.4 }, "geometry": { "type": "Polygon", "coordinates": [ [ [ -96.845833333333331, 37.8 ], [ -96.845833333333331, 37.808333333333337 ], [ -96.855555555555554, 37.808333333333337 ], [ -96.855555555555554, 37.8 ], [ -96.845833333333331, 37.8 ] ] ] } },
{ "type": "Feature", "properties": { "score": 81.2 }, "geometry": { "type": "Polygon", "coordinates": [ [ [ -96.836111111111109, 37.8 ], [ -96.836111111111109, 37.808333333333337 ], [ -96.845833333333331, 37.808333333333337 ], [ -96.845833333333331, 37.8 ], [ -96.836111111111109, 37.8 ] ] ] } },
{ "type": "Feature", "properties": { "score": 75.1 }, "geometry": { "type": "Polygon", "coordinates": [ [ [ -96.826388888888886, 37.8 ], [ -96.826388888888886, 37.808333333333337 ], [ -96.836111111111109, 37.808333333333337 ], [ -96.836111111111109, 37.8 ], [ -96.826388888888886, 37.8 ] ] ] } },
{ "type": "Feature", "properties": { "score": 74.6 }, "geometry": { "type": "Polygon", "coordinates": [ [ [ -96.816666666666663, 37.8 ], [ -96.816666666666663, 37.808333333333337 ], [ -96.826388888888886, 37.808333333333337 ], [ -96.826388888888886, 37.8 ], [ -96.816666666666663, 37.8 ] ] ] } },
{ "type": "Feature", "properties": { "score": 75.4 }, "geometry": { "type": "Polygon", "coordinates": [ [ [ -96.80694444444444, 37.8 ], [ -96.80694444444444, 37.808333333333337 ], [ -96.816666666666663, 37.808333333333337 ], [ -96.816666666666663, 37.8 ], [ -96.80694444444444, 37.8 ] ] ] } },
{ "type": "Feature", "properties": { "score": 79.3 }, "geometry": { "type": "Polygon", "coordinates": [ [ [ -96.797222222222217, 37.8 ], [ -96.797222222222217, 37.808333333333337 ], [ -96.80694444444444, 37.808333333333337 ], [ -96.80694444444444, 37.8 ], [ -96.797222222222217, 37.8 ] ] ] } },
{ "type": "Feature", "properties": { "score": 77.2 }, "geometry": { "type": "Polygon", "coordinates": [ [ [ -96.7875, 37.8 ], [ -96.7875, 37.808333333333337 ], [ -96.797222222222217, 37.808333333333337 ], [ -96.797222222222217, 37.8 ], [ -96.7875, 37.8 ] ] ] } },
{ "type": "Feature", "properties": { "score": 83.0 }, "geometry": { "type": "Polygon", "coordinates": [ [ [ -96.777777777777786, 37.8 ], [ -96.777777777777786, 37.808333333333337 ], [ -96.7875, 37.808333333333337 ], [ -96.7875, 37.8 ], [ -96.777777777777786, 37.8 ] ] ] } },
{ "type": "Feature", "properties": { "score": 80.7 }, "geometry": { "type": "Polygon", "coordinates": [ [ [ -96.768055555555563, 37.8 ], [ -96.768055555555563, 37.808333333333337 ], [ -96.777777777777786, 37.808333333333337 ], [ -96.777777777777786, 37.8 ], [ -96.768055555555563, 37.8 ] ] ] } },
{ "type": "Feature", "properties": { "score": 82.6 }, "geometry": { "type": "Polygon", "coordinates": [ [ [ -96.75833333333334, 37.8 ], [ -96.75833333333334, 37.808333333333337 ], [ -96.768055555555563, 37.808333333333337 ], [ -96.768055555555563, 37.8 ], [ -96.75833333333334, 37.8 ] ] ] } },
{ "type": "Feature", "properties": { "score": 82.7 }, "geometry": { "type": "Polygon", "coordinates": [ [ [ -96.748611111111117, 37.8 ], [ -96.748611111111117, 37.808333333333337 ], [ -96.75833333333334, 37.808333333333337 ], [ -96.75833333333334, 37.8 ], [ -96.748611111111117, 37.8 ] ] ] } },
{ "type": "Feature", "properties": { "score": 76.5 }, "geometry": { "type": "Polygon", "coordinates": [ [ [ -96.738888888888894, 37.8 ], [ -96.738888888888894, 37.808333333333337 ], [ -96.748611111111117, 37.808333333333337 ], [ -96.748611111111117, 37.8 ], [ -96.738888888888894, 37.8 ] ] ] } },
{ "type": "Feature", "properties": { "score": 82.0 }, "geometry": { "type": "Polygon", "coordinates": [ [ [ -96.729166666666671, 37.8 ], [ -96.729166666666671, 37.808333333333337 ], [ -96.738888888888894, 37.808333333333337 ], [ -96.738888888888894, 37.8 ], [ -96.729166666666671, 37.8 ] ] ] } },
{ "type": "Feature", "properties": { "score": 86.5 }, "geometry": { "type": "Polygon", "coordinates": [ [ [ -96.719444444444449, 37.8 ], [ -96.719444444444449, 37.808333333333337 ], [ -96.729166666666671, 37.808333333333337 ], [ -96.729166666666671, 37.8 ], [ -96.719444444444449, 37.8 ] ] ] } },
{ "type": "Feature", "properties": { "score": 87.6 }, "geometry": { "type": "Polygon", "coordinates": [ [ [ -96.709722222222226, 37.8 ], [ -96.709722222222226, 37.808333333333337 ], [ -96.719444444444449, 37.808333333333337 ], [ -96.719444444444449, 37.8 ], [ -96.709722222222226, 37.8 ] ] ] } },
{ "type": "Feature", "properties": { "score": 87.9 }, "geometry": { "type": "Polygon", "coordinates": [ [ [ -96.7, 37.8 ], [ -96.7, 37.808333333333337 ], [ -96.709722222222226, 37.808333333333337 ], [ -96.709722222222226, 37.8 ], [ -96.7, 37.8 ] ] ] } },
{ "type": "Feature", "properties": { "score": 72.0 }, "geometry": { "type": "Polygon", "coordinates": [ [ [ -97.040277777777774, 37.808333333333337 ], [ -97.040277777777774, 37.81666666666667 ], [ -97.05, 37.81666666666667 ], [ -97.05, 37.808333333333337 ], [ -97.040277777777774, 37.808333333333337 ] ] ] } },
{ "type": "Feature", "properties": { "score": 71.4 }, "geometry": { "type": "Polygon", "coordinates": [ [ [ -97.030555555555551, 37.808333333333337 ], [ -97.030555555555551, 37.81666666666667 ], [ -97.040277777777774, 37.81666666666667 ], [ -97.040277777777774, 37.808333333333337 ], [ -97.030555555555551, 37.808333333333337 ] ] ] } },
{ "type": "Feature", "properties": { "score": 71.9 }, "geometry": { "type": "Polygon", "coordinates": [ [ [ -97.020833333333329, 37.808333333333337 ], [ -97.020833333333329, 37.81666666666667 ], [ -97.030555555555551, 37.81666666666667 ], [ -97.030555555555551, 37.808333333333337 ], [ -97.020833333333329, 37.808333333333337 ] ] ] } },
{ "type": "Feature", "properties": { "score": 74.2 }, "geometry": { "type": "Polygon", "coordinates": [ [ [ -97.011111111111106, 37.808333333333337 ], [ -97.011111111111106, 37.81666666666667 ], [ -97.020833333333329, 37.81666666666667 ], [ -97.020833333333329, 37.808333333333337 ], [ -97.011111111111106, 37.808333333333337 ] ] ] } },
{ "type": "Feature", "properties": { "score": 70.7 }, "geometry": { "type": "Polygon", "coordinates": [ [ [ -97.001388888888883, 37.808333333333337 ], [ -97.001388888888883, 37.81666666666667 ], [ -97.011111111111106, 37.81666666666667 ], [ -97.011111111111106, 37.808333333333337 ], [ -97.001388888888883, 37.808333333333337 ] ] ] } },
{ "type": "Feature", "properties": { "score": 77.0 }, "geometry": { "type": "Polygon", "coordinates": [ [ [ -96.99166666666666, 37.808333333333337 ], [ -96.99166666666666, 37.81666666666667 ], [ -97.001388888888883, 37.81666666666667 ], [ -97.001388888888883, 37.808333333333337 ], [ -96.99166666666666, 37.808333333333337 ] ] ] } },
{ "type": "Feature", "properties": { "score": 84.8 }, "geometry": { "type": "Polygon", "coordinates": [ [ [ -96.981944444444437, 37.808333333333337 ], [ -96.981944444444437, 37.81666666666667 ], [ -96.99166666666666, 37.81666666666667 ], [ -96.99166666666666, 37.808333333333337 ], [ -96.981944444444437, 37.808333333333337 ] ] ] } },
{ "type": "Feature", "properties": { "score": 85.8 }, "geometry": { "type": "Polygon", "coordinates": [ [ [ -96.972222222222214, 37.808333333333337 ], [ -96.972222222222214, 37.81666666666667 ], [ -96.981944444444437, 37.81666666666667 ], [ -96.981944444444437, 37.808333333333337 ], [ -96.972222222222214, 37.808333333333337 ] ] ] } },
{ "type": "Feature", "properties": { "score": 84.7 }, "geometry": { "type": "Polygon", "coordinates": [ [ [ -96.9625, 37.808333333333337 ], [ -96.9625, 37.81666666666667 ], [ -96.972222222222214, 37.81666666666667 ], [ -96.972222222222214, 37.808333333333337 ], [ -96.9625, 37.808333333333337 ] ] ] } },
{ "type": "Feature", "properties": { "score": 84.4 }, "geometry": { "type": "Polygon", "coordinates": [ [ [ -96.952777777777783, 37.808333333333337 ], [ -96.952777777777783, 37.81666666666667 ], [ -96.9625, 37.81666666666667 ], [ -96.9625, 37.808333333333337 ], [ -96.952777777777783, 37.808333333333337 ] ] ] } },
{ "type": "Feature", "properties": { "score": 82.9 }, "geometry": { "type": "Polygon", "coordinates": [ [ [ -96.94305555555556, 37.808333333333337 ], [ -96.94305555555556, 37.81666666666667 ], [ -96.952777777777783, 37.81666666666667 ], [ -96.952777777777783, 37.808333333333337 ], [ -96.94305555555556, 37.808333333333337 ] ] ] } },
{ "type": "Feature", "properties": { "score": 85.0 }, "geometry": { "type": "Polygon", "coordinates": [ [ [ -96.933333333333337, 37.808333333333337 ], [ -96.933333333333337, 37.81666666666667 ], [ -96.94305555555556, 37.81666666666667 ], [ -96.94305555555556, 37.808333333333337 ], [ -96.933333333333337, 37.808333333333337 ] ] ] } },
{ "type": "Feature", "properties": { "score": 85.1 }, "geometry": { "type": "Polygon", "coordinates": [ [ [ -96.923611111111114, 37.808333333333337 ], [ -96.923611111111114, 37.81666666666667 ], [ -96.933333333333337, 37.81666666666667 ], [ -96.933333333333337, 37.808333333333337 ], [ -96.923611111111114, 37.808333333333337 ] ] ] } },
{ "type": "Feature", "properties": { "score": 78.6 }, "geometry": { "type": "Polygon", "coordinates": [ [ [ -96.913888888888891, 37.808333333333337 ], [ -96.913888888888891, 37.81666666666667 ], [ -96.923611111111114, 37.81666666666667 ], [ -96.923611111111114, 37.808333333333337 ], [ -96.913888888888891, 37.808333333333337 ] ] ] } },
{ "type": "Feature", "properties": { "score": 84.3 }, "geometry": { "type": "Polygon", "coordinates": [ [ [ -96.904166666666669, 37.808333333333337 ], [ -96.904166666666669, 37.81666666666667 ], [ -96.913888888888891, 37.81666666666667 ], [ -96.913888888888891, 37.808333333333337 ], [ -96.904166666666669, 37.808333333333337 ] ] ] } },
{ "type": "Feature", "properties": { "score": 78.1 }, "geometry": { "type": "Polygon", "coordinates": [ [ [ -96.894444444444446, 37.808333333333337 ], [ -96.894444444444446, 37.81666666666667 ], [ -96.904166666666669, 37.81666666666667 ], [ -96.904166666666669, 37.808333333333337 ], [ -96.894444444444446, 37.808333333333337 ] ] ] } },
{ "type": "Feature", "properties": { "score": 73.7 }, "geometry": { "type": "Polygon", "coordinates": [ [ [ -96.884722222222223, 37.808333333333337 ], [ -96.884722222222223, 37.81666666666667 ], [ -96.894444444444446, 37.81666666666667 ], [ -96.894444444444446, 37.808333333333337 ], [ -96.884722222222223, 37.808333333333337 ] ] ] } },
{ "type": "Feature", "properties": { "score": 73.3 }, "geometry": { "type": "Polygon", "coordinates": [ [ [ -96.875, 37.808333333333337 ], [ -96.875, 37.81666666666667 ], [ -96.884722222222223, 37.81666666666667 ], [ -96.884722222222223, 37.808333333333337 ], [ -96.875, 37.808333333333337 ] ] ] } },
{ "type": "Feature", "properties": { "score": 62.0 }, "geometry": { "type": "Polygon", "coordinates": [ [ [ -96.865277777777777, 37.808333333333337 ], [ -96.865277777777777, 37.81666666666667 ], [ -96.875, 37.81666666666667 ], [ -96.875, 37.808333333333337 ], [ -96.865277777777777, 37.808333333333337 ] ] ] } },
{ "type": "Feature", "properties": { "score": 57.6 }, "geometry": { "type": "Polygon", "coordinates": [ [ [ -96.855555555555554, 37.808333333333337 ], [ -96.855555555555554, 37.81666666666667 ], [ -96.865277777777777, 37.81666666666667 ], [ -96.865277777777777, 37.808333333333337 ], [ -96.855555555555554, 37.808333333333337 ] ] ] } },
{ "type": "Feature", "properties": { "score": 56.2 }, "geometry": { "type": "Polygon", "coordinates": [ [ [ -96.845833333333331, 37.808333333333337 ], [ -96.845833333333331, 37.81666666666667 ], [ -96.855555555555554, 37.81666666666667 ], [ -96.855555555555554, 37.808333333333337 ], [ -96.845833333333331, 37.808333333333337 ] ] ] } },
{ "type": "Feature", "properties": { "score": 65.7 }, "geometry": { "type": "Polygon", "coordinates": [ [ [ -96.836111111111109, 37.808333333333337 ], [ -96.836111111111109, 37.81666666666667 ], [ -96.845833333333331, 37.81666666666667 ], [ -96.845833333333331, 37.808333333333337 ], [ -96.836111111111109, 37.808333333333337 ] ] ] } },
{ "type": "Feature", "properties": { "score": 79.7 }, "geometry": { "type": "Polygon", "coordinates": [ [ [ -96.826388888888886, 37.808333333333337 ], [ -96.826388888888886, 37.81666666666667 ], [ -96.836111111111109, 37.81666666666667 ], [ -96.836111111111109, 37.808333333333337 ], [ -96.826388888888886, 37.808333333333337 ] ] ] } },
{ "type": "Feature", "properties": { "score": 73.3 }, "geometry": { "type": "Polygon", "coordinates": [ [ [ -96.816666666666663, 37.808333333333337 ], [ -96.816666666666663, 37.81666666666667 ], [ -96.826388888888886, 37.81666666666667 ], [ -96.826388888888886, 37.808333333333337 ], [ -96.816666666666663, 37.808333333333337 ] ] ] } },
{ "type": "Feature", "properties": { "score": 78.4 }, "geometry": { "type": "Polygon", "coordinates": [ [ [ -96.80694444444444, 37.808333333333337 ], [ -96.80694444444444, 37.81666666666667 ], [ -96.816666666666663, 37.81666666666667 ], [ -96.816666666666663, 37.808333333333337 ], [ -96.80694444444444, 37.808333333333337 ] ] ] } },
{ "type": "Feature", "properties": { "score": 80.8 }, "geometry": { "type": "Polygon", "coordinates": [ [ [ -96.797222222222217, 37.808333333333337 ], [ -96.797222222222217, 37.81666666666667 ], [ -96.80694444444444, 37.81666666666667 ], [ -96.80694444444444, 37.808333333333337 ], [ -96.797222222222217, 37.808333333333337 ] ] ] } },
{ "type": "Feature", "properties": { "score": 77.0 }, "geometry": { "type": "Polygon", "coordinates": [ [ [ -96.7875, 37.808333333333337 ], [ -96.7875, 37.81666666666667 ], [ -96.797222222222217, 37.81666666666667 ], [ -96.797222222222217, 37.808333333333337 ], [ -96.7875, 37.808333333333337 ] ] ] } },
{ "type": "Feature", "properties": { "score": 77.7 }, "geometry": { "type": "Polygon", "coordinates": [ [ [ -96.777777777777786, 37.808333333333337 ], [ -96.777777777777786, 37.81666666666667 ], [ -96.7875, 37.81666666666667 ], [ -96.7875, 37.808333333333337 ], [ -96.777777777777786, 37.808333333333337 ] ] ] } },
{ "type": "Feature", "properties": { "score": 76.6 }, "geometry": { "type": "Polygon", "coordinates": [ [ [ -96.768055555555563, 37.808333333333337 ], [ -96.768055555555563, 37.81666666666667 ], [ -96.777777777777786, 37.81666666666667 ], [ -96.777777777777786, 37.808333333333337 ], [ -96.768055555555563, 37.808333333333337 ] ] ] } },
{ "type": "Feature", "properties": { "score": 80.8 }, "geometry": { "type": "Polygon", "coordinates": [ [ [ -96.75833333333334, 37.808333333333337 ], [ -96.75833333333334, 37.81666666666667 ], [ -96.768055555555563, 37.81666666666667 ], [ -96.768055555555563, 37.808333333333337 ], [ -96.75833333333334, 37.808333333333337 ] ] ] } },
{ "type": "Feature", "properties": { "score": 75.0 }, "geometry": { "type": "Polygon", "coordinates": [ [ [ -96.748611111111117, 37.808333333333337 ], [ -96.748611111111117, 37.81666666666667 ], [ -96.75833333333334, 37.81666666666667 ], [ -96.75833333333334, 37.808333333333337 ], [ -96.748611111111117, 37.808333333333337 ] ] ] } },
{ "type": "Feature", "properties": { "score": 77.7 }, "geometry": { "type": "Polygon", "coordinates": [ [ [ -96.738888888888894, 37.808333333333337 ], [ -96.738888888888894, 37.81666666666667 ], [ -96.748611111111117, 37.81666666666667 ], [ -96.748611111111117, 37.808333333333337 ], [ -96.738888888888894, 37.808333333333337 ] ] ] } },
{ "type": "Feature", "properties": { "score": 80.6 }, "geometry": { "type": "Polygon", "coordinates": [ [ [ -96.729166666666671, 37.808333333333337 ], [ -96.729166666666671, 37.81666666666667 ], [ -96.738888888888894, 37.81666666666667 ], [ -96.738888888888894, 37.808333333333337 ], [ -96.729166666666671, 37.808333333333337 ] ] ] } },
{ "type": "Feature", "properties": { "score": 84.3 }, "geometry": { "type": "Polygon", "coordinates": [ [ [ -96.719444444444449, 37.808333333333337 ], [ -96.719444444444449, 37.81666666666667 ], [ -96.729166666666671, 37.81666666666667 ], [ -96.729166666666671, 37.808333333333337 ], [ -96.719444444444449, 37.808333333333337 ] ] ] } },
{ "type": "Feature", "properties": { "score": 85.3 }, "geometry": { "type": "Polygon", "coordinates": [ [ [ -96.709722222222226, 37.808333333333337 ], [ -96.709722222222226, 37.81666666666667 ], [ -96.719444444444449, 37.81666666666667 ], [ -96.719444444444449, 37.808333333333337 ], [ -96.709722222222226, 37.808333333333337 ] ] ] } },
{ "type": "Feature", "properties": { "score": 82.7 }, "geometry": { "type": "Polygon", "coordinates": [ [ [ -96.7, 37.808333333333337 ], [ -96.7, 37.81666666666667 ], [ -96.709722222222226, 37.81666666666667 ], [ -96.709722222222226, 37.808333333333337 ], [ -96.7, 37.808333333333337 ] ] ] } },
{ "type": "Feature", "properties": { "score": 80.2 }, "geometry": { "type": "Polygon", "coordinates": [ [ [ -97.040277777777774, 37.81666666666667 ], [ -97.040277777777774, 37.825 ], [ -97.05, 37.825 ], [ -97.05, 37.81666666666667 ], [ -97.040277777777774, 37.81666666666667 ] ] ] } },
{ "type": "Feature", "properties": { "score": 86.6 }, "geometry": { "type": "Polygon", "coordinates": [ [ [ -97.030555555555551, 37.81666666666667 ], [ -97.030555555555551, 37.825 ], [ -97.040277777777774, 37.825 ], [ -97.040277777777774, 37.81666666666667 ], [ -97.030555555555551, 37.81666666666667 ] ] ] } },
{ "type": "Feature", "properties": { "score": 75.8 }, "geometry": { "type": "Polygon", "coordinates": [ [ [ -97.020833333333329, 37.81666666666667 ], [ -97.020833333333329, 37.825 ], [ -97.030555555555551, 37.825 ], [ -97.030555555555551, 37.81666666666667 ], [ -97.020833333333329, 37.81666666666667 ] ] ] } },
{ "type": "Feature", "properties": { "score": 78.8 }, "geometry": { "type": "Polygon", "coordinates": [ [ [ -97.011111111111106, 37.81666666666667 ], [ -97.011111111111106, 37.825 ], [ -97.020833333333329, 37.825 ], [ -97.020833333333329, 37.81666666666667 ], [ -97.011111111111106, 37.81666666666667 ] ] ] } },
{ "type": "Feature", "properties": { "score": 81.2 }, "geometry": { "type": "Polygon", "coordinates": [ [ [ -97.001388888888883, 37.81666666666667 ], [ -97.001388888888883, 37.825 ], [ -97.011111111111106, 37.825 ], [ -97.011111111111106, 37.81666666666667 ], [ -97.001388888888883, 37.81666666666667 ] ] ] } },
{ "type": "Feature", "properties": { "score": 76.2 }, "geometry": { "type": "Polygon", "coordinates": [ [ [ -96.99166666666666, 37.81666666666667 ], [ -96.99166666666666, 37.825 ], [ -97.001388888888883, 37.825 ], [ -97.001388888888883, 37.81666666666667 ], [ -96.99166666666666, 37.81666666666667 ] ] ] } },
{ "type": "Feature", "properties": { "score": 77.5 }, "geometry": { "type": "Polygon", "coordinates": [ [ [ -96.981944444444437, 37.81666666666667 ], [ -96.981944444444437, 37.825 ], [ -96.99166666666666, 37.825 ], [ -96.99166666666666, 37.81666666666667 ], [ -96.981944444444437, 37.81666666666667 ] ] ] } },
{ "type": "Feature", "properties": { "score": 77.2 }, "geometry": { "type": "Polygon", "coordinates": [ [ [ -96.972222222222214, 37.81666666666667 ], [ -96.972222222222214, 37.825 ], [ -96.981944444444437, 37.825 ], [ -96.981944444444437, 37.81666666666667 ], [ -96.972222222222214, 37.81666666666667 ] ] ] } },
{ "type": "Feature", "properties": { "score": 81.2 }, "geometry": { "type": "Polygon", "coordinates": [ [ [ -96.9625, 37.81666666666667 ], [ -96.9625, 37.825 ], [ -96.972222222222214, 37.825 ], [ -96.972222222222214, 37.81666666666667 ], [ -96.9625, 37.81666666666667 ] ] ] } },
{ "type": "Feature", "properties": { "score": 83.4 }, "geometry": { "type": "Polygon", "coordinates": [ [ [ -96.952777777777783, 37.81666666666667 ], [ -96.952777777777783, 37.825 ], [ -96.9625, 37.825 ], [ -96.9625, 37.81666666666667 ], [ -96.952777777777783, 37.81666666666667 ] ] ] } },
{ "type": "Feature", "properties": { "score": 89.0 }, "geometry": { "type": "Polygon", "coordinates": [ [ [ -96.94305555555556, 37.81666666666667 ], [ -96.94305555555556, 37.825 ], [ -96.952777777777783, 37.825 ], [ -96.952777777777783, 37.81666666666667 ], [ -96.94305555555556, 37.81666666666667 ] ] ] } },
{ "type": "Feature", "properties": { "score": 89.2 }, "geometry": { "type": "Polygon", "coordinates": [ [ [ -96.933333333333337, 37.81666666666667 ], [ -96.933333333333337, 37.825 ], [ -96.94305555555556, 37.825 ], [ -96.94305555555556, 37.81666666666667 ], [ -96.933333333333337, 37.81666666666667 ] ] ] } },
{ "type": "Feature", "properties": { "score": 81.0 }, "geometry": { "type": "Polygon", "coordinates": [ [ [ -96.923611111111114, 37.81666666666667 ], [ -96.923611111111114, 37.825 ], [ -96.933333333333337, 37.825 ], [ -96.933333333333337, 37.81666666666667 ], [ -96.923611111111114, 37.81666666666667 ] ] ] } },
{ "type": "Feature", "properties": { "score": 81.0 }, "geometry": { "type": "Polygon", "coordinates": [ [ [ -96.913888888888891, 37.81666666666667 ], [ -96.913888888888891, 37.825 ], [ -96.923611111111114, 37.825 ], [ -96.923611111111114, 37.81666666666667 ], [ -96.913888888888891, 37.81666666666667 ] ] ] } },
{ "type": "Feature", "properties": { "score": 78.2 }, "geometry": { "type": "Polygon", "coordinates": [ [ [ -96.904166666666669, 37.81666666666667 ], [ -96.904166666666669, 37.825 ], [ -96.913888888888891, 37.825 ], [ -96.913888888888891, 37.81666666666667 ], [ -96.904166666666669, 37.81666666666667 ] ] ] } },
{ "type": "Feature", "properties": { "score": 70.1 }, "geometry": { "type": "Polygon", "coordinates": [ [ [ -96.894444444444446, 37.81666666666667 ], [ -96.894444444444446, 37.825 ], [ -96.904166666666669, 37.825 ], [ -96.904166666666669, 37.81666666666667 ], [ -96.894444444444446, 37.81666666666667 ] ] ] } },
{ "type": "Feature", "properties": { "score": 66.5 }, "geometry": { "type": "Polygon", "coordinates": [ [ [ -96.884722222222223, 37.81666666666667 ], [ -96.884722222222223, 37.825 ], [ -96.894444444444446, 37.825 ], [ -96.894444444444446, 37.81666666666667 ], [ -96.884722222222223, 37.81666666666667 ] ] ] } },
{ "type": "Feature", "properties": { "score": 63.2 }, "geometry": { "type": "Polygon", "coordinates": [ [ [ -96.875, 37.81666666666667 ], [ -96.875, 37.825 ], [ -96.884722222222223, 37.825 ], [ -96.884722222222223, 37.81666666666667 ], [ -96.875, 37.81666666666667 ] ] ] } },
{ "type": "Feature", "properties": { "score": 61.7 }, "geometry": { "type": "Polygon", "coordinates": [ [ [ -96.865277777777777, 37.81666666666667 ], [ -96.865277777777777, 37.825 ], [ -96.875, 37.825 ], [ -96.875, 37.81666666666667 ], [ -96.865277777777777, 37.81666666666667 ] ] ] } },
{ "type": "Feature", "properties": { "score": 59.0 }, "geometry": { "type": "Polygon", "coordinates": [ [ [ -96.855555555555554, 37.81666666666667 ], [ -96.855555555555554, 37.825 ], [ -96.865277777777777, 37.825 ], [ -96.865277777777777, 37.81666666666667 ], [ -96.855555555555554, 37.81666666666667 ] ] ] } },
{ "type": "Feature", "properties": { "score": 60.3 }, "geometry": { "type": "Polygon", "coordinates": [ [ [ -96.845833333333331, 37.81666666666667 ], [ -96.845833333333331, 37.825 ], [ -96.855555555555554, 37.825 ], [ -96.855555555555554, 37.81666666666667 ], [ -96.845833333333331, 37.81666666666667 ] ] ] } },
{ "type": "Feature", "properties": { "score": 60.3 }, "geometry": { "type": "Polygon", "coordinates": [ [ [ -96.836111111111109, 37.81666666666667 ], [ -96.836111111111109, 37.825 ], [ -96.845833333333331, 37.825 ], [ -96.845833333333331, 37.81666666666667 ], [ -96.836111111111109, 37.81666666666667 ] ] ] } },
{ "type": "Feature", "properties": { "score": 70.0 }, "geometry": { "type": "Polygon", "coordinates": [ [ [ -96.826388888888886, 37.81666666666667 ], [ -96.826388888888886, 37.825 ], [ -96.836111111111109, 37.825 ], [ -96.836111111111109, 37.81666666666667 ], [ -96.826388888888886, 37.81666666666667 ] ] ] } },
{ "type": "Feature", "properties": { "score": 80.2 }, "geometry": { "type": "Polygon", "coordinates": [ [ [ -96.816666666666663, 37.81666666666667 ], [ -96.816666666666663, 37.825 ], [ -96.826388888888886, 37.825 ], [ -96.826388888888886, 37.81666666666667 ], [ -96.816666666666663, 37.81666666666667 ] ] ] } },
{ "type": "Feature", "properties": { "score": 68.5 }, "geometry": { "type": "Polygon", "coordinates": [ [ [ -96.80694444444444, 37.81666666666667 ], [ -96.80694444444444, 37.825 ], [ -96.816666666666663, 37.825 ], [ -96.816666666666663, 37.81666666666667 ], [ -96.80694444444444, 37.81666666666667 ] ] ] } },
{ "type": "Feature", "properties": { "score": 70.0 }, "geometry": { "type": "Polygon", "coordinates": [ [ [ -96.797222222222217, 37.81666666666667 ], [ -96.797222222222217, 37.825 ], [ -96.80694444444444, 37.825 ], [ -96.80694444444444, 37.81666666666667 ], [ -96.797222222222217, 37.81666666666667 ] ] ] } },
{ "type": "Feature", "properties": { "score": 66.8 }, "geometry": { "type": "Polygon", "coordinates": [ [ [ -96.7875, 37.81666666666667 ], [ -96.7875, 37.825 ], [ -96.797222222222217, 37.825 ], [ -96.797222222222217, 37.81666666666667 ], [ -96.7875, 37.81666666666667 ] ] ] } },
{ "type": "Feature", "properties": { "score": 70.7 }, "geometry": { "type": "Polygon", "coordinates": [ [ [ -96.777777777777786, 37.81666666666667 ], [ -96.777777777777786, 37.825 ], [ -96.7875, 37.825 ], [ -96.7875, 37.81666666666667 ], [ -96.777777777777786, 37.81666666666667 ] ] ] } },
{ "type": "Feature", "properties": { "score": 74.0 }, "geometry": { "type": "Polygon", "coordinates": [ [ [ -96.768055555555563, 37.81666666666667 ], [ -96.768055555555563, 37.825 ], [ -96.777777777777786, 37.825 ], [ -96.777777777777786, 37.81666666666667 ], [ -96.768055555555563, 37.81666666666667 ] ] ] } },
{ "type": "Feature", "properties": { "score": 75.2 }, "geometry": { "type": "Polygon", "coordinates": [ [ [ -96.75833333333334, 37.81666666666667 ], [ -96.75833333333334, 37.825 ], [ -96.768055555555563, 37.825 ], [ -96.768055555555563, 37.81666666666667 ], [ -96.75833333333334, 37.81666666666667 ] ] ] } },
{ "type": "Feature", "properties": { "score": 78.4 }, "geometry": { "type": "Polygon", "coordinates": [ [ [ -96.748611111111117, 37.81666666666667 ], [ -96.748611111111117, 37.825 ], [ -96.75833333333334, 37.825 ], [ -96.75833333333334, 37.81666666666667 ], [ -96.748611111111117, 37.81666666666667 ] ] ] } },
{ "type": "Feature", "properties": { "score": 80.9 }, "geometry": { "type": "Polygon", "coordinates": [ [ [ -96.738888888888894, 37.81666666666667 ], [ -96.738888888888894, 37.825 ], [ -96.748611111111117, 37.825 ], [ -96.748611111111117, 37.81666666666667 ], [ -96.738888888888894, 37.81666666666667 ] ] ] } },
{ "type": "Feature", "properties": { "score": 83.7 }, "geometry": { "type": "Polygon", "coordinates": [ [ [ -96.729166666666671, 37.81666666666667 ], [ -96.729166666666671, 37.825 ], [ -96.738888888888894, 37.825 ], [ -96.738888888888894, 37.81666666666667 ], [ -96.729166666666671, 37.81666666666667 ] ] ] } },
{ "type": "Feature", "properties": { "score": 85.9 }, "geometry": { "type": "Polygon", "coordinates": [ [ [ -96.719444444444449, 37.81666666666667 ], [ -96.719444444444449, 37.825 ], [ -96.729166666666671, 37.825 ], [ -96.729166666666671, 37.81666666666667 ], [ -96.719444444444449, 37.81666666666667 ] ] ] } },
{ "type": "Feature", "properties": { "score": 84.3 }, "geometry": { "type": "Polygon", "coordinates": [ [ [ -96.709722222222226, 37.81666666666667 ], [ -96.709722222222226, 37.825 ], [ -96.719444444444449, 37.825 ], [ -96.719444444444449, 37.81666666666667 ], [ -96.709722222222226, 37.81666666666667 ] ] ] } },
{ "type": "Feature", "properties": { "score": 79.3 }, "geometry": { "type": "Polygon", "coordinates": [ [ [ -96.7, 37.81666666666667 ], [ -96.7, 37.825 ], [ -96.709722222222226, 37.825 ], [ -96.709722222222226, 37.81666666666667 ], [ -96.7, 37.81666666666667 ] ] ] } },
{ "type": "Feature", "properties": { "score": 80.3 }, "geometry": { "type": "Polygon", "coordinates": [ [ [ -97.040277777777774, 37.825 ], [ -97.040277777777774, 37.833333333333336 ], [ -97.05, 37.833333333333336 ], [ -97.05, 37.825 ], [ -97.040277777777774, 37.825 ] ] ] } },
{ "type": "Feature", "properties": { "score": 71.7 }, "geometry": { "type": "Polygon", "coordinates": [ [ [ -97.030555555555551, 37.825 ], [ -97.030555555555551, 37.833333333333336 ], [ -97.040277777777774, 37.833333333333336 ], [ -97.040277777777774, 37.825 ], [ -97.030555555555551, 37.825 ] ] ] } },
{ "type": "Feature", "properties": { "score": 78.4 }, "geometry": { "type": "Polygon", "coordinates": [ [ [ -97.020833333333329, 37.825 ], [ -97.020833333333329, 37.833333333333336 ], [ -97.030555555555551, 37.833333333333336 ], [ -97.030555555555551, 37.825 ], [ -97.020833333333329, 37.825 ] ] ] } },
{ "type": "Feature", "properties": { "score": 77.0 }, "geometry": { "type": "Polygon", "coordinates": [ [ [ -97.011111111111106, 37.825 ], [ -97.011111111111106, 37.833333333333336 ], [ -97.020833333333329, 37.833333333333336 ], [ -97.020833333333329, 37.825 ], [ -97.011111111111106, 37.825 ] ] ] } },
{ "type": "Feature", "properties": { "score": 77.7 }, "geometry": { "type": "Polygon", "coordinates": [ [ [ -97.001388888888883, 37.825 ], [ -97.001388888888883, 37.833333333333336 ], [ -97.011111111111106, 37.833333333333336 ], [ -97.011111111111106, 37.825 ], [ -97.001388888888883, 37.825 ] ] ] } },
{ "type": "Feature", "properties": { "score": 84.0 }, "geometry": { "type": "Polygon", "coordinates": [ [ [ -96.99166666666666, 37.825 ], [ -96.99166666666666, 37.833333333333336 ], [ -97.001388888888883, 37.833333333333336 ], [ -97.001388888888883, 37.825 ], [ -96.99166666666666, 37.825 ] ] ] } },
{ "type": "Feature", "properties": { "score": 74.4 }, "geometry": { "type": "Polygon", "coordinates": [ [ [ -96.981944444444437, 37.825 ], [ -96.981944444444437, 37.833333333333336 ], [ -96.99166666666666, 37.833333333333336 ], [ -96.99166666666666, 37.825 ], [ -96.981944444444437, 37.825 ] ] ] } },
{ "type": "Feature", "properties": { "score": 81.5 }, "geometry": { "type": "Polygon", "coordinates": [ [ [ -96.972222222222214, 37.825 ], [ -96.972222222222214, 37.833333333333336 ], [ -96.981944444444437, 37.833333333333336 ], [ -96.981944444444437, 37.825 ], [ -96.972222222222214, 37.825 ] ] ] } },
{ "type": "Feature", "properties": { "score": 82.3 }, "geometry": { "type": "Polygon", "coordinates": [ [ [ -96.9625, 37.825 ], [ -96.9625, 37.833333333333336 ], [ -96.972222222222214, 37.833333333333336 ], [ -96.972222222222214, 37.825 ], [ -96.9625, 37.825 ] ] ] } },
{ "type": "Feature", "properties": { "score": 84.7 }, "geometry": { "type": "Polygon", "coordinates": [ [ [ -96.952777777777783, 37.825 ], [ -96.952777777777783, 37.833333333333336 ], [ -96.9625, 37.833333333333336 ], [ -96.9625, 37.825 ], [ -96.952777777777783, 37.825 ] ] ] } },
{ "type": "Feature", "properties": { "score": 86.4 }, "geometry": { "type": "Polygon", "coordinates": [ [ [ -96.94305555555556, 37.825 ], [ -96.94305555555556, 37.833333333333336 ], [ -96.952777777777783, 37.833333333333336 ], [ -96.952777777777783, 37.825 ], [ -96.94305555555556, 37.825 ] ] ] } },
{ "type": "Feature", "properties": { "score": 89.8 }, "geometry": { "type": "Polygon", "coordinates": [ [ [ -96.933333333333337, 37.825 ], [ -96.933333333333337, 37.833333333333336 ], [ -96.94305555555556, 37.833333333333336 ], [ -96.94305555555556, 37.825 ], [ -96.933333333333337, 37.825 ] ] ] } },
{ "type": "Feature", "properties": { "score": 89.0 }, "geometry": { "type": "Polygon", "coordinates": [ [ [ -96.923611111111114, 37.825 ], [ -96.923611111111114, 37.833333333333336 ], [ -96.933333333333337, 37.833333333333336 ], [ -96.933333333333337, 37.825 ], [ -96.923611111111114, 37.825 ] ] ] } },
{ "type": "Feature", "properties": { "score": 88.7 }, "geometry": { "type": "Polygon", "coordinates": [ [ [ -96.913888888888891, 37.825 ], [ -96.913888888888891, 37.833333333333336 ], [ -96.923611111111114, 37.833333333333336 ], [ -96.923611111111114, 37.825 ], [ -96.913888888888891, 37.825 ] ] ] } },
{ "type": "Feature", "properties": { "score": 87.2 }, "geometry": { "type": "Polygon", "coordinates": [ [ [ -96.904166666666669, 37.825 ], [ -96.904166666666669, 37.833333333333336 ], [ -96.913888888888891, 37.833333333333336 ], [ -96.913888888888891, 37.825 ], [ -96.904166666666669, 37.825 ] ] ] } },
{ "type": "Feature", "properties": { "score": 80.7 }, "geometry": { "type": "Polygon", "coordinates": [ [ [ -96.894444444444446, 37.825 ], [ -96.894444444444446, 37.833333333333336 ], [ -96.904166666666669, 37.833333333333336 ], [ -96.904166666666669, 37.825 ], [ -96.894444444444446, 37.825 ] ] ] } },
{ "type": "Feature", "properties": { "score": 75.7 }, "geometry": { "type": "Polygon", "coordinates": [ [ [ -96.884722222222223, 37.825 ], [ -96.884722222222223, 37.833333333333336 ], [ -96.894444444444446, 37.833333333333336 ], [ -96.894444444444446, 37.825 ], [ -96.884722222222223, 37.825 ] ] ] } },
{ "type": "Feature", "properties": { "score": 74.2 }, "geometry": { "type": "Polygon", "coordinates": [ [ [ -96.875, 37.825 ], [ -96.875, 37.833333333333336 ], [ -96.884722222222223, 37.833333333333336 ], [ -96.884722222222223, 37.825 ], [ -96.875, 37.825 ] ] ] } },
{ "type": "Feature", "properties": { "score": 68.5 }, "geometry": { "type": "Polygon", "coordinates": [ [ [ -96.865277777777777, 37.825 ], [ -96.865277777777777, 37.833333333333336 ], [ -96.875, 37.833333333333336 ], [ -96.875, 37.825 ], [ -96.865277777777777, 37.825 ] ] ] } },
{ "type": "Feature", "properties": { "score": 64.3 }, "geometry": { "type": "Polygon", "coordinates": [ [ [ -96.855555555555554, 37.825 ], [ -96.855555555555554, 37.833333333333336 ], [ -96.865277777777777, 37.833333333333336 ], [ -96.865277777777777, 37.825 ], [ -96.855555555555554, 37.825 ] ] ] } },
{ "type": "Feature", "properties": { "score": 62.4 }, "geometry": { "type": "Polygon", "coordinates": [ [ [ -96.845833333333331, 37.825 ], [ -96.845833333333331, 37.833333333333336 ], [ -96.855555555555554, 37.833333333333336 ], [ -96.855555555555554, 37.825 ], [ -96.845833333333331, 37.825 ] ] ] } },
{ "type": "Feature", "properties": { "score": 65.2 }, "geometry": { "type": "Polygon", "coordinates": [ [ [ -96.836111111111109, 37.825 ], [ -96.836111111111109, 37.833333333333336 ], [ -96.845833333333331, 37.833333333333336 ], [ -96.845833333333331, 37.825 ], [ -96.836111111111109, 37.825 ] ] ] } },
{ "type": "Feature", "properties": { "score": 78.9 }, "geometry": { "type": "Polygon", "coordinates": [ [ [ -96.826388888888886, 37.825 ], [ -96.826388888888886, 37.833333333333336 ], [ -96.836111111111109, 37.833333333333336 ], [ -96.836111111111109, 37.825 ], [ -96.826388888888886, 37.825 ] ] ] } },
{ "type": "Feature", "properties": { "score": 72.7 }, "geometry": { "type": "Polygon", "coordinates": [ [ [ -96.816666666666663, 37.825 ], [ -96.816666666666663, 37.833333333333336 ], [ -96.826388888888886, 37.833333333333336 ], [ -96.826388888888886, 37.825 ], [ -96.816666666666663, 37.825 ] ] ] } },
{ "type": "Feature", "properties": { "score": 62.7 }, "geometry": { "type": "Polygon", "coordinates": [ [ [ -96.80694444444444, 37.825 ], [ -96.80694444444444, 37.833333333333336 ], [ -96.816666666666663, 37.833333333333336 ], [ -96.816666666666663, 37.825 ], [ -96.80694444444444, 37.825 ] ] ] } },
{ "type": "Feature", "properties": { "score": 78.0 }, "geometry": { "type": "Polygon", "coordinates": [ [ [ -96.797222222222217, 37.825 ], [ -96.797222222222217, 37.833333333333336 ], [ -96.80694444444444, 37.833333333333336 ], [ -96.80694444444444, 37.825 ], [ -96.797222222222217, 37.825 ] ] ] } },
{ "type": "Feature", "properties": { "score": 84.2 }, "geometry": { "type": "Polygon", "coordinates": [ [ [ -96.7875, 37.825 ], [ -96.7875, 37.833333333333336 ], [ -96.797222222222217, 37.833333333333336 ], [ -96.797222222222217, 37.825 ], [ -96.7875, 37.825 ] ] ] } },
{ "type": "Feature", "properties": { "score": 80.5 }, "geometry": { "type": "Polygon", "coordinates": [ [ [ -96.777777777777786, 37.825 ], [ -96.777777777777786, 37.833333333333336 ], [ -96.7875, 37.833333333333336 ], [ -96.7875, 37.825 ], [ -96.777777777777786, 37.825 ] ] ] } },
{ "type": "Feature", "properties": { "score": 83.4 }, "geometry": { "type": "Polygon", "coordinates": [ [ [ -96.768055555555563, 37.825 ], [ -96.768055555555563, 37.833333333333336 ], [ -96.777777777777786, 37.833333333333336 ], [ -96.777777777777786, 37.825 ], [ -96.768055555555563, 37.825 ] ] ] } },
{ "type": "Feature", "properties": { "score": 86.7 }, "geometry": { "type": "Polygon", "coordinates": [ [ [ -96.75833333333334, 37.825 ], [ -96.75833333333334, 37.833333333333336 ], [ -96.768055555555563, 37.833333333333336 ], [ -96.768055555555563, 37.825 ], [ -96.75833333333334, 37.825 ] ] ] } },
{ "type": "Feature", "properties": { "score": 85.5 }, "geometry": { "type": "Polygon", "coordinates": [ [ [ -96.748611111111117, 37.825 ], [ -96.748611111111117, 37.833333333333336 ], [ -96.75833333333334, 37.833333333333336 ], [ -96.75833333333334, 37.825 ], [ -96.748611111111117, 37.825 ] ] ] } },
{ "type": "Feature", "properties": { "score": 88.4 }, "geometry": { "type": "Polygon", "coordinates": [ [ [ -96.738888888888894, 37.825 ], [ -96.738888888888894, 37.833333333333336 ], [ -96.748611111111117, 37.833333333333336 ], [ -96.748611111111117, 37.825 ], [ -96.738888888888894, 37.825 ] ] ] } },
{ "type": "Feature", "properties": { "score": 88.6 }, "geometry": { "type": "Polygon", "coordinates": [ [ [ -96.729166666666671, 37.825 ], [ -96.729166666666671, 37.833333333333336 ], [ -96.738888888888894, 37.833333333333336 ], [ -96.738888888888894, 37.825 ], [ -96.729166666666671, 37.825 ] ] ] } },
{ "type": "Feature", "properties": { "score": 87.8 }, "geometry": { "type": "Polygon", "coordinates": [ [ [ -96.719444444444449, 37.825 ], [ -96.719444444444449, 37.833333333333336 ], [ -96.729166666666671, 37.833333333333336 ], [ -96.729166666666671, 37.825 ], [ -96.719444444444449, 37.825 ] ] ] } },
{ "type": "Feature", "properties": { "score": 78.8 }, "geometry": { "type": "Polygon", "coordinates": [ [ [ -96.709722222222226, 37.825 ], [ -96.709722222222226, 37.833333333333336 ], [ -96.719444444444449, 37.833333333333336 ], [ -96.719444444444449, 37.825 ], [ -96.709722222222226, 37.825 ] ] ] } },
{ "type": "Feature", "properties": { "score": 86.9 }, "geometry": { "type": "Polygon", "coordinates": [ [ [ -96.7, 37.825 ], [ -96.7, 37.833333333333336 ], [ -96.709722222222226, 37.833333333333336 ], [ -96.709722222222226, 37.825 ], [ -96.7, 37.825 ] ] ] } },
{ "type": "Feature", "properties": { "score": 74.3 }, "geometry": { "type": "Polygon", "coordinates": [ [ [ -97.040277777777774, 37.833333333333336 ], [ -97.040277777777774, 37.841666666666669 ], [ -97.05, 37.841666666666669 ], [ -97.05, 37.833333333333336 ], [ -97.040277777777774, 37.833333333333336 ] ] ] } },
{ "type": "Feature", "properties": { "score": 88.4 }, "geometry": { "type": "Polygon", "coordinates": [ [ [ -97.030555555555551, 37.833333333333336 ], [ -97.030555555555551, 37.841666666666669 ], [ -97.040277777777774, 37.841666666666669 ], [ -97.040277777777774, 37.833333333333336 ], [ -97.030555555555551, 37.833333333333336 ] ] ] } },
{ "type": "Feature", "properties": { "score": 77.5 }, "geometry": { "type": "Polygon", "coordinates": [ [ [ -97.020833333333329, 37.833333333333336 ], [ -97.020833333333329, 37.841666666666669 ], [ -97.030555555555551, 37.841666666666669 ], [ -97.030555555555551, 37.833333333333336 ], [ -97.020833333333329, 37.833333333333336 ] ] ] } },
{ "type": "Feature", "properties": { "score": 71.2 }, "geometry": { "type": "Polygon", "coordinates": [ [ [ -97.011111111111106, 37.833333333333336 ], [ -97.011111111111106, 37.841666666666669 ], [ -97.020833333333329, 37.841666666666669 ], [ -97.020833333333329, 37.833333333333336 ], [ -97.011111111111106, 37.833333333333336 ] ] ] } },
{ "type": "Feature", "properties": { "score": 76.3 }, "geometry": { "type": "Polygon", "coordinates": [ [ [ -97.001388888888883, 37.833333333333336 ], [ -97.001388888888883, 37.841666666666669 ], [ -97.011111111111106, 37.841666666666669 ], [ -97.011111111111106, 37.833333333333336 ], [ -97.001388888888883, 37.833333333333336 ] ] ] } },
{ "type": "Feature", "properties": { "score": 81.2 }, "geometry": { "type": "Polygon", "coordinates": [ [ [ -96.99166666666666, 37.833333333333336 ], [ -96.99166666666666, 37.841666666666669 ], [ -97.001388888888883, 37.841666666666669 ], [ -97.001388888888883, 37.833333333333336 ], [ -96.99166666666666, 37.833333333333336 ] ] ] } },
{ "type": "Feature", "properties": { "score": 79.3 }, "geometry": { "type": "Polygon", "coordinates": [ [ [ -96.981944444444437, 37.833333333333336 ], [ -96.981944444444437, 37.841666666666669 ], [ -96.99166666666666, 37.841666666666669 ], [ -96.99166666666666, 37.833333333333336 ], [ -96.981944444444437, 37.833333333333336 ] ] ] } },
{ "type": "Feature", "properties": { "score": 77.5 }, "geometry": { "type": "Polygon", "coordinates": [ [ [ -96.972222222222214, 37.833333333333336 ], [ -96.972222222222214, 37.841666666666669 ], [ -96.981944444444437, 37.841666666666669 ], [ -96.981944444444437, 37.833333333333336 ], [ -96.972222222222214, 37.833333333333336 ] ] ] } },
{ "type": "Feature", "properties": { "score": 84.2 }, "geometry": { "type": "Polygon", "coordinates": [ [ [ -96.9625, 37.833333333333336 ], [ -96.9625, 37.841666666666669 ], [ -96.972222222222214, 37.841666666666669 ], [ -96.972222222222214, 37.833333333333336 ], [ -96.9625, 37.833333333333336 ] ] ] } },
{ "type": "Feature", "properties": { "score": 84.9 }, "geometry": { "type": "Polygon", "coordinates": [ [ [ -96.952777777777783, 37.833333333333336 ], [ -96.952777777777783, 37.841666666666669 ], [ -96.9625, 37.841666666666669 ], [ -96.9625, 37.833333333333336 ], [ -96.952777777777783, 37.833333333333336 ] ] ] } },
{ "type": "Feature", "properties": { "score": 85.6 }, "geometry": { "type": "Polygon", "coordinates": [ [ [ -96.94305555555556, 37.833333333333336 ], [ -96.94305555555556, 37.841666666666669 ], [ -96.952777777777783, 37.841666666666669 ], [ -96.952777777777783, 37.833333333333336 ], [ -96.94305555555556, 37.833333333333336 ] ] ] } },
{ "type": "Feature", "properties": { "score": 87.0 }, "geometry": { "type": "Polygon", "coordinates": [ [ [ -96.933333333333337, 37.833333333333336 ], [ -96.933333333333337, 37.841666666666669 ], [ -96.94305555555556, 37.841666666666669 ], [ -96.94305555555556, 37.833333333333336 ], [ -96.933333333333337, 37.833333333333336 ] ] ] } },
{ "type": "Feature", "properties": { "score": 88.8 }, "geometry": { "type": "Polygon", "coordinates": [ [ [ -96.923611111111114, 37.833333333333336 ], [ -96.923611111111114, 37.841666666666669 ], [ -96.933333333333337, 37.841666666666669 ], [ -96.933333333333337, 37.833333333333336 ], [ -96.923611111111114, 37.833333333333336 ] ] ] } },
{ "type": "Feature", "properties": { "score": 88.8 }, "geometry": { "type": "Polygon", "coordinates": [ [ [ -96.913888888888891, 37.833333333333336 ], [ -96.913888888888891, 37.841666666666669 ], [ -96.923611111111114, 37.841666666666669 ], [ -96.923611111111114, 37.833333333333336 ], [ -96.913888888888891, 37.833333333333336 ] ] ] } },
{ "type": "Feature", "properties": { "score": 86.5 }, "geometry": { "type": "Polygon", "coordinates": [ [ [ -96.904166666666669, 37.833333333333336 ], [ -96.904166666666669, 37.841666666666669 ], [ -96.913888888888891, 37.841666666666669 ], [ -96.913888888888891, 37.833333333333336 ], [ -96.904166666666669, 37.833333333333336 ] ] ] } },
{ "type": "Feature", "properties": { "score": 86.7 }, "geometry": { "type": "Polygon", "coordinates": [ [ [ -96.894444444444446, 37.833333333333336 ], [ -96.894444444444446, 37.841666666666669 ], [ -96.904166666666669, 37.841666666666669 ], [ -96.904166666666669, 37.833333333333336 ], [ -96.894444444444446, 37.833333333333336 ] ] ] } },
{ "type": "Feature", "properties": { "score": 76.0 }, "geometry": { "type": "Polygon", "coordinates": [ [ [ -96.884722222222223, 37.833333333333336 ], [ -96.884722222222223, 37.841666666666669 ], [ -96.894444444444446, 37.841666666666669 ], [ -96.894444444444446, 37.833333333333336 ], [ -96.884722222222223, 37.833333333333336 ] ] ] } },
{ "type": "Feature", "properties": { "score": 77.8 }, "geometry": { "type": "Polygon", "coordinates": [ [ [ -96.875, 37.833333333333336 ], [ -96.875, 37.841666666666669 ], [ -96.884722222222223, 37.841666666666669 ], [ -96.884722222222223, 37.833333333333336 ], [ -96.875, 37.833333333333336 ] ] ] } },
{ "type": "Feature", "properties": { "score": 78.6 }, "geometry": { "type": "Polygon", "coordinates": [ [ [ -96.865277777777777, 37.833333333333336 ], [ -96.865277777777777, 37.841666666666669 ], [ -96.875, 37.841666666666669 ], [ -96.875, 37.833333333333336 ], [ -96.865277777777777, 37.833333333333336 ] ] ] } },
{ "type": "Feature", "properties": { "score": 74.3 }, "geometry": { "type": "Polygon", "coordinates": [ [ [ -96.855555555555554, 37.833333333333336 ], [ -96.855555555555554, 37.841666666666669 ], [ -96.865277777777777, 37.841666666666669 ], [ -96.865277777777777, 37.833333333333336 ], [ -96.855555555555554, 37.833333333333336 ] ] ] } },
{ "type": "Feature", "properties": { "score": 65.8 }, "geometry": { "type": "Polygon", "coordinates": [ [ [ -96.845833333333331, 37.833333333333336 ], [ -96.845833333333331, 37.841666666666669 ], [ -96.855555555555554, 37.841666666666669 ], [ -96.855555555555554, 37.833333333333336 ], [ -96.845833333333331, 37.833333333333336 ] ] ] } },
{ "type": "Feature", "properties": { "score": 67.1 }, "geometry": { "type": "Polygon", "coordinates": [ [ [ -96.836111111111109, 37.833333333333336 ], [ -96.836111111111109, 37.841666666666669 ], [ -96.845833333333331, 37.841666666666669 ], [ -96.845833333333331, 37.833333333333336 ], [ -96.836111111111109, 37.833333333333336 ] ] ] } },
{ "type": "Feature", "properties": { "score": 65.0 }, "geometry": { "type": "Polygon", "coordinates": [ [ [ -96.826388888888886, 37.833333333333336 ], [ -96.826388888888886, 37.841666666666669 ], [ -96.836111111111109, 37.841666666666669 ], [ -96.836111111111109, 37.833333333333336 ], [ -96.826388888888886, 37.833333333333336 ] ] ] } },
{ "type": "Feature", "properties": { "score": 67.0 }, "geometry": { "type": "Polygon", "coordinates": [ [ [ -96.816666666666663, 37.833333333333336 ], [ -96.816666666666663, 37.841666666666669 ], [ -96.826388888888886, 37.841666666666669 ], [ -96.826388888888886, 37.833333333333336 ], [ -96.816666666666663, 37.833333333333336 ] ] ] } },
{ "type": "Feature", "properties": { "score": 62.2 }, "geometry": { "type": "Polygon", "coordinates": [ [ [ -96.80694444444444, 37.833333333333336 ], [ -96.80694444444444, 37.841666666666669 ], [ -96.816666666666663, 37.841666666666669 ], [ -96.816666666666663, 37.833333333333336 ], [ -96.80694444444444, 37.833333333333336 ] ] ] } },
{ "type": "Feature", "properties": { "score": 59.1 }, "geometry": { "type": "Polygon", "coordinates": [ [ [ -96.797222222222217, 37.833333333333336 ], [ -96.797222222222217, 37.841666666666669 ], [ -96.80694444444444, 37.841666666666669 ], [ -96.80694444444444, 37.833333333333336 ], [ -96.797222222222217, 37.833333333333336 ] ] ] } },
{ "type": "Feature", "properties": { "score": 62.0 }, "geometry": { "type": "Polygon", "coordinates": [ [ [ -96.7875, 37.833333333333336 ], [ -96.7875, 37.841666666666669 ], [ -96.797222222222217, 37.841666666666669 ], [ -96.797222222222217, 37.833333333333336 ], [ -96.7875, 37.833333333333336 ] ] ] } },
{ "type": "Feature", "properties": { "score": 75.7 }, "geometry": { "type": "Polygon", "coordinates": [ [ [ -96.777777777777786, 37.833333333333336 ], [ -96.777777777777786, 37.841666666666669 ], [ -96.7875, 37.841666666666669 ], [ -96.7875, 37.833333333333336 ], [ -96.777777777777786, 37.833333333333336 ] ] ] } },
{ "type": "Feature", "properties": { "score": 78.7 }, "geometry": { "type": "Polygon", "coordinates": [ [ [ -96.768055555555563, 37.833333333333336 ], [ -96.768055555555563, 37.841666666666669 ], [ -96.777777777777786, 37.841666666666669 ], [ -96.777777777777786, 37.833333333333336 ], [ -96.768055555555563, 37.833333333333336 ] ] ] } },
{ "type": "Feature", "properties": { "score": 87.1 }, "geometry": { "type": "Polygon", "coordinates": [ [ [ -96.75833333333334, 37.833333333333336 ], [ -96.75833333333334, 37.841666666666669 ], [ -96.768055555555563, 37.841666666666669 ], [ -96.768055555555563, 37.833333333333336 ], [ -96.75833333333334, 37.833333333333336 ] ] ] } },
{ "type": "Feature", "properties": { "score": 85.4 }, "geometry": { "type": "Polygon", "coordinates": [ [ [ -96.748611111111117, 37.833333333333336 ], [ -96.748611111111117, 37.841666666666669 ], [ -96.75833333333334, 37.841666666666669 ], [ -96.75833333333334, 37.833333333333336 ], [ -96.748611111111117, 37.833333333333336 ] ] ] } },
{ "type": "Feature", "properties": { "score": 82.0 }, "geometry": { "type": "Polygon", "coordinates": [ [ [ -96.738888888888894, 37.833333333333336 ], [ -96.738888888888894, 37.841666666666669 ], [ -96.748611111111117, 37.841666666666669 ], [ -96.748611111111117, 37.833333333333336 ], [ -96.738888888888894, 37.833333333333336 ] ] ] } },
{ "type": "Feature", "properties": { "score": 83.7 }, "geometry": { "type": "Polygon", "coordinates": [ [ [ -96.729166666666671, 37.833333333333336 ], [ -96.729166666666671, 37.841666666666669 ], [ -96.738888888888894, 37.841666666666669 ], [ -96.738888888888894, 37.833333333333336 ], [ -96.729166666666671, 37.833333333333336 ] ] ] } },
{ "type": "Feature", "properties": { "score": 78.1 }, "geometry": { "type": "Polygon", "coordinates": [ [ [ -96.719444444444449, 37.833333333333336 ], [ -96.719444444444449, 37.841666666666669 ], [ -96.729166666666671, 37.841666666666669 ], [ -96.729166666666671, 37.833333333333336 ], [ -96.719444444444449, 37.833333333333336 ] ] ] } },
{ "type": "Feature", "properties": { "score": 78.9 }, "geometry": { "type": "Polygon", "coordinates": [ [ [ -96.709722222222226, 37.833333333333336 ], [ -96.709722222222226, 37.841666666666669 ], [ -96.719444444444449, 37.841666666666669 ], [ -96.719444444444449, 37.833333333333336 ], [ -96.709722222222226, 37.833333333333336 ] ] ] } },
{ "type": "Feature", "properties": { "score": 85.8 }, "geometry": { "type": "Polygon", "coordinates": [ [ [ -96.7, 37.833333333333336 ], [ -96.7, 37.841666666666669 ], [ -96.709722222222226, 37.841666666666669 ], [ -96.709722222222226, 37.833333333333336 ], [ -96.7, 37.833333333333336 ] ] ] } },
{ "type": "Feature", "properties": { "score": 77.1 }, "geometry": { "type": "Polygon", "coordinates": [ [ [ -97.040277777777774, 37.841666666666669 ], [ -97.040277777777774, 37.85 ], [ -97.05, 37.85 ], [ -97.05, 37.841666666666669 ], [ -97.040277777777774, 37.841666666666669 ] ] ] } },
{ "type": "Feature", "properties": { "score": 85.3 }, "geometry": { "type": "Polygon", "coordinates": [ [ [ -97.030555555555551, 37.841666666666669 ], [ -97.030555555555551, 37.85 ], [ -97.040277777777774, 37.85 ], [ -97.040277777777774, 37.841666666666669 ], [ -97.030555555555551, 37.841666666666669 ] ] ] } },
{ "type": "Feature", "properties": { "score": 82.5 }, "geometry": { "type": "Polygon", "coordinates": [ [ [ -97.020833333333329, 37.841666666666669 ], [ -97.020833333333329, 37.85 ], [ -97.030555555555551, 37.85 ], [ -97.030555555555551, 37.841666666666669 ], [ -97.020833333333329, 37.841666666666669 ] ] ] } },
{ "type": "Feature", "properties": { "score": 83.5 }, "geometry": { "type": "Polygon", "coordinates": [ [ [ -97.011111111111106, 37.841666666666669 ], [ -97.011111111111106, 37.85 ], [ -97.020833333333329, 37.85 ], [ -97.020833333333329, 37.841666666666669 ], [ -97.011111111111106, 37.841666666666669 ] ] ] } },
{ "type": "Feature", "properties": { "score": 81.3 }, "geometry": { "type": "Polygon", "coordinates": [ [ [ -97.001388888888883, 37.841666666666669 ], [ -97.001388888888883, 37.85 ], [ -97.011111111111106, 37.85 ], [ -97.011111111111106, 37.841666666666669 ], [ -97.001388888888883, 37.841666666666669 ] ] ] } },
{ "type": "Feature", "properties": { "score": 84.2 }, "geometry": { "type": "Polygon", "coordinates": [ [ [ -96.99166666666666, 37.841666666666669 ], [ -96.99166666666666, 37.85 ], [ -97.001388888888883, 37.85 ], [ -97.001388888888883, 37.841666666666669 ], [ -96.99166666666666, 37.841666666666669 ] ] ] } },
{ "type": "Feature", "properties": { "score": 77.1 }, "geometry": { "type": "Polygon", "coordinates": [ [ [ -96.981944444444437, 37.841666666666669 ], [ -96.981944444444437, 37.85 ], [ -96.99166666666666, 37.85 ], [ -96.99166666666666, 37.841666666666669 ], [ -96.981944444444437, 37.841666666666669 ] ] ] } },
{ "type": "Feature", "properties": { "score": 79.2 }, "geometry": { "type": "Polygon", "coordinates": [ [ [ -96.972222222222214, 37.841666666666669 ], [ -96.972222222222214, 37.85 ], [ -96.981944444444437, 37.85 ], [ -96.981944444444437, 37.841666666666669 ], [ -96.972222222222214, 37.841666666666669 ] ] ] } },
{ "type": "Feature", "properties": { "score": 85.3 }, "geometry": { "type": "Polygon", "coordinates": [ [ [ -96.9625, 37.841666666666669 ], [ -96.9625, 37.85 ], [ -96.972222222222214, 37.85 ], [ -96.972222222222214, 37.841666666666669 ], [ -96.9625, 37.841666666666669 ] ] ] } },
{ "type": "Feature", "properties": { "score": 78.9 }, "geometry": { "type": "Polygon", "coordinates": [ [ [ -96.952777777777783, 37.841666666666669 ], [ -96.952777777777783, 37.85 ], [ -96.9625, 37.85 ], [ -96.9625, 37.841666666666669 ], [ -96.952777777777783, 37.841666666666669 ] ] ] } },
{ "type": "Feature", "properties": { "score": 80.9 }, "geometry": { "type": "Polygon", "coordinates": [ [ [ -96.94305555555556, 37.841666666666669 ], [ -96.94305555555556, 37.85 ], [ -96.952777777777783, 37.85 ], [ -96.952777777777783, 37.841666666666669 ], [ -96.94305555555556, 37.841666666666669 ] ] ] } },
{ "type": "Feature", "properties": { "score": 83.0 }, "geometry": { "type": "Polygon", "coordinates": [ [ [ -96.933333333333337, 37.841666666666669 ], [ -96.933333333333337, 37.85 ], [ -96.94305555555556, 37.85 ], [ -96.94305555555556, 37.841666666666669 ], [ -96.933333333333337, 37.841666666666669 ] ] ] } },
{ "type": "Feature", "properties": { "score": 88.9 }, "geometry": { "type": "Polygon", "coordinates": [ [ [ -96.923611111111114, 37.841666666666669 ], [ -96.923611111111114, 37.85 ], [ -96.933333333333337, 37.85 ], [ -96.933333333333337, 37.841666666666669 ], [ -96.923611111111114, 37.841666666666669 ] ] ] } },
{ "type": "Feature", "properties": { "score": 89.8 }, "geometry": { "type": "Polygon", "coordinates": [ [ [ -96.913888888888891, 37.841666666666669 ], [ -96.913888888888891, 37.85 ], [ -96.923611111111114, 37.85 ], [ -96.923611111111114, 37.841666666666669 ], [ -96.913888888888891, 37.841666666666669 ] ] ] } },
{ "type": "Feature", "properties": { "score": 89.5 }, "geometry": { "type": "Polygon", "coordinates": [ [ [ -96.904166666666669, 37.841666666666669 ], [ -96.904166666666669, 37.85 ], [ -96.913888888888891, 37.85 ], [ -96.913888888888891, 37.841666666666669 ], [ -96.904166666666669, 37.841666666666669 ] ] ] } },
{ "type": "Feature", "properties": { "score": 89.8 }, "geometry": { "type": "Polygon", "coordinates": [ [ [ -96.894444444444446, 37.841666666666669 ], [ -96.894444444444446, 37.85 ], [ -96.904166666666669, 37.85 ], [ -96.904166666666669, 37.841666666666669 ], [ -96.894444444444446, 37.841666666666669 ] ] ] } },
{ "type": "Feature", "properties": { "score": 85.7 }, "geometry": { "type": "Polygon", "coordinates": [ [ [ -96.884722222222223, 37.841666666666669 ], [ -96.884722222222223, 37.85 ], [ -96.894444444444446, 37.85 ], [ -96.894444444444446, 37.841666666666669 ], [ -96.884722222222223, 37.841666666666669 ] ] ] } },
{ "type": "Feature", "properties": { "score": 85.7 }, "geometry": { "type": "Polygon", "coordinates": [ [ [ -96.875, 37.841666666666669 ], [ -96.875, 37.85 ], [ -96.884722222222223, 37.85 ], [ -96.884722222222223, 37.841666666666669 ], [ -96.875, 37.841666666666669 ] ] ] } },
{ "type": "Feature", "properties": { "score": 84.6 }, "geometry": { "type": "Polygon", "coordinates": [ [ [ -96.865277777777777, 37.841666666666669 ], [ -96.865277777777777, 37.85 ], [ -96.875, 37.85 ], [ -96.875, 37.841666666666669 ], [ -96.865277777777777, 37.841666666666669 ] ] ] } },
{ "type": "Feature", "properties": { "score": 75.4 }, "geometry": { "type": "Polygon", "coordinates": [ [ [ -96.855555555555554, 37.841666666666669 ], [ -96.855555555555554, 37.85 ], [ -96.865277777777777, 37.85 ], [ -96.865277777777777, 37.841666666666669 ], [ -96.855555555555554, 37.841666666666669 ] ] ] } },
{ "type": "Feature", "properties": { "score": 82.8 }, "geometry": { "type": "Polygon", "coordinates": [ [ [ -96.845833333333331, 37.841666666666669 ], [ -96.845833333333331, 37.85 ], [ -96.855555555555554, 37.85 ], [ -96.855555555555554, 37.841666666666669 ], [ -96.845833333333331, 37.841666666666669 ] ] ] } },
{ "type": "Feature", "properties": { "score": 65.8 }, "geometry": { "type": "Polygon", "coordinates": [ [ [ -96.836111111111109, 37.841666666666669 ], [ -96.836111111111109, 37.85 ], [ -96.845833333333331, 37.85 ], [ -96.845833333333331, 37.841666666666669 ], [ -96.836111111111109, 37.841666666666669 ] ] ] } },
{ "type": "Feature", "properties": { "score": 67.6 }, "geometry": { "type": "Polygon", "coordinates": [ [ [ -96.826388888888886, 37.841666666666669 ], [ -96.826388888888886, 37.85 ], [ -96.836111111111109, 37.85 ], [ -96.836111111111109, 37.841666666666669 ], [ -96.826388888888886, 37.841666666666669 ] ] ] } },
{ "type": "Feature", "properties": { "score": 59.2 }, "geometry": { "type": "Polygon", "coordinates": [ [ [ -96.816666666666663, 37.841666666666669 ], [ -96.816666666666663, 37.85 ], [ -96.826388888888886, 37.85 ], [ -96.826388888888886, 37.841666666666669 ], [ -96.816666666666663, 37.841666666666669 ] ] ] } },
{ "type": "Feature", "properties": { "score": 60.0 }, "geometry": { "type": "Polygon", "coordinates": [ [ [ -96.80694444444444, 37.841666666666669 ], [ -96.80694444444444, 37.85 ], [ -96.816666666666663, 37.85 ], [ -96.816666666666663, 37.841666666666669 ], [ -96.80694444444444, 37.841666666666669 ] ] ] } },
{ "type": "Feature", "properties": { "score": 61.0 }, "geometry": { "type": "Polygon", "coordinates": [ [ [ -96.797222222222217, 37.841666666666669 ], [ -96.797222222222217, 37.85 ], [ -96.80694444444444, 37.85 ], [ -96.80694444444444, 37.841666666666669 ], [ -96.797222222222217, 37.841666666666669 ] ] ] } },
{ "type": "Feature", "properties": { "score": 60.0 }, "geometry": { "type": "Polygon", "coordinates": [ [ [ -96.7875, 37.841666666666669 ], [ -96.7875, 37.85 ], [ -96.797222222222217, 37.85 ], [ -96.797222222222217, 37.841666666666669 ], [ -96.7875, 37.841666666666669 ] ] ] } },
{ "type": "Feature", "properties": { "score": 61.2 }, "geometry": { "type": "Polygon", "coordinates": [ [ [ -96.777777777777786, 37.841666666666669 ], [ -96.777777777777786, 37.85 ], [ -96.7875, 37.85 ], [ -96.7875, 37.841666666666669 ], [ -96.777777777777786, 37.841666666666669 ] ] ] } },
{ "type": "Feature", "properties": { "score": 68.3 }, "geometry": { "type": "Polygon", "coordinates": [ [ [ -96.768055555555563, 37.841666666666669 ], [ -96.768055555555563, 37.85 ], [ -96.777777777777786, 37.85 ], [ -96.777777777777786, 37.841666666666669 ], [ -96.768055555555563, 37.841666666666669 ] ] ] } },
{ "type": "Feature", "properties": { "score": 69.9 }, "geometry": { "type": "Polygon", "coordinates": [ [ [ -96.75833333333334, 37.841666666666669 ], [ -96.75833333333334, 37.85 ], [ -96.768055555555563, 37.85 ], [ -96.768055555555563, 37.841666666666669 ], [ -96.75833333333334, 37.841666666666669 ] ] ] } },
{ "type": "Feature", "properties": { "score": 62.6 }, "geometry": { "type": "Polygon", "coordinates": [ [ [ -96.748611111111117, 37.841666666666669 ], [ -96.748611111111117, 37.85 ], [ -96.75833333333334, 37.85 ], [ -96.75833333333334, 37.841666666666669 ], [ -96.748611111111117, 37.841666666666669 ] ] ] } },
{ "type": "Feature", "properties": { "score": 62.9 }, "geometry": { "type": "Polygon", "coordinates": [ [ [ -96.738888888888894, 37.841666666666669 ], [ -96.738888888888894, 37.85 ], [ -96.748611111111117, 37.85 ], [ -96.748611111111117, 37.841666666666669 ], [ -96.738888888888894, 37.841666666666669 ] ] ] } },
{ "type": "Feature", "properties": { "score": 63.9 }, "geometry": { "type": "Polygon", "coordinates": [ [ [ -96.729166666666671, 37.841666666666669 ], [ -96.729166666666671, 37.85 ], [ -96.738888888888894, 37.85 ], [ -96.738888888888894, 37.841666666666669 ], [ -96.729166666666671, 37.841666666666669 ] ] ] } },
{ "type": "Feature", "properties": { "score": 78.1 }, "geometry": { "type": "Polygon", "coordinates": [ [ [ -96.719444444444449, 37.841666666666669 ], [ -96.719444444444449, 37.85 ], [ -96.729166666666671, 37.85 ], [ -96.729166666666671, 37.841666666666669 ], [ -96.719444444444449, 37.841666666666669 ] ] ] } },
{ "type": "Feature", "properties": { "score": 79.7 }, "geometry": { "type": "Polygon", "coordinates": [ [ [ -96.709722222222226, 37.841666666666669 ], [ -96.709722222222226, 37.85 ], [ -96.719444444444449, 37.85 ], [ -96.719444444444449, 37.841666666666669 ], [ -96.709722222222226, 37.841666666666669 ] ] ] } },
{ "type": "Feature", "properties": { "score": 72.5 }, "geometry": { "type": "Polygon", "coordinates": [ [ [ -96.7, 37.841666666666669 ], [ -96.7, 37.85 ], [ -96.709722222222226, 37.85 ], [ -96.709722222222226, 37.841666666666669 ], [ -96.7, 37.841666666666669 ] ] ] } },
{ "type": "Feature", "properties": { "score": 74.5 }, "geometry": { "type": "Polygon", "coordinates": [ [ [ -97.040277777777774, 37.85 ], [ -97.040277777777774, 37.858333333333334 ], [ -97.05, 37.858333333333334 ], [ -97.05, 37.85 ], [ -97.040277777777774, 37.85 ] ] ] } },
{ "type": "Feature", "properties": { "score": 69.2 }, "geometry": { "type": "Polygon", "coordinates": [ [ [ -97.030555555555551, 37.85 ], [ -97.030555555555551, 37.858333333333334 ], [ -97.040277777777774, 37.858333333333334 ], [ -97.040277777777774, 37.85 ], [ -97.030555555555551, 37.85 ] ] ] } },
{ "type": "Feature", "properties": { "score": 75.7 }, "geometry": { "type": "Polygon", "coordinates": [ [ [ -97.020833333333329, 37.85 ], [ -97.020833333333329, 37.858333333333334 ], [ -97.030555555555551, 37.858333333333334 ], [ -97.030555555555551, 37.85 ], [ -97.020833333333329, 37.85 ] ] ] } },
{ "type": "Feature", "properties": { "score": 80.6 }, "geometry": { "type": "Polygon", "coordinates": [ [ [ -97.011111111111106, 37.85 ], [ -97.011111111111106, 37.858333333333334 ], [ -97.020833333333329, 37.858333333333334 ], [ -97.020833333333329, 37.85 ], [ -97.011111111111106, 37.85 ] ] ] } },
{ "type": "Feature", "properties": { "score": 79.5 }, "geometry": { "type": "Polygon", "coordinates": [ [ [ -97.001388888888883, 37.85 ], [ -97.001388888888883, 37.858333333333334 ], [ -97.011111111111106, 37.858333333333334 ], [ -97.011111111111106, 37.85 ], [ -97.001388888888883, 37.85 ] ] ] } },
{ "type": "Feature", "properties": { "score": 79.5 }, "geometry": { "type": "Polygon", "coordinates": [ [ [ -96.99166666666666, 37.85 ], [ -96.99166666666666, 37.858333333333334 ], [ -97.001388888888883, 37.858333333333334 ], [ -97.001388888888883, 37.85 ], [ -96.99166666666666, 37.85 ] ] ] } },
{ "type": "Feature", "properties": { "score": 81.9 }, "geometry": { "type": "Polygon", "coordinates": [ [ [ -96.981944444444437, 37.85 ], [ -96.981944444444437, 37.858333333333334 ], [ -96.99166666666666, 37.858333333333334 ], [ -96.99166666666666, 37.85 ], [ -96.981944444444437, 37.85 ] ] ] } },
{ "type": "Feature", "properties": { "score": 79.3 }, "geometry": { "type": "Polygon", "coordinates": [ [ [ -96.972222222222214, 37.85 ], [ -96.972222222222214, 37.858333333333334 ], [ -96.981944444444437, 37.858333333333334 ], [ -96.981944444444437, 37.85 ], [ -96.972222222222214, 37.85 ] ] ] } },
{ "type": "Feature", "properties": { "score": 82.5 }, "geometry": { "type": "Polygon", "coordinates": [ [ [ -96.9625, 37.85 ], [ -96.9625, 37.858333333333334 ], [ -96.972222222222214, 37.858333333333334 ], [ -96.972222222222214, 37.85 ], [ -96.9625, 37.85 ] ] ] } },
{ "type": "Feature", "properties": { "score": 81.6 }, "geometry": { "type": "Polygon", "coordinates": [ [ [ -96.952777777777783, 37.85 ], [ -96.952777777777783, 37.858333333333334 ], [ -96.9625, 37.858333333333334 ], [ -96.9625, 37.85 ], [ -96.952777777777783, 37.85 ] ] ] } },
{ "type": "Feature", "properties": { "score": 79.8 }, "geometry": { "type": "Polygon", "coordinates": [ [ [ -96.94305555555556, 37.85 ], [ -96.94305555555556, 37.858333333333334 ], [ -96.952777777777783, 37.858333333333334 ], [ -96.952777777777783, 37.85 ], [ -96.94305555555556, 37.85 ] ] ] } },
{ "type": "Feature", "properties": { "score": 81.7 }, "geometry": { "type": "Polygon", "coordinates": [ [ [ -96.933333333333337, 37.85 ], [ -96.933333333333337, 37.858333333333334 ], [ -96.94305555555556, 37.858333333333334 ], [ -96.94305555555556, 37.85 ], [ -96.933333333333337, 37.85 ] ] ] } },
{ "type": "Feature", "properties": { "score": 83.8 }, "geometry": { "type": "Polygon", "coordinates": [ [ [ -96.923611111111114, 37.85 ], [ -96.923611111111114, 37.858333333333334 ], [ -96.933333333333337, 37.858333333333334 ], [ -96.933333333333337, 37.85 ], [ -96.923611111111114, 37.85 ] ] ] } },
{ "type": "Feature", "properties": { "score": 87.5 }, "geometry": { "type": "Polygon", "coordinates": [ [ [ -96.913888888888891, 37.85 ], [ -96.913888888888891, 37.858333333333334 ], [ -96.923611111111114, 37.858333333333334 ], [ -96.923611111111114, 37.85 ], [ -96.913888888888891, 37.85 ] ] ] } },
{ "type": "Feature", "properties": { "score": 87.8 }, "geometry": { "type": "Polygon", "coordinates": [ [ [ -96.904166666666669, 37.85 ], [ -96.904166666666669, 37.858333333333334 ], [ -96.913888888888891, 37.858333333333334 ], [ -96.913888888888891, 37.85 ], [ -96.904166666666669, 37.85 ] ] ] } },
{ "type": "Feature", "properties": { "score": 89.3 }, "geometry": { "type": "Polygon", "coordinates": [ [ [ -96.894444444444446, 37.85 ], [ -96.894444444444446, 37.858333333333334 ], [ -96.904166666666669, 37.858333333333334 ], [ -96.904166666666669, 37.85 ], [ -96.894444444444446, 37.85 ] ] ] } },
{ "type": "Feature", "properties": { "score": 87.5 }, "geometry": { "type": "Polygon", "coordinates": [ [ [ -96.884722222222223, 37.85 ], [ -96.884722222222223, 37.858333333333334 ], [ -96.894444444444446, 37.858333333333334 ], [ -96.894444444444446, 37.85 ], [ -96.884722222222223, 37.85 ] ] ] } },
{ "type": "Feature", "properties": { "score": 88.3 }, "geometry": { "type": "Polygon", "coordinates": [ [ [ -96.875, 37.85 ], [ -96.875, 37.858333333333334 ], [ -96.884722222222223, 37.858333333333334 ], [ -96.884722222222223, 37.85 ], [ -96.875, 37.85 ] ] ] } },
{ "type": "Feature", "properties": { "score": 84.3 }, "geometry": { "type": "Polygon", "coordinates": [ [ [ -96.865277777777777, 37.85 ], [ -96.865277777777777, 37.858333333333334 ], [ -96.875, 37.858333333333334 ], [ -96.875, 37.85 ], [ -96.865277777777777, 37.85 ] ] ] } },
{ "type": "Feature", "properties": { "score": 67.7 }, "geometry": { "type": "Polygon", "coordinates": [ [ [ -96.855555555555554, 37.85 ], [ -96.855555555555554, 37.858333333333334 ], [ -96.865277777777777, 37.858333333333334 ], [ -96.865277777777777, 37.85 ], [ -96.855555555555554, 37.85 ] ] ] } },
{ "type": "Feature", "properties": { "score": 80.7 }, "geometry": { "type": "Polygon", "coordinates": [ [ [ -96.845833333333331, 37.85 ], [ -96.845833333333331, 37.858333333333334 ], [ -96.855555555555554, 37.858333333333334 ], [ -96.855555555555554, 37.85 ], [ -96.845833333333331, 37.85 ] ] ] } },
{ "type": "Feature", "properties": { "score": 77.1 }, "geometry": { "type": "Polygon", "coordinates": [ [ [ -96.836111111111109, 37.85 ], [ -96.836111111111109, 37.858333333333334 ], [ -96.845833333333331, 37.858333333333334 ], [ -96.845833333333331, 37.85 ], [ -96.836111111111109, 37.85 ] ] ] } },
{ "type": "Feature", "properties": { "score": 74.2 }, "geometry": { "type": "Polygon", "coordinates": [ [ [ -96.826388888888886, 37.85 ], [ -96.826388888888886, 37.858333333333334 ], [ -96.836111111111109, 37.858333333333334 ], [ -96.836111111111109, 37.85 ], [ -96.826388888888886, 37.85 ] ] ] } },
{ "type": "Feature", "properties": { "score": 60.7 }, "geometry": { "type": "Polygon", "coordinates": [ [ [ -96.816666666666663, 37.85 ], [ -96.816666666666663, 37.858333333333334 ], [ -96.826388888888886, 37.858333333333334 ], [ -96.826388888888886, 37.85 ], [ -96.816666666666663, 37.85 ] ] ] } },
{ "type": "Feature", "properties": { "score": 60.0 }, "geometry": { "type": "Polygon", "coordinates": [ [ [ -96.80694444444444, 37.85 ], [ -96.80694444444444, 37.858333333333334 ], [ -96.816666666666663, 37.858333333333334 ], [ -96.816666666666663, 37.85 ], [ -96.80694444444444, 37.85 ] ] ] } },
{ "type": "Feature", "properties": { "score": 60.0 }, "geometry": { "type": "Polygon", "coordinates": [ [ [ -96.797222222222217, 37.85 ], [ -96.797222222222217, 37.858333333333334 ], [ -96.80694444444444, 37.858333333333334 ], [ -96.80694444444444, 37.85 ], [ -96.797222222222217, 37.85 ] ] ] } },
{ "type": "Feature", "properties": { "score": 66.1 }, "geometry": { "type": "Polygon", "coordinates": [ [ [ -96.7875, 37.85 ], [ -96.7875, 37.858333333333334 ], [ -96.797222222222217, 37.858333333333334 ], [ -96.797222222222217, 37.85 ], [ -96.7875, 37.85 ] ] ] } },
{ "type": "Feature", "properties": { "score": 68.2 }, "geometry": { "type": "Polygon", "coordinates": [ [ [ -96.777777777777786, 37.85 ], [ -96.777777777777786, 37.858333333333334 ], [ -96.7875, 37.858333333333334 ], [ -96.7875, 37.85 ], [ -96.777777777777786, 37.85 ] ] ] } },
{ "type": "Feature", "properties": { "score": 65.8 }, "geometry": { "type": "Polygon", "coordinates": [ [ [ -96.768055555555563, 37.85 ], [ -96.768055555555563, 37.858333333333334 ], [ -96.777777777777786, 37.858333333333334 ], [ -96.777777777777786, 37.85 ], [ -96.768055555555563, 37.85 ] ] ] } },
{ "type": "Feature", "properties": { "score": 65.8 }, "geometry": { "type": "Polygon", "coordinates": [ [ [ -96.75833333333334, 37.85 ], [ -96.75833333333334, 37.858333333333334 ], [ -96.768055555555563, 37.858333333333334 ], [ -96.768055555555563, 37.85 ], [ -96.75833333333334, 37.85 ] ] ] } },
{ "type": "Feature", "properties": { "score": 73.3 }, "geometry": { "type": "Polygon", "coordinates": [ [ [ -96.748611111111117, 37.85 ], [ -96.748611111111117, 37.858333333333334 ], [ -96.75833333333334, 37.858333333333334 ], [ -96.75833333333334, 37.85 ], [ -96.748611111111117, 37.85 ] ] ] } },
{ "type": "Feature", "properties": { "score": 82.7 }, "geometry": { "type": "Polygon", "coordinates": [ [ [ -96.738888888888894, 37.85 ], [ -96.738888888888894, 37.858333333333334 ], [ -96.748611111111117, 37.858333333333334 ], [ -96.748611111111117, 37.85 ], [ -96.738888888888894, 37.85 ] ] ] } },
{ "type": "Feature", "properties": { "score": 80.4 }, "geometry": { "type": "Polygon", "coordinates": [ [ [ -96.729166666666671, 37.85 ], [ -96.729166666666671, 37.858333333333334 ], [ -96.738888888888894, 37.858333333333334 ], [ -96.738888888888894, 37.85 ], [ -96.729166666666671, 37.85 ] ] ] } },
{ "type": "Feature", "properties": { "score": 77.1 }, "geometry": { "type": "Polygon", "coordinates": [ [ [ -96.719444444444449, 37.85 ], [ -96.719444444444449, 37.858333333333334 ], [ -96.729166666666671, 37.858333333333334 ], [ -96.729166666666671, 37.85 ], [ -96.719444444444449, 37.85 ] ] ] } },
{ "type": "Feature", "properties": { "score": 73.9 }, "geometry": { "type": "Polygon", "coordinates": [ [ [ -96.709722222222226, 37.85 ], [ -96.709722222222226, 37.858333333333334 ], [ -96.719444444444449, 37.858333333333334 ], [ -96.719444444444449, 37.85 ], [ -96.709722222222226, 37.85 ] ] ] } },
{ "type": "Feature", "properties": { "score": 78.1 }, "geometry": { "type": "Polygon", "coordinates": [ [ [ -96.7, 37.85 ], [ -96.7, 37.858333333333334 ], [ -96.709722222222226, 37.858333333333334 ], [ -96.709722222222226, 37.85 ], [ -96.7, 37.85 ] ] ] } },
{ "type": "Feature", "properties": { "score": 70.2 }, "geometry": { "type": "Polygon", "coordinates": [ [ [ -97.040277777777774, 37.858333333333334 ], [ -97.040277777777774, 37.866666666666667 ], [ -97.05, 37.866666666666667 ], [ -97.05, 37.858333333333334 ], [ -97.040277777777774, 37.858333333333334 ] ] ] } },
{ "type": "Feature", "properties": { "score": 84.4 }, "geometry": { "type": "Polygon", "coordinates": [ [ [ -97.030555555555551, 37.858333333333334 ], [ -97.030555555555551, 37.866666666666667 ], [ -97.040277777777774, 37.866666666666667 ], [ -97.040277777777774, 37.858333333333334 ], [ -97.030555555555551, 37.858333333333334 ] ] ] } },
{ "type": "Feature", "properties": { "score": 71.6 }, "geometry": { "type": "Polygon", "coordinates": [ [ [ -97.020833333333329, 37.858333333333334 ], [ -97.020833333333329, 37.866666666666667 ], [ -97.030555555555551, 37.866666666666667 ], [ -97.030555555555551, 37.858333333333334 ], [ -97.020833333333329, 37.858333333333334 ] ] ] } },
{ "type": "Feature", "properties": { "score": 74.5 }, "geometry": { "type": "Polygon", "coordinates": [ [ [ -97.011111111111106, 37.858333333333334 ], [ -97.011111111111106, 37.866666666666667 ], [ -97.020833333333329, 37.866666666666667 ], [ -97.020833333333329, 37.858333333333334 ], [ -97.011111111111106, 37.858333333333334 ] ] ] } },
{ "type": "Feature", "properties": { "score": 76.9 }, "geometry": { "type": "Polygon", "coordinates": [ [ [ -97.001388888888883, 37.858333333333334 ], [ -97.001388888888883, 37.866666666666667 ], [ -97.011111111111106, 37.866666666666667 ], [ -97.011111111111106, 37.858333333333334 ], [ -97.001388888888883, 37.858333333333334 ] ] ] } },
{ "type": "Feature", "properties": { "score": 82.0 }, "geometry": { "type": "Polygon", "coordinates": [ [ [ -96.99166666666666, 37.858333333333334 ], [ -96.99166666666666, 37.866666666666667 ], [ -97.001388888888883, 37.866666666666667 ], [ -97.001388888888883, 37.858333333333334 ], [ -96.99166666666666, 37.858333333333334 ] ] ] } },
{ "type": "Feature", "properties": { "score": 84.4 }, "geometry": { "type": "Polygon", "coordinates": [ [ [ -96.981944444444437, 37.858333333333334 ], [ -96.981944444444437, 37.866666666666667 ], [ -96.99166666666666, 37.866666666666667 ], [ -96.99166666666666, 37.858333333333334 ], [ -96.981944444444437, 37.858333333333334 ] ] ] } },
{ "type": "Feature", "properties": { "score": 82.8 }, "geometry": { "type": "Polygon", "coordinates": [ [ [ -96.972222222222214, 37.858333333333334 ], [ -96.972222222222214, 37.866666666666667 ], [ -96.981944444444437, 37.866666666666667 ], [ -96.981944444444437, 37.858333333333334 ], [ -96.972222222222214, 37.858333333333334 ] ] ] } },
{ "type": "Feature", "properties": { "score": 83.8 }, "geometry": { "type": "Polygon", "coordinates": [ [ [ -96.9625, 37.858333333333334 ], [ -96.9625, 37.866666666666667 ], [ -96.972222222222214, 37.866666666666667 ], [ -96.972222222222214, 37.858333333333334 ], [ -96.9625, 37.858333333333334 ] ] ] } },
{ "type": "Feature", "properties": { "score": 86.6 }, "geometry": { "type": "Polygon", "coordinates": [ [ [ -96.952777777777783, 37.858333333333334 ], [ -96.952777777777783, 37.866666666666667 ], [ -96.9625, 37.866666666666667 ], [ -96.9625, 37.858333333333334 ], [ -96.952777777777783, 37.858333333333334 ] ] ] } },
{ "type": "Feature", "properties": { "score": 78.5 }, "geometry": { "type": "Polygon", "coordinates": [ [ [ -96.94305555555556, 37.858333333333334 ], [ -96.94305555555556, 37.866666666666667 ], [ -96.952777777777783, 37.866666666666667 ], [ -96.952777777777783, 37.858333333333334 ], [ -96.94305555555556, 37.858333333333334 ] ] ] } },
{ "type": "Feature", "properties": { "score": 80.7 }, "geometry": { "type": "Polygon", "coordinates": [ [ [ -96.933333333333337, 37.858333333333334 ], [ -96.933333333333337, 37.866666666666667 ], [ -96.94305555555556, 37.866666666666667 ], [ -96.94305555555556, 37.858333333333334 ], [ -96.933333333333337, 37.858333333333334 ] ] ] } },
{ "type": "Feature", "properties": { "score": 86.6 }, "geometry": { "type": "Polygon", "coordinates": [ [ [ -96.923611111111114, 37.858333333333334 ], [ -96.923611111111114, 37.866666666666667 ], [ -96.933333333333337, 37.866666666666667 ], [ -96.933333333333337, 37.858333333333334 ], [ -96.923611111111114, 37.858333333333334 ] ] ] } },
{ "type": "Feature", "properties": { "score": 87.7 }, "geometry": { "type": "Polygon", "coordinates": [ [ [ -96.913888888888891, 37.858333333333334 ], [ -96.913888888888891, 37.866666666666667 ], [ -96.923611111111114, 37.866666666666667 ], [ -96.923611111111114, 37.858333333333334 ], [ -96.913888888888891, 37.858333333333334 ] ] ] } },
{ "type": "Feature", "properties": { "score": 87.2 }, "geometry": { "type": "Polygon", "coordinates": [ [ [ -96.904166666666669, 37.858333333333334 ], [ -96.904166666666669, 37.866666666666667 ], [ -96.913888888888891, 37.866666666666667 ], [ -96.913888888888891, 37.858333333333334 ], [ -96.904166666666669, 37.858333333333334 ] ] ] } },
{ "type": "Feature", "properties": { "score": 86.7 }, "geometry": { "type": "Polygon", "coordinates": [ [ [ -96.894444444444446, 37.858333333333334 ], [ -96.894444444444446, 37.866666666666667 ], [ -96.904166666666669, 37.866666666666667 ], [ -96.904166666666669, 37.858333333333334 ], [ -96.894444444444446, 37.858333333333334 ] ] ] } },
{ "type": "Feature", "properties": { "score": 84.1 }, "geometry": { "type": "Polygon", "coordinates": [ [ [ -96.884722222222223, 37.858333333333334 ], [ -96.884722222222223, 37.866666666666667 ], [ -96.894444444444446, 37.866666666666667 ], [ -96.894444444444446, 37.858333333333334 ], [ -96.884722222222223, 37.858333333333334 ] ] ] } },
{ "type": "Feature", "properties": { "score": 83.6 }, "geometry": { "type": "Polygon", "coordinates": [ [ [ -96.875, 37.858333333333334 ], [ -96.875, 37.866666666666667 ], [ -96.884722222222223, 37.866666666666667 ], [ -96.884722222222223, 37.858333333333334 ], [ -96.875, 37.858333333333334 ] ] ] } },
{ "type": "Feature", "properties": { "score": 78.7 }, "geometry": { "type": "Polygon", "coordinates": [ [ [ -96.865277777777777, 37.858333333333334 ], [ -96.865277777777777, 37.866666666666667 ], [ -96.875, 37.866666666666667 ], [ -96.875, 37.858333333333334 ], [ -96.865277777777777, 37.858333333333334 ] ] ] } },
{ "type": "Feature", "properties": { "score": 65.6 }, "geometry": { "type": "Polygon", "coordinates": [ [ [ -96.855555555555554, 37.858333333333334 ], [ -96.855555555555554, 37.866666666666667 ], [ -96.865277777777777, 37.866666666666667 ], [ -96.865277777777777, 37.858333333333334 ], [ -96.855555555555554, 37.858333333333334 ] ] ] } },
{ "type": "Feature", "properties": { "score": 72.0 }, "geometry": { "type": "Polygon", "coordinates": [ [ [ -96.845833333333331, 37.858333333333334 ], [ -96.845833333333331, 37.866666666666667 ], [ -96.855555555555554, 37.866666666666667 ], [ -96.855555555555554, 37.858333333333334 ], [ -96.845833333333331, 37.858333333333334 ] ] ] } },
{ "type": "Feature", "properties": { "score": 80.3 }, "geometry": { "type": "Polygon", "coordinates": [ [ [ -96.836111111111109, 37.858333333333334 ], [ -96.836111111111109, 37.866666666666667 ], [ -96.845833333333331, 37.866666666666667 ], [ -96.845833333333331, 37.858333333333334 ], [ -96.836111111111109, 37.858333333333334 ] ] ] } },
{ "type": "Feature", "properties": { "score": 80.3 }, "geometry": { "type": "Polygon", "coordinates": [ [ [ -96.826388888888886, 37.858333333333334 ], [ -96.826388888888886, 37.866666666666667 ], [ -96.836111111111109, 37.866666666666667 ], [ -96.836111111111109, 37.858333333333334 ], [ -96.826388888888886, 37.858333333333334 ] ] ] } },
{ "type": "Feature", "properties": { "score": 68.0 }, "geometry": { "type": "Polygon", "coordinates": [ [ [ -96.816666666666663, 37.858333333333334 ], [ -96.816666666666663, 37.866666666666667 ], [ -96.826388888888886, 37.866666666666667 ], [ -96.826388888888886, 37.858333333333334 ], [ -96.816666666666663, 37.858333333333334 ] ] ] } },
{ "type": "Feature", "properties": { "score": 60.0 }, "geometry": { "type": "Polygon", "coordinates": [ [ [ -96.80694444444444, 37.858333333333334 ], [ -96.80694444444444, 37.866666666666667 ], [ -96.816666666666663, 37.866666666666667 ], [ -96.816666666666663, 37.858333333333334 ], [ -96.80694444444444, 37.858333333333334 ] ] ] } },
{ "type": "Feature", "properties": { "score": 60.0 }, "geometry": { "type": "Polygon", "coordinates": [ [ [ -96.797222222222217, 37.858333333333334 ], [ -96.797222222222217, 37.866666666666667 ], [ -96.80694444444444, 37.866666666666667 ], [ -96.80694444444444, 37.858333333333334 ], [ -96.797222222222217, 37.858333333333334 ] ] ] } },
{ "type": "Feature", "properties": { "score": 59.9 }, "geometry": { "type": "Polygon", "coordinates": [ [ [ -96.7875, 37.858333333333334 ], [ -96.7875, 37.866666666666667 ], [ -96.797222222222217, 37.866666666666667 ], [ -96.797222222222217, 37.858333333333334 ], [ -96.7875, 37.858333333333334 ] ] ] } },
{ "type": "Feature", "properties": { "score": 63.9 }, "geometry": { "type": "Polygon", "coordinates": [ [ [ -96.777777777777786, 37.858333333333334 ], [ -96.777777777777786, 37.866666666666667 ], [ -96.7875, 37.866666666666667 ], [ -96.7875, 37.858333333333334 ], [ -96.777777777777786, 37.858333333333334 ] ] ] } },
{ "type": "Feature", "properties": { "score": 78.2 }, "geometry": { "type": "Polygon", "coordinates": [ [ [ -96.768055555555563, 37.858333333333334 ], [ -96.768055555555563, 37.866666666666667 ], [ -96.777777777777786, 37.866666666666667 ], [ -96.777777777777786, 37.858333333333334 ], [ -96.768055555555563, 37.858333333333334 ] ] ] } },
{ "type": "Feature", "properties": { "score": 83.3 }, "geometry": { "type": "Polygon", "coordinates": [ [ [ -96.75833333333334, 37.858333333333334 ], [ -96.75833333333334, 37.866666666666667 ], [ -96.768055555555563, 37.866666666666667 ], [ -96.768055555555563, 37.858333333333334 ], [ -96.75833333333334, 37.858333333333334 ] ] ] } },
{ "type": "Feature", "properties": { "score": 84.2 }, "geometry": { "type": "Polygon", "coordinates": [ [ [ -96.748611111111117, 37.858333333333334 ], [ -96.748611111111117, 37.866666666666667 ], [ -96.75833333333334, 37.866666666666667 ], [ -96.75833333333334, 37.858333333333334 ], [ -96.748611111111117, 37.858333333333334 ] ] ] } },
{ "type": "Feature", "properties": { "score": 86.8 }, "geometry": { "type": "Polygon", "coordinates": [ [ [ -96.738888888888894, 37.858333333333334 ], [ -96.738888888888894, 37.866666666666667 ], [ -96.748611111111117, 37.866666666666667 ], [ -96.748611111111117, 37.858333333333334 ], [ -96.738888888888894, 37.858333333333334 ] ] ] } },
{ "type": "Feature", "properties": { "score": 86.7 }, "geometry": { "type": "Polygon", "coordinates": [ [ [ -96.729166666666671, 37.858333333333334 ], [ -96.729166666666671, 37.866666666666667 ], [ -96.738888888888894, 37.866666666666667 ], [ -96.738888888888894, 37.858333333333334 ], [ -96.729166666666671, 37.858333333333334 ] ] ] } },
{ "type": "Feature", "properties": { "score": 89.2 }, "geometry": { "type": "Polygon", "coordinates": [ [ [ -96.719444444444449, 37.858333333333334 ], [ -96.719444444444449, 37.866666666666667 ], [ -96.729166666666671, 37.866666666666667 ], [ -96.729166666666671, 37.858333333333334 ], [ -96.719444444444449, 37.858333333333334 ] ] ] } },
{ "type": "Feature", "properties": { "score": 88.0 }, "geometry": { "type": "Polygon", "coordinates": [ [ [ -96.709722222222226, 37.858333333333334 ], [ -96.709722222222226, 37.866666666666667 ], [ -96.719444444444449, 37.866666666666667 ], [ -96.719444444444449, 37.858333333333334 ], [ -96.709722222222226, 37.858333333333334 ] ] ] } },
{ "type": "Feature", "properties": { "score": 79.1 }, "geometry": { "type": "Polygon", "coordinates": [ [ [ -96.7, 37.858333333333334 ], [ -96.7, 37.866666666666667 ], [ -96.709722222222226, 37.866666666666667 ], [ -96.709722222222226, 37.858333333333334 ], [ -96.7, 37.858333333333334 ] ] ] } },
{ "type": "Feature", "properties": { "score": 78.0 }, "geometry": { "type": "Polygon", "coordinates": [ [ [ -97.040277777777774, 37.866666666666667 ], [ -97.040277777777774, 37.875 ], [ -97.05, 37.875 ], [ -97.05, 37.866666666666667 ], [ -97.040277777777774, 37.866666666666667 ] ] ] } },
{ "type": "Feature", "properties": { "score": 82.9 }, "geometry": { "type": "Polygon", "coordinates": [ [ [ -97.030555555555551, 37.866666666666667 ], [ -97.030555555555551, 37.875 ], [ -97.040277777777774, 37.875 ], [ -97.040277777777774, 37.866666666666667 ], [ -97.030555555555551, 37.866666666666667 ] ] ] } },
{ "type": "Feature", "properties": { "score": 84.2 }, "geometry": { "type": "Polygon", "coordinates": [ [ [ -97.020833333333329, 37.866666666666667 ], [ -97.020833333333329, 37.875 ], [ -97.030555555555551, 37.875 ], [ -97.030555555555551, 37.866666666666667 ], [ -97.020833333333329, 37.866666666666667 ] ] ] } },
{ "type": "Feature", "properties": { "score": 80.8 }, "geometry": { "type": "Polygon", "coordinates": [ [ [ -97.011111111111106, 37.866666666666667 ], [ -97.011111111111106, 37.875 ], [ -97.020833333333329, 37.875 ], [ -97.020833333333329, 37.866666666666667 ], [ -97.011111111111106, 37.866666666666667 ] ] ] } },
{ "type": "Feature", "properties": { "score": 69.6 }, "geometry": { "type": "Polygon", "coordinates": [ [ [ -97.001388888888883, 37.866666666666667 ], [ -97.001388888888883, 37.875 ], [ -97.011111111111106, 37.875 ], [ -97.011111111111106, 37.866666666666667 ], [ -97.001388888888883, 37.866666666666667 ] ] ] } },
{ "type": "Feature", "properties": { "score": 74.0 }, "geometry": { "type": "Polygon", "coordinates": [ [ [ -96.99166666666666, 37.866666666666667 ], [ -96.99166666666666, 37.875 ], [ -97.001388888888883, 37.875 ], [ -97.001388888888883, 37.866666666666667 ], [ -96.99166666666666, 37.866666666666667 ] ] ] } },
{ "type": "Feature", "properties": { "score": 82.8 }, "geometry": { "type": "Polygon", "coordinates": [ [ [ -96.981944444444437, 37.866666666666667 ], [ -96.981944444444437, 37.875 ], [ -96.99166666666666, 37.875 ], [ -96.99166666666666, 37.866666666666667 ], [ -96.981944444444437, 37.866666666666667 ] ] ] } },
{ "type": "Feature", "properties": { "score": 83.1 }, "geometry": { "type": "Polygon", "coordinates": [ [ [ -96.972222222222214, 37.866666666666667 ], [ -96.972222222222214, 37.875 ], [ -96.981944444444437, 37.875 ], [ -96.981944444444437, 37.866666666666667 ], [ -96.972222222222214, 37.866666666666667 ] ] ] } },
{ "type": "Feature", "properties": { "score": 85.5 }, "geometry": { "type": "Polygon", "coordinates": [ [ [ -96.9625, 37.866666666666667 ], [ -96.9625, 37.875 ], [ -96.972222222222214, 37.875 ], [ -96.972222222222214, 37.866666666666667 ], [ -96.9625, 37.866666666666667 ] ] ] } },
{ "type": "Feature", "properties": { "score": 82.6 }, "geometry": { "type": "Polygon", "coordinates": [ [ [ -96.952777777777783, 37.866666666666667 ], [ -96.952777777777783, 37.875 ], [ -96.9625, 37.875 ], [ -96.9625, 37.866666666666667 ], [ -96.952777777777783, 37.866666666666667 ] ] ] } },
{ "type": "Feature", "properties": { "score": 82.6 }, "geometry": { "type": "Polygon", "coordinates": [ [ [ -96.94305555555556, 37.866666666666667 ], [ -96.94305555555556, 37.875 ], [ -96.952777777777783, 37.875 ], [ -96.952777777777783, 37.866666666666667 ], [ -96.94305555555556, 37.866666666666667 ] ] ] } },
{ "type": "Feature", "properties": { "score": 86.1 }, "geometry": { "type": "Polygon", "coordinates": [ [ [ -96.933333333333337, 37.866666666666667 ], [ -96.933333333333337, 37.875 ], [ -96.94305555555556, 37.875 ], [ -96.94305555555556, 37.866666666666667 ], [ -96.933333333333337, 37.866666666666667 ] ] ] } },
{ "type": "Feature", "properties": { "score": 84.9 }, "geometry": { "type": "Polygon", "coordinates": [ [ [ -96.923611111111114, 37.866666666666667 ], [ -96.923611111111114, 37.875 ], [ -96.933333333333337, 37.875 ], [ -96.933333333333337, 37.866666666666667 ], [ -96.923611111111114, 37.866666666666667 ] ] ] } },
{ "type": "Feature", "properties": { "score": 86.6 }, "geometry": { "type": "Polygon", "coordinates": [ [ [ -96.913888888888891, 37.866666666666667 ], [ -96.913888888888891, 37.875 ], [ -96.923611111111114, 37.875 ], [ -96.923611111111114, 37.866666666666667 ], [ -96.913888888888891, 37.866666666666667 ] ] ] } },
{ "type": "Feature", "properties": { "score": 89.0 }, "geometry": { "type": "Polygon", "coordinates": [ [ [ -96.904166666666669, 37.866666666666667 ], [ -96.904166666666669, 37.875 ], [ -96.913888888888891, 37.875 ], [ -96.913888888888891, 37.866666666666667 ], [ -96.904166666666669, 37.866666666666667 ] ] ] } },
{ "type": "Feature", "properties": { "score": 87.4 }, "geometry": { "type": "Polygon", "coordinates": [ [ [ -96.894444444444446, 37.866666666666667 ], [ -96.894444444444446, 37.875 ], [ -96.904166666666669, 37.875 ], [ -96.904166666666669, 37.866666666666667 ], [ -96.894444444444446, 37.866666666666667 ] ] ] } },
{ "type": "Feature", "properties": { "score": 83.2 }, "geometry": { "type": "Polygon", "coordinates": [ [ [ -96.884722222222223, 37.866666666666667 ], [ -96.884722222222223, 37.875 ], [ -96.894444444444446, 37.875 ], [ -96.894444444444446, 37.866666666666667 ], [ -96.884722222222223, 37.866666666666667 ] ] ] } },
{ "type": "Feature", "properties": { "score": 84.1 }, "geometry": { "type": "Polygon", "coordinates": [ [ [ -96.875, 37.866666666666667 ], [ -96.875, 37.875 ], [ -96.884722222222223, 37.875 ], [ -96.884722222222223, 37.866666666666667 ], [ -96.875, 37.866666666666667 ] ] ] } },
{ "type": "Feature", "properties": { "score": 77.5 }, "geometry": { "type": "Polygon", "coordinates": [ [ [ -96.865277777777777, 37.866666666666667 ], [ -96.865277777777777, 37.875 ], [ -96.875, 37.875 ], [ -96.875, 37.866666666666667 ], [ -96.865277777777777, 37.866666666666667 ] ] ] } },
{ "type": "Feature", "properties": { "score": 71.3 }, "geometry": { "type": "Polygon", "coordinates": [ [ [ -96.855555555555554, 37.866666666666667 ], [ -96.855555555555554, 37.875 ], [ -96.865277777777777, 37.875 ], [ -96.865277777777777, 37.866666666666667 ], [ -96.855555555555554, 37.866666666666667 ] ] ] } },
{ "type": "Feature", "properties": { "score": 64.6 }, "geometry": { "type": "Polygon", "coordinates": [ [ [ -96.845833333333331, 37.866666666666667 ], [ -96.845833333333331, 37.875 ], [ -96.855555555555554, 37.875 ], [ -96.855555555555554, 37.866666666666667 ], [ -96.845833333333331, 37.866666666666667 ] ] ] } },
{ "type": "Feature", "properties": { "score": 75.8 }, "geometry": { "type": "Polygon", "coordinates": [ [ [ -96.836111111111109, 37.866666666666667 ], [ -96.836111111111109, 37.875 ], [ -96.845833333333331, 37.875 ], [ -96.845833333333331, 37.866666666666667 ], [ -96.836111111111109, 37.866666666666667 ] ] ] } },
{ "type": "Feature", "properties": { "score": 84.5 }, "geometry": { "type": "Polygon", "coordinates": [ [ [ -96.826388888888886, 37.866666666666667 ], [ -96.826388888888886, 37.875 ], [ -96.836111111111109, 37.875 ], [ -96.836111111111109, 37.866666666666667 ], [ -96.826388888888886, 37.866666666666667 ] ] ] } },
{ "type": "Feature", "properties": { "score": 75.4 }, "geometry": { "type": "Polygon", "coordinates": [ [ [ -96.816666666666663, 37.866666666666667 ], [ -96.816666666666663, 37.875 ], [ -96.826388888888886, 37.875 ], [ -96.826388888888886, 37.866666666666667 ], [ -96.816666666666663, 37.866666666666667 ] ] ] } },
{ "type": "Feature", "properties": { "score": 61.2 }, "geometry": { "type": "Polygon", "coordinates": [ [ [ -96.80694444444444, 37.866666666666667 ], [ -96.80694444444444, 37.875 ], [ -96.816666666666663, 37.875 ], [ -96.816666666666663, 37.866666666666667 ], [ -96.80694444444444, 37.866666666666667 ] ] ] } },
{ "type": "Feature", "properties": { "score": 60.0 }, "geometry": { "type": "Polygon", "coordinates": [ [ [ -96.797222222222217, 37.866666666666667 ], [ -96.797222222222217, 37.875 ], [ -96.80694444444444, 37.875 ], [ -96.80694444444444, 37.866666666666667 ], [ -96.797222222222217, 37.866666666666667 ] ] ] } },
{ "type": "Feature", "properties": { "score": 64.9 }, "geometry": { "type": "Polygon", "coordinates": [ [ [ -96.7875, 37.866666666666667 ], [ -96.7875, 37.875 ], [ -96.797222222222217, 37.875 ], [ -96.797222222222217, 37.866666666666667 ], [ -96.7875, 37.866666666666667 ] ] ] } },
{ "type": "Feature", "properties": { "score": 66.7 }, "geometry": { "type": "Polygon", "coordinates": [ [ [ -96.777777777777786, 37.866666666666667 ], [ -96.777777777777786, 37.875 ], [ -96.7875, 37.875 ], [ -96.7875, 37.866666666666667 ], [ -96.777777777777786, 37.866666666666667 ] ] ] } },
{ "type": "Feature", "properties": { "score": 59.7 }, "geometry": { "type": "Polygon", "coordinates": [ [ [ -96.768055555555563, 37.866666666666667 ], [ -96.768055555555563, 37.875 ], [ -96.777777777777786, 37.875 ], [ -96.777777777777786, 37.866666666666667 ], [ -96.768055555555563, 37.866666666666667 ] ] ] } },
{ "type": "Feature", "properties": { "score": 66.3 }, "geometry": { "type": "Polygon", "coordinates": [ [ [ -96.75833333333334, 37.866666666666667 ], [ -96.75833333333334, 37.875 ], [ -96.768055555555563, 37.875 ], [ -96.768055555555563, 37.866666666666667 ], [ -96.75833333333334, 37.866666666666667 ] ] ] } },
{ "type": "Feature", "properties": { "score": 81.9 }, "geometry": { "type": "Polygon", "coordinates": [ [ [ -96.748611111111117, 37.866666666666667 ], [ -96.748611111111117, 37.875 ], [ -96.75833333333334, 37.875 ], [ -96.75833333333334, 37.866666666666667 ], [ -96.748611111111117, 37.866666666666667 ] ] ] } },
{ "type": "Feature", "properties": { "score": 85.5 }, "geometry": { "type": "Polygon", "coordinates": [ [ [ -96.738888888888894, 37.866666666666667 ], [ -96.738888888888894, 37.875 ], [ -96.748611111111117, 37.875 ], [ -96.748611111111117, 37.866666666666667 ], [ -96.738888888888894, 37.866666666666667 ] ] ] } },
{ "type": "Feature", "properties": { "score": 89.0 }, "geometry": { "type": "Polygon", "coordinates": [ [ [ -96.729166666666671, 37.866666666666667 ], [ -96.729166666666671, 37.875 ], [ -96.738888888888894, 37.875 ], [ -96.738888888888894, 37.866666666666667 ], [ -96.729166666666671, 37.866666666666667 ] ] ] } },
{ "type": "Feature", "properties": { "score": 89.2 }, "geometry": { "type": "Polygon", "coordinates": [ [ [ -96.719444444444449, 37.866666666666667 ], [ -96.719444444444449, 37.875 ], [ -96.729166666666671, 37.875 ], [ -96.729166666666671, 37.866666666666667 ], [ -96.719444444444449, 37.866666666666667 ] ] ] } },
{ "type": "Feature", "properties": { "score": 90.0 }, "geometry": { "type": "Polygon", "coordinates": [ [ [ -96.709722222222226, 37.866666666666667 ], [ -96.709722222222226, 37.875 ], [ -96.719444444444449, 37.875 ], [ -96.719444444444449, 37.866666666666667 ], [ -96.709722222222226, 37.866666666666667 ] ] ] } },
{ "type": "Feature", "properties": { "score": 86.6 }, "geometry": { "type": "Polygon", "coordinates": [ [ [ -96.7, 37.866666666666667 ], [ -96.7, 37.875 ], [ -96.709722222222226, 37.875 ], [ -96.709722222222226, 37.866666666666667 ], [ -96.7, 37.866666666666667 ] ] ] } },
{ "type": "Feature", "properties": { "score": 81.5 }, "geometry": { "type": "Polygon", "coordinates": [ [ [ -97.040277777777774, 37.875 ], [ -97.040277777777774, 37.883333333333333 ], [ -97.05, 37.883333333333333 ], [ -97.05, 37.875 ], [ -97.040277777777774, 37.875 ] ] ] } },
{ "type": "Feature", "properties": { "score": 79.9 }, "geometry": { "type": "Polygon", "coordinates": [ [ [ -97.030555555555551, 37.875 ], [ -97.030555555555551, 37.883333333333333 ], [ -97.040277777777774, 37.883333333333333 ], [ -97.040277777777774, 37.875 ], [ -97.030555555555551, 37.875 ] ] ] } },
{ "type": "Feature", "properties": { "score": 82.4 }, "geometry": { "type": "Polygon", "coordinates": [ [ [ -97.020833333333329, 37.875 ], [ -97.020833333333329, 37.883333333333333 ], [ -97.030555555555551, 37.883333333333333 ], [ -97.030555555555551, 37.875 ], [ -97.020833333333329, 37.875 ] ] ] } },
{ "type": "Feature", "properties": { "score": 86.1 }, "geometry": { "type": "Polygon", "coordinates": [ [ [ -97.011111111111106, 37.875 ], [ -97.011111111111106, 37.883333333333333 ], [ -97.020833333333329, 37.883333333333333 ], [ -97.020833333333329, 37.875 ], [ -97.011111111111106, 37.875 ] ] ] } },
{ "type": "Feature", "properties": { "score": 85.8 }, "geometry": { "type": "Polygon", "coordinates": [ [ [ -97.001388888888883, 37.875 ], [ -97.001388888888883, 37.883333333333333 ], [ -97.011111111111106, 37.883333333333333 ], [ -97.011111111111106, 37.875 ], [ -97.001388888888883, 37.875 ] ] ] } },
{ "type": "Feature", "properties": { "score": 72.8 }, "geometry": { "type": "Polygon", "coordinates": [ [ [ -96.99166666666666, 37.875 ], [ -96.99166666666666, 37.883333333333333 ], [ -97.001388888888883, 37.883333333333333 ], [ -97.001388888888883, 37.875 ], [ -96.99166666666666, 37.875 ] ] ] } },
{ "type": "Feature", "properties": { "score": 74.2 }, "geometry": { "type": "Polygon", "coordinates": [ [ [ -96.981944444444437, 37.875 ], [ -96.981944444444437, 37.883333333333333 ], [ -96.99166666666666, 37.883333333333333 ], [ -96.99166666666666, 37.875 ], [ -96.981944444444437, 37.875 ] ] ] } },
{ "type": "Feature", "properties": { "score": 77.7 }, "geometry": { "type": "Polygon", "coordinates": [ [ [ -96.972222222222214, 37.875 ], [ -96.972222222222214, 37.883333333333333 ], [ -96.981944444444437, 37.883333333333333 ], [ -96.981944444444437, 37.875 ], [ -96.972222222222214, 37.875 ] ] ] } },
{ "type": "Feature", "properties": { "score": 81.0 }, "geometry": { "type": "Polygon", "coordinates": [ [ [ -96.9625, 37.875 ], [ -96.9625, 37.883333333333333 ], [ -96.972222222222214, 37.883333333333333 ], [ -96.972222222222214, 37.875 ], [ -96.9625, 37.875 ] ] ] } },
{ "type": "Feature", "properties": { "score": 80.6 }, "geometry": { "type": "Polygon", "coordinates": [ [ [ -96.952777777777783, 37.875 ], [ -96.952777777777783, 37.883333333333333 ], [ -96.9625, 37.883333333333333 ], [ -96.9625, 37.875 ], [ -96.952777777777783, 37.875 ] ] ] } },
{ "type": "Feature", "properties": { "score": 79.8 }, "geometry": { "type": "Polygon", "coordinates": [ [ [ -96.94305555555556, 37.875 ], [ -96.94305555555556, 37.883333333333333 ], [ -96.952777777777783, 37.883333333333333 ], [ -96.952777777777783, 37.875 ], [ -96.94305555555556, 37.875 ] ] ] } },
{ "type": "Feature", "properties": { "score": 85.3 }, "geometry": { "type": "Polygon", "coordinates": [ [ [ -96.933333333333337, 37.875 ], [ -96.933333333333337, 37.883333333333333 ], [ -96.94305555555556, 37.883333333333333 ], [ -96.94305555555556, 37.875 ], [ -96.933333333333337, 37.875 ] ] ] } },
{ "type": "Feature", "properties": { "score": 87.1 }, "geometry": { "type": "Polygon", "coordinates": [ [ [ -96.923611111111114, 37.875 ], [ -96.923611111111114, 37.883333333333333 ], [ -96.933333333333337, 37.883333333333333 ], [ -96.933333333333337, 37.875 ], [ -96.923611111111114, 37.875 ] ] ] } },
{ "type": "Feature", "properties": { "score": 87.3 }, "geometry": { "type": "Polygon", "coordinates": [ [ [ -96.913888888888891, 37.875 ], [ -96.913888888888891, 37.883333333333333 ], [ -96.923611111111114, 37.883333333333333 ], [ -96.923611111111114, 37.875 ], [ -96.913888888888891, 37.875 ] ] ] } },
{ "type": "Feature", "properties": { "score": 88.5 }, "geometry": { "type": "Polygon", "coordinates": [ [ [ -96.904166666666669, 37.875 ], [ -96.904166666666669, 37.883333333333333 ], [ -96.913888888888891, 37.883333333333333 ], [ -96.913888888888891, 37.875 ], [ -96.904166666666669, 37.875 ] ] ] } },
{ "type": "Feature", "properties": { "score": 85.9 }, "geometry": { "type": "Polygon", "coordinates": [ [ [ -96.894444444444446, 37.875 ], [ -96.894444444444446, 37.883333333333333 ], [ -96.904166666666669, 37.883333333333333 ], [ -96.904166666666669, 37.875 ], [ -96.894444444444446, 37.875 ] ] ] } },
{ "type": "Feature", "properties": { "score": 86.9 }, "geometry": { "type": "Polygon", "coordinates": [ [ [ -96.884722222222223, 37.875 ], [ -96.884722222222223, 37.883333333333333 ], [ -96.894444444444446, 37.883333333333333 ], [ -96.894444444444446, 37.875 ], [ -96.884722222222223, 37.875 ] ] ] } },
{ "type": "Feature", "properties": { "score": 86.2 }, "geometry": { "type": "Polygon", "coordinates": [ [ [ -96.875, 37.875 ], [ -96.875, 37.883333333333333 ], [ -96.884722222222223, 37.883333333333333 ], [ -96.884722222222223, 37.875 ], [ -96.875, 37.875 ] ] ] } },
{ "type": "Feature", "properties": { "score": 76.8 }, "geometry": { "type": "Polygon", "coordinates": [ [ [ -96.865277777777777, 37.875 ], [ -96.865277777777777, 37.883333333333333 ], [ -96.875, 37.883333333333333 ], [ -96.875, 37.875 ], [ -96.865277777777777, 37.875 ] ] ] } },
{ "type": "Feature", "properties": { "score": 80.6 }, "geometry": { "type": "Polygon", "coordinates": [ [ [ -96.855555555555554, 37.875 ], [ -96.855555555555554, 37.883333333333333 ], [ -96.865277777777777, 37.883333333333333 ], [ -96.865277777777777, 37.875 ], [ -96.855555555555554, 37.875 ] ] ] } },
{ "type": "Feature", "properties": { "score": 80.0 }, "geometry": { "type": "Polygon", "coordinates": [ [ [ -96.845833333333331, 37.875 ], [ -96.845833333333331, 37.883333333333333 ], [ -96.855555555555554, 37.883333333333333 ], [ -96.855555555555554, 37.875 ], [ -96.845833333333331, 37.875 ] ] ] } },
{ "type": "Feature", "properties": { "score": 82.8 }, "geometry": { "type": "Polygon", "coordinates": [ [ [ -96.836111111111109, 37.875 ], [ -96.836111111111109, 37.883333333333333 ], [ -96.845833333333331, 37.883333333333333 ], [ -96.845833333333331, 37.875 ], [ -96.836111111111109, 37.875 ] ] ] } },
{ "type": "Feature", "properties": { "score": 85.2 }, "geometry": { "type": "Polygon", "coordinates": [ [ [ -96.826388888888886, 37.875 ], [ -96.826388888888886, 37.883333333333333 ], [ -96.836111111111109, 37.883333333333333 ], [ -96.836111111111109, 37.875 ], [ -96.826388888888886, 37.875 ] ] ] } },
{ "type": "Feature", "properties": { "score": 79.6 }, "geometry": { "type": "Polygon", "coordinates": [ [ [ -96.816666666666663, 37.875 ], [ -96.816666666666663, 37.883333333333333 ], [ -96.826388888888886, 37.883333333333333 ], [ -96.826388888888886, 37.875 ], [ -96.816666666666663, 37.875 ] ] ] } },
{ "type": "Feature", "properties": { "score": 70.8 }, "geometry": { "type": "Polygon", "coordinates": [ [ [ -96.80694444444444, 37.875 ], [ -96.80694444444444, 37.883333333333333 ], [ -96.816666666666663, 37.883333333333333 ], [ -96.816666666666663, 37.875 ], [ -96.80694444444444, 37.875 ] ] ] } },
{ "type": "Feature", "properties": { "score": 60.0 }, "geometry": { "type": "Polygon", "coordinates": [ [ [ -96.797222222222217, 37.875 ], [ -96.797222222222217, 37.883333333333333 ], [ -96.80694444444444, 37.883333333333333 ], [ -96.80694444444444, 37.875 ], [ -96.797222222222217, 37.875 ] ] ] } },
{ "type": "Feature", "properties": { "score": 59.7 }, "geometry": { "type": "Polygon", "coordinates": [ [ [ -96.7875, 37.875 ], [ -96.7875, 37.883333333333333 ], [ -96.797222222222217, 37.883333333333333 ], [ -96.797222222222217, 37.875 ], [ -96.7875, 37.875 ] ] ] } },
{ "type": "Feature", "properties": { "score": 80.4 }, "geometry": { "type": "Polygon", "coordinates": [ [ [ -96.777777777777786, 37.875 ], [ -96.777777777777786, 37.883333333333333 ], [ -96.7875, 37.883333333333333 ], [ -96.7875, 37.875 ], [ -96.777777777777786, 37.875 ] ] ] } },
{ "type": "Feature", "properties": { "score": 83.4 }, "geometry": { "type": "Polygon", "coordinates": [ [ [ -96.768055555555563, 37.875 ], [ -96.768055555555563, 37.883333333333333 ], [ -96.777777777777786, 37.883333333333333 ], [ -96.777777777777786, 37.875 ], [ -96.768055555555563, 37.875 ] ] ] } },
{ "type": "Feature", "properties": { "score": 72.4 }, "geometry": { "type": "Polygon", "coordinates": [ [ [ -96.75833333333334, 37.875 ], [ -96.75833333333334, 37.883333333333333 ], [ -96.768055555555563, 37.883333333333333 ], [ -96.768055555555563, 37.875 ], [ -96.75833333333334, 37.875 ] ] ] } },
{ "type": "Feature", "properties": { "score": 64.0 }, "geometry": { "type": "Polygon", "coordinates": [ [ [ -96.748611111111117, 37.875 ], [ -96.748611111111117, 37.883333333333333 ], [ -96.75833333333334, 37.883333333333333 ], [ -96.75833333333334, 37.875 ], [ -96.748611111111117, 37.875 ] ] ] } },
{ "type": "Feature", "properties": { "score": 76.8 }, "geometry": { "type": "Polygon", "coordinates": [ [ [ -96.738888888888894, 37.875 ], [ -96.738888888888894, 37.883333333333333 ], [ -96.748611111111117, 37.883333333333333 ], [ -96.748611111111117, 37.875 ], [ -96.738888888888894, 37.875 ] ] ] } },
{ "type": "Feature", "properties": { "score": 86.3 }, "geometry": { "type": "Polygon", "coordinates": [ [ [ -96.729166666666671, 37.875 ], [ -96.729166666666671, 37.883333333333333 ], [ -96.738888888888894, 37.883333333333333 ], [ -96.738888888888894, 37.875 ], [ -96.729166666666671, 37.875 ] ] ] } },
{ "type": "Feature", "properties": { "score": 87.5 }, "geometry": { "type": "Polygon", "coordinates": [ [ [ -96.719444444444449, 37.875 ], [ -96.719444444444449, 37.883333333333333 ], [ -96.729166666666671, 37.883333333333333 ], [ -96.729166666666671, 37.875 ], [ -96.719444444444449, 37.875 ] ] ] } },
{ "type": "Feature", "properties": { "score": 86.6 }, "geometry": { "type": "Polygon", "coordinates": [ [ [ -96.709722222222226, 37.875 ], [ -96.709722222222226, 37.883333333333333 ], [ -96.719444444444449, 37.883333333333333 ], [ -96.719444444444449, 37.875 ], [ -96.709722222222226, 37.875 ] ] ] } },
{ "type": "Feature", "properties": { "score": 88.2 }, "geometry": { "type": "Polygon", "coordinates": [ [ [ -96.7, 37.875 ], [ -96.7, 37.883333333333333 ], [ -96.709722222222226, 37.883333333333333 ], [ -96.709722222222226, 37.875 ], [ -96.7, 37.875 ] ] ] } },
{ "type": "Feature", "properties": { "score": 77.0 }, "geometry": { "type": "Polygon", "coordinates": [ [ [ -97.040277777777774, 37.883333333333333 ], [ -97.040277777777774, 37.891666666666673 ], [ -97.05, 37.891666666666673 ], [ -97.05, 37.883333333333333 ], [ -97.040277777777774, 37.883333333333333 ] ] ] } },
{ "type": "Feature", "properties": { "score": 77.4 }, "geometry": { "type": "Polygon", "coordinates": [ [ [ -97.030555555555551, 37.883333333333333 ], [ -97.030555555555551, 37.891666666666673 ], [ -97.040277777777774, 37.891666666666673 ], [ -97.040277777777774, 37.883333333333333 ], [ -97.030555555555551, 37.883333333333333 ] ] ] } },
{ "type": "Feature", "properties": { "score": 73.0 }, "geometry": { "type": "Polygon", "coordinates": [ [ [ -97.020833333333329, 37.883333333333333 ], [ -97.020833333333329, 37.891666666666673 ], [ -97.030555555555551, 37.891666666666673 ], [ -97.030555555555551, 37.883333333333333 ], [ -97.020833333333329, 37.883333333333333 ] ] ] } },
{ "type": "Feature", "properties": { "score": 78.9 }, "geometry": { "type": "Polygon", "coordinates": [ [ [ -97.011111111111106, 37.883333333333333 ], [ -97.011111111111106, 37.891666666666673 ], [ -97.020833333333329, 37.891666666666673 ], [ -97.020833333333329, 37.883333333333333 ], [ -97.011111111111106, 37.883333333333333 ] ] ] } },
{ "type": "Feature", "properties": { "score": 85.7 }, "geometry": { "type": "Polygon", "coordinates": [ [ [ -97.001388888888883, 37.883333333333333 ], [ -97.001388888888883, 37.891666666666673 ], [ -97.011111111111106, 37.891666666666673 ], [ -97.011111111111106, 37.883333333333333 ], [ -97.001388888888883, 37.883333333333333 ] ] ] } },
{ "type": "Feature", "properties": { "score": 85.4 }, "geometry": { "type": "Polygon", "coordinates": [ [ [ -96.99166666666666, 37.883333333333333 ], [ -96.99166666666666, 37.891666666666673 ], [ -97.001388888888883, 37.891666666666673 ], [ -97.001388888888883, 37.883333333333333 ], [ -96.99166666666666, 37.883333333333333 ] ] ] } },
{ "type": "Feature", "properties": { "score": 82.8 }, "geometry": { "type": "Polygon", "coordinates": [ [ [ -96.981944444444437, 37.883333333333333 ], [ -96.981944444444437, 37.891666666666673 ], [ -96.99166666666666, 37.891666666666673 ], [ -96.99166666666666, 37.883333333333333 ], [ -96.981944444444437, 37.883333333333333 ] ] ] } },
{ "type": "Feature", "properties": { "score": 83.0 }, "geometry": { "type": "Polygon", "coordinates": [ [ [ -96.972222222222214, 37.883333333333333 ], [ -96.972222222222214, 37.891666666666673 ], [ -96.981944444444437, 37.891666666666673 ], [ -96.981944444444437, 37.883333333333333 ], [ -96.972222222222214, 37.883333333333333 ] ] ] } },
{ "type": "Feature", "properties": { "score": 81.1 }, "geometry": { "type": "Polygon", "coordinates": [ [ [ -96.9625, 37.883333333333333 ], [ -96.9625, 37.891666666666673 ], [ -96.972222222222214, 37.891666666666673 ], [ -96.972222222222214, 37.883333333333333 ], [ -96.9625, 37.883333333333333 ] ] ] } },
{ "type": "Feature", "properties": { "score": 74.6 }, "geometry": { "type": "Polygon", "coordinates": [ [ [ -96.952777777777783, 37.883333333333333 ], [ -96.952777777777783, 37.891666666666673 ], [ -96.9625, 37.891666666666673 ], [ -96.9625, 37.883333333333333 ], [ -96.952777777777783, 37.883333333333333 ] ] ] } },
{ "type": "Feature", "properties": { "score": 78.0 }, "geometry": { "type": "Polygon", "coordinates": [ [ [ -96.94305555555556, 37.883333333333333 ], [ -96.94305555555556, 37.891666666666673 ], [ -96.952777777777783, 37.891666666666673 ], [ -96.952777777777783, 37.883333333333333 ], [ -96.94305555555556, 37.883333333333333 ] ] ] } },
{ "type": "Feature", "properties": { "score": 81.9 }, "geometry": { "type": "Polygon", "coordinates": [ [ [ -96.933333333333337, 37.883333333333333 ], [ -96.933333333333337, 37.891666666666673 ], [ -96.94305555555556, 37.891666666666673 ], [ -96.94305555555556, 37.883333333333333 ], [ -96.933333333333337, 37.883333333333333 ] ] ] } },
{ "type": "Feature", "properties": { "score": 86.3 }, "geometry": { "type": "Polygon", "coordinates": [ [ [ -96.923611111111114, 37.883333333333333 ], [ -96.923611111111114, 37.891666666666673 ], [ -96.933333333333337, 37.891666666666673 ], [ -96.933333333333337, 37.883333333333333 ], [ -96.923611111111114, 37.883333333333333 ] ] ] } },
{ "type": "Feature", "properties": { "score": 87.0 }, "geometry": { "type": "Polygon", "coordinates": [ [ [ -96.913888888888891, 37.883333333333333 ], [ -96.913888888888891, 37.891666666666673 ], [ -96.923611111111114, 37.891666666666673 ], [ -96.923611111111114, 37.883333333333333 ], [ -96.913888888888891, 37.883333333333333 ] ] ] } },
{ "type": "Feature", "properties": { "score": 89.2 }, "geometry": { "type": "Polygon", "coordinates": [ [ [ -96.904166666666669, 37.883333333333333 ], [ -96.904166666666669, 37.891666666666673 ], [ -96.913888888888891, 37.891666666666673 ], [ -96.913888888888891, 37.883333333333333 ], [ -96.904166666666669, 37.883333333333333 ] ] ] } },
{ "type": "Feature", "properties": { "score": 89.9 }, "geometry": { "type": "Polygon", "coordinates": [ [ [ -96.894444444444446, 37.883333333333333 ], [ -96.894444444444446, 37.891666666666673 ], [ -96.904166666666669, 37.891666666666673 ], [ -96.904166666666669, 37.883333333333333 ], [ -96.894444444444446, 37.883333333333333 ] ] ] } },
{ "type": "Feature", "properties": { "score": 89.8 }, "geometry": { "type": "Polygon", "coordinates": [ [ [ -96.884722222222223, 37.883333333333333 ], [ -96.884722222222223, 37.891666666666673 ], [ -96.894444444444446, 37.891666666666673 ], [ -96.894444444444446, 37.883333333333333 ], [ -96.884722222222223, 37.883333333333333 ] ] ] } },
{ "type": "Feature", "properties": { "score": 85.5 }, "geometry": { "type": "Polygon", "coordinates": [ [ [ -96.875, 37.883333333333333 ], [ -96.875, 37.891666666666673 ], [ -96.884722222222223, 37.891666666666673 ], [ -96.884722222222223, 37.883333333333333 ], [ -96.875, 37.883333333333333 ] ] ] } },
{ "type": "Feature", "properties": { "score": 74.0 }, "geometry": { "type": "Polygon", "coordinates": [ [ [ -96.865277777777777, 37.883333333333333 ], [ -96.865277777777777, 37.891666666666673 ], [ -96.875, 37.891666666666673 ], [ -96.875, 37.883333333333333 ], [ -96.865277777777777, 37.883333333333333 ] ] ] } },
{ "type": "Feature", "properties": { "score": 76.7 }, "geometry": { "type": "Polygon", "coordinates": [ [ [ -96.855555555555554, 37.883333333333333 ], [ -96.855555555555554, 37.891666666666673 ], [ -96.865277777777777, 37.891666666666673 ], [ -96.865277777777777, 37.883333333333333 ], [ -96.855555555555554, 37.883333333333333 ] ] ] } },
{ "type": "Feature", "properties": { "score": 77.3 }, "geometry": { "type": "Polygon", "coordinates": [ [ [ -96.845833333333331, 37.883333333333333 ], [ -96.845833333333331, 37.891666666666673 ], [ -96.855555555555554, 37.891666666666673 ], [ -96.855555555555554, 37.883333333333333 ], [ -96.845833333333331, 37.883333333333333 ] ] ] } },
{ "type": "Feature", "properties": { "score": 83.6 }, "geometry": { "type": "Polygon", "coordinates": [ [ [ -96.836111111111109, 37.883333333333333 ], [ -96.836111111111109, 37.891666666666673 ], [ -96.845833333333331, 37.891666666666673 ], [ -96.845833333333331, 37.883333333333333 ], [ -96.836111111111109, 37.883333333333333 ] ] ] } },
{ "type": "Feature", "properties": { "score": 87.5 }, "geometry": { "type": "Polygon", "coordinates": [ [ [ -96.826388888888886, 37.883333333333333 ], [ -96.826388888888886, 37.891666666666673 ], [ -96.836111111111109, 37.891666666666673 ], [ -96.836111111111109, 37.883333333333333 ], [ -96.826388888888886, 37.883333333333333 ] ] ] } },
{ "type": "Feature", "properties": { "score": 84.4 }, "geometry": { "type": "Polygon", "coordinates": [ [ [ -96.816666666666663, 37.883333333333333 ], [ -96.816666666666663, 37.891666666666673 ], [ -96.826388888888886, 37.891666666666673 ], [ -96.826388888888886, 37.883333333333333 ], [ -96.816666666666663, 37.883333333333333 ] ] ] } },
{ "type": "Feature", "properties": { "score": 74.8 }, "geometry": { "type": "Polygon", "coordinates": [ [ [ -96.80694444444444, 37.883333333333333 ], [ -96.80694444444444, 37.891666666666673 ], [ -96.816666666666663, 37.891666666666673 ], [ -96.816666666666663, 37.883333333333333 ], [ -96.80694444444444, 37.883333333333333 ] ] ] } },
{ "type": "Feature", "properties": { "score": 69.5 }, "geometry": { "type": "Polygon", "coordinates": [ [ [ -96.797222222222217, 37.883333333333333 ], [ -96.797222222222217, 37.891666666666673 ], [ -96.80694444444444, 37.891666666666673 ], [ -96.80694444444444, 37.883333333333333 ], [ -96.797222222222217, 37.883333333333333 ] ] ] } },
{ "type": "Feature", "properties": { "score": 60.0 }, "geometry": { "type": "Polygon", "coordinates": [ [ [ -96.7875, 37.883333333333333 ], [ -96.7875, 37.891666666666673 ], [ -96.797222222222217, 37.891666666666673 ], [ -96.797222222222217, 37.883333333333333 ], [ -96.7875, 37.883333333333333 ] ] ] } },
{ "type": "Feature", "properties": { "score": 65.9 }, "geometry": { "type": "Polygon", "coordinates": [ [ [ -96.777777777777786, 37.883333333333333 ], [ -96.777777777777786, 37.891666666666673 ], [ -96.7875, 37.891666666666673 ], [ -96.7875, 37.883333333333333 ], [ -96.777777777777786, 37.883333333333333 ] ] ] } },
{ "type": "Feature", "properties": { "score": 83.7 }, "geometry": { "type": "Polygon", "coordinates": [ [ [ -96.768055555555563, 37.883333333333333 ], [ -96.768055555555563, 37.891666666666673 ], [ -96.777777777777786, 37.891666666666673 ], [ -96.777777777777786, 37.883333333333333 ], [ -96.768055555555563, 37.883333333333333 ] ] ] } },
{ "type": "Feature", "properties": { "score": 85.1 }, "geometry": { "type": "Polygon", "coordinates": [ [ [ -96.75833333333334, 37.883333333333333 ], [ -96.75833333333334, 37.891666666666673 ], [ -96.768055555555563, 37.891666666666673 ], [ -96.768055555555563, 37.883333333333333 ], [ -96.75833333333334, 37.883333333333333 ] ] ] } },
{ "type": "Feature", "properties": { "score": 83.2 }, "geometry": { "type": "Polygon", "coordinates": [ [ [ -96.748611111111117, 37.883333333333333 ], [ -96.748611111111117, 37.891666666666673 ], [ -96.75833333333334, 37.891666666666673 ], [ -96.75833333333334, 37.883333333333333 ], [ -96.748611111111117, 37.883333333333333 ] ] ] } },
{ "type": "Feature", "properties": { "score": 73.9 }, "geometry": { "type": "Polygon", "coordinates": [ [ [ -96.738888888888894, 37.883333333333333 ], [ -96.738888888888894, 37.891666666666673 ], [ -96.748611111111117, 37.891666666666673 ], [ -96.748611111111117, 37.883333333333333 ], [ -96.738888888888894, 37.883333333333333 ] ] ] } },
{ "type": "Feature", "properties": { "score": 75.1 }, "geometry": { "type": "Polygon", "coordinates": [ [ [ -96.729166666666671, 37.883333333333333 ], [ -96.729166666666671, 37.891666666666673 ], [ -96.738888888888894, 37.891666666666673 ], [ -96.738888888888894, 37.883333333333333 ], [ -96.729166666666671, 37.883333333333333 ] ] ] } },
{ "type": "Feature", "properties": { "score": 85.9 }, "geometry": { "type": "Polygon", "coordinates": [ [ [ -96.719444444444449, 37.883333333333333 ], [ -96.719444444444449, 37.891666666666673 ], [ -96.729166666666671, 37.891666666666673 ], [ -96.729166666666671, 37.883333333333333 ], [ -96.719444444444449, 37.883333333333333 ] ] ] } },
{ "type": "Feature", "properties": { "score": 86.6 }, "geometry": { "type": "Polygon", "coordinates": [ [ [ -96.709722222222226, 37.883333333333333 ], [ -96.709722222222226, 37.891666666666673 ], [ -96.719444444444449, 37.891666666666673 ], [ -96.719444444444449, 37.883333333333333 ], [ -96.709722222222226, 37.883333333333333 ] ] ] } },
{ "type": "Feature", "properties": { "score": 88.3 }, "geometry": { "type": "Polygon", "coordinates": [ [ [ -96.7, 37.883333333333333 ], [ -96.7, 37.891666666666673 ], [ -96.709722222222226, 37.891666666666673 ], [ -96.709722222222226, 37.883333333333333 ], [ -96.7, 37.883333333333333 ] ] ] } },
{ "type": "Feature", "properties": { "score": 75.3 }, "geometry": { "type": "Polygon", "coordinates": [ [ [ -97.040277777777774, 37.891666666666673 ], [ -97.040277777777774, 37.9 ], [ -97.05, 37.9 ], [ -97.05, 37.891666666666673 ], [ -97.040277777777774, 37.891666666666673 ] ] ] } },
{ "type": "Feature", "properties": { "score": 80.6 }, "geometry": { "type": "Polygon", "coordinates": [ [ [ -97.030555555555551, 37.891666666666673 ], [ -97.030555555555551, 37.9 ], [ -97.040277777777774, 37.9 ], [ -97.040277777777774, 37.891666666666673 ], [ -97.030555555555551, 37.891666666666673 ] ] ] } },
{ "type": "Feature", "properties": { "score": 84.6 }, "geometry": { "type": "Polygon", "coordinates": [ [ [ -97.020833333333329, 37.891666666666673 ], [ -97.020833333333329, 37.9 ], [ -97.030555555555551, 37.9 ], [ -97.030555555555551, 37.891666666666673 ], [ -97.020833333333329, 37.891666666666673 ] ] ] } },
{ "type": "Feature", "properties": { "score": 75.8 }, "geometry": { "type": "Polygon", "coordinates": [ [ [ -97.011111111111106, 37.891666666666673 ], [ -97.011111111111106, 37.9 ], [ -97.020833333333329, 37.9 ], [ -97.020833333333329, 37.891666666666673 ], [ -97.011111111111106, 37.891666666666673 ] ] ] } },
{ "type": "Feature", "properties": { "score": 75.8 }, "geometry": { "type": "Polygon", "coordinates": [ [ [ -97.001388888888883, 37.891666666666673 ], [ -97.001388888888883, 37.9 ], [ -97.011111111111106, 37.9 ], [ -97.011111111111106, 37.891666666666673 ], [ -97.001388888888883, 37.891666666666673 ] ] ] } },
{ "type": "Feature", "properties": { "score": 86.6 }, "geometry": { "type": "Polygon", "coordinates": [ [ [ -96.99166666666666, 37.891666666666673 ], [ -96.99166666666666, 37.9 ], [ -97.001388888888883, 37.9 ], [ -97.001388888888883, 37.891666666666673 ], [ -96.99166666666666, 37.891666666666673 ] ] ] } },
{ "type": "Feature", "properties": { "score": 86.6 }, "geometry": { "type": "Polygon", "coordinates": [ [ [ -96.981944444444437, 37.891666666666673 ], [ -96.981944444444437, 37.9 ], [ -96.99166666666666, 37.9 ], [ -96.99166666666666, 37.891666666666673 ], [ -96.981944444444437, 37.891666666666673 ] ] ] } },
{ "type": "Feature", "properties": { "score": 84.3 }, "geometry": { "type": "Polygon", "coordinates": [ [ [ -96.972222222222214, 37.891666666666673 ], [ -96.972222222222214, 37.9 ], [ -96.981944444444437, 37.9 ], [ -96.981944444444437, 37.891666666666673 ], [ -96.972222222222214, 37.891666666666673 ] ] ] } },
{ "type": "Feature", "properties": { "score": 83.2 }, "geometry": { "type": "Polygon", "coordinates": [ [ [ -96.9625, 37.891666666666673 ], [ -96.9625, 37.9 ], [ -96.972222222222214, 37.9 ], [ -96.972222222222214, 37.891666666666673 ], [ -96.9625, 37.891666666666673 ] ] ] } },
{ "type": "Feature", "properties": { "score": 76.1 }, "geometry": { "type": "Polygon", "coordinates": [ [ [ -96.952777777777783, 37.891666666666673 ], [ -96.952777777777783, 37.9 ], [ -96.9625, 37.9 ], [ -96.9625, 37.891666666666673 ], [ -96.952777777777783, 37.891666666666673 ] ] ] } },
{ "type": "Feature", "properties": { "score": 82.1 }, "geometry": { "type": "Polygon", "coordinates": [ [ [ -96.94305555555556, 37.891666666666673 ], [ -96.94305555555556, 37.9 ], [ -96.952777777777783, 37.9 ], [ -96.952777777777783, 37.891666666666673 ], [ -96.94305555555556, 37.891666666666673 ] ] ] } },
{ "type": "Feature", "properties": { "score": 83.2 }, "geometry": { "type": "Polygon", "coordinates": [ [ [ -96.933333333333337, 37.891666666666673 ], [ -96.933333333333337, 37.9 ], [ -96.94305555555556, 37.9 ], [ -96.94305555555556, 37.891666666666673 ], [ -96.933333333333337, 37.891666666666673 ] ] ] } },
{ "type": "Feature", "properties": { "score": 87.0 }, "geometry": { "type": "Polygon", "coordinates": [ [ [ -96.923611111111114, 37.891666666666673 ], [ -96.923611111111114, 37.9 ], [ -96.933333333333337, 37.9 ], [ -96.933333333333337, 37.891666666666673 ], [ -96.923611111111114, 37.891666666666673 ] ] ] } },
{ "type": "Feature", "properties": { "score": 87.7 }, "geometry": { "type": "Polygon", "coordinates": [ [ [ -96.913888888888891, 37.891666666666673 ], [ -96.913888888888891, 37.9 ], [ -96.923611111111114, 37.9 ], [ -96.923611111111114, 37.891666666666673 ], [ -96.913888888888891, 37.891666666666673 ] ] ] } },
{ "type": "Feature", "properties": { "score": 87.8 }, "geometry": { "type": "Polygon", "coordinates": [ [ [ -96.904166666666669, 37.891666666666673 ], [ -96.904166666666669, 37.9 ], [ -96.913888888888891, 37.9 ], [ -96.913888888888891, 37.891666666666673 ], [ -96.904166666666669, 37.891666666666673 ] ] ] } },
{ "type": "Feature", "properties": { "score": 89.2 }, "geometry": { "type": "Polygon", "coordinates": [ [ [ -96.894444444444446, 37.891666666666673 ], [ -96.894444444444446, 37.9 ], [ -96.904166666666669, 37.9 ], [ -96.904166666666669, 37.891666666666673 ], [ -96.894444444444446, 37.891666666666673 ] ] ] } },
{ "type": "Feature", "properties": { "score": 88.2 }, "geometry": { "type": "Polygon", "coordinates": [ [ [ -96.884722222222223, 37.891666666666673 ], [ -96.884722222222223, 37.9 ], [ -96.894444444444446, 37.9 ], [ -96.894444444444446, 37.891666666666673 ], [ -96.884722222222223, 37.891666666666673 ] ] ] } },
{ "type": "Feature", "properties": { "score": 84.2 }, "geometry": { "type": "Polygon", "coordinates": [ [ [ -96.875, 37.891666666666673 ], [ -96.875, 37.9 ], [ -96.884722222222223, 37.9 ], [ -96.884722222222223, 37.891666666666673 ], [ -96.875, 37.891666666666673 ] ] ] } },
{ "type": "Feature", "properties": { "score": 87.4 }, "geometry": { "type": "Polygon", "coordinates": [ [ [ -96.865277777777777, 37.891666666666673 ], [ -96.865277777777777, 37.9 ], [ -96.875, 37.9 ], [ -96.875, 37.891666666666673 ], [ -96.865277777777777, 37.891666666666673 ] ] ] } },
{ "type": "Feature", "properties": { "score": 75.4 }, "geometry": { "type": "Polygon", "coordinates": [ [ [ -96.855555555555554, 37.891666666666673 ], [ -96.855555555555554, 37.9 ], [ -96.865277777777777, 37.9 ], [ -96.865277777777777, 37.891666666666673 ], [ -96.855555555555554, 37.891666666666673 ] ] ] } },
{ "type": "Feature", "properties": { "score": 83.9 }, "geometry": { "type": "Polygon", "coordinates": [ [ [ -96.845833333333331, 37.891666666666673 ], [ -96.845833333333331, 37.9 ], [ -96.855555555555554, 37.9 ], [ -96.855555555555554, 37.891666666666673 ], [ -96.845833333333331, 37.891666666666673 ] ] ] } },
{ "type": "Feature", "properties": { "score": 87.7 }, "geometry": { "type": "Polygon", "coordinates": [ [ [ -96.836111111111109, 37.891666666666673 ], [ -96.836111111111109, 37.9 ], [ -96.845833333333331, 37.9 ], [ -96.845833333333331, 37.891666666666673 ], [ -96.836111111111109, 37.891666666666673 ] ] ] } },
{ "type": "Feature", "properties": { "score": 87.9 }, "geometry": { "type": "Polygon", "coordinates": [ [ [ -96.826388888888886, 37.891666666666673 ], [ -96.826388888888886, 37.9 ], [ -96.836111111111109, 37.9 ], [ -96.836111111111109, 37.891666666666673 ], [ -96.826388888888886, 37.891666666666673 ] ] ] } },
{ "type": "Feature", "properties": { "score": 87.7 }, "geometry": { "type": "Polygon", "coordinates": [ [ [ -96.816666666666663, 37.891666666666673 ], [ -96.816666666666663, 37.9 ], [ -96.826388888888886, 37.9 ], [ -96.826388888888886, 37.891666666666673 ], [ -96.816666666666663, 37.891666666666673 ] ] ] } },
{ "type": "Feature", "properties": { "score": 81.6 }, "geometry": { "type": "Polygon", "coordinates": [ [ [ -96.80694444444444, 37.891666666666673 ], [ -96.80694444444444, 37.9 ], [ -96.816666666666663, 37.9 ], [ -96.816666666666663, 37.891666666666673 ], [ -96.80694444444444, 37.891666666666673 ] ] ] } },
{ "type": "Feature", "properties": { "score": 73.2 }, "geometry": { "type": "Polygon", "coordinates": [ [ [ -96.797222222222217, 37.891666666666673 ], [ -96.797222222222217, 37.9 ], [ -96.80694444444444, 37.9 ], [ -96.80694444444444, 37.891666666666673 ], [ -96.797222222222217, 37.891666666666673 ] ] ] } },
{ "type": "Feature", "properties": { "score": 59.6 }, "geometry": { "type": "Polygon", "coordinates": [ [ [ -96.7875, 37.891666666666673 ], [ -96.7875, 37.9 ], [ -96.797222222222217, 37.9 ], [ -96.797222222222217, 37.891666666666673 ], [ -96.7875, 37.891666666666673 ] ] ] } },
{ "type": "Feature", "properties": { "score": 60.5 }, "geometry": { "type": "Polygon", "coordinates": [ [ [ -96.777777777777786, 37.891666666666673 ], [ -96.777777777777786, 37.9 ], [ -96.7875, 37.9 ], [ -96.7875, 37.891666666666673 ], [ -96.777777777777786, 37.891666666666673 ] ] ] } },
{ "type": "Feature", "properties": { "score": 79.2 }, "geometry": { "type": "Polygon", "coordinates": [ [ [ -96.768055555555563, 37.891666666666673 ], [ -96.768055555555563, 37.9 ], [ -96.777777777777786, 37.9 ], [ -96.777777777777786, 37.891666666666673 ], [ -96.768055555555563, 37.891666666666673 ] ] ] } },
{ "type": "Feature", "properties": { "score": 86.5 }, "geometry": { "type": "Polygon", "coordinates": [ [ [ -96.75833333333334, 37.891666666666673 ], [ -96.75833333333334, 37.9 ], [ -96.768055555555563, 37.9 ], [ -96.768055555555563, 37.891666666666673 ], [ -96.75833333333334, 37.891666666666673 ] ] ] } },
{ "type": "Feature", "properties": { "score": 86.8 }, "geometry": { "type": "Polygon", "coordinates": [ [ [ -96.748611111111117, 37.891666666666673 ], [ -96.748611111111117, 37.9 ], [ -96.75833333333334, 37.9 ], [ -96.75833333333334, 37.891666666666673 ], [ -96.748611111111117, 37.891666666666673 ] ] ] } },
{ "type": "Feature", "properties": { "score": 86.3 }, "geometry": { "type": "Polygon", "coordinates": [ [ [ -96.738888888888894, 37.891666666666673 ], [ -96.738888888888894, 37.9 ], [ -96.748611111111117, 37.9 ], [ -96.748611111111117, 37.891666666666673 ], [ -96.738888888888894, 37.891666666666673 ] ] ] } },
{ "type": "Feature", "properties": { "score": 80.0 }, "geometry": { "type": "Polygon", "coordinates": [ [ [ -96.729166666666671, 37.891666666666673 ], [ -96.729166666666671, 37.9 ], [ -96.738888888888894, 37.9 ], [ -96.738888888888894, 37.891666666666673 ], [ -96.729166666666671, 37.891666666666673 ] ] ] } },
{ "type": "Feature", "properties": { "score": 82.0 }, "geometry": { "type": "Polygon", "coordinates": [ [ [ -96.719444444444449, 37.891666666666673 ], [ -96.719444444444449, 37.9 ], [ -96.729166666666671, 37.9 ], [ -96.729166666666671, 37.891666666666673 ], [ -96.719444444444449, 37.891666666666673 ] ] ] } },
{ "type": "Feature", "properties": { "score": 84.2 }, "geometry": { "type": "Polygon", "coordinates": [ [ [ -96.709722222222226, 37.891666666666673 ], [ -96.709722222222226, 37.9 ], [ -96.719444444444449, 37.9 ], [ -96.719444444444449, 37.891666666666673 ], [ -96.709722222222226, 37.891666666666673 ] ] ] } },
{ "type": "Feature", "properties": { "score": 82.8 }, "geometry": { "type": "Polygon", "coordinates": [ [ [ -96.7, 37.891666666666673 ], [ -96.7, 37.9 ], [ -96.709722222222226, 37.9 ], [ -96.709722222222226, 37.891666666666673 ], [ -96.7, 37.891666666666673 ] ] ] } },
{ "type": "Feature", "properties": { "score": 73.7 }, "geometry": { "type": "Polygon", "coordinates": [ [ [ -97.040277777777774, 37.9 ], [ -97.040277777777774, 37.908333333333339 ], [ -97.05, 37.908333333333339 ], [ -97.05, 37.9 ], [ -97.040277777777774, 37.9 ] ] ] } },
{ "type": "Feature", "properties": { "score": 70.2 }, "geometry": { "type": "Polygon", "coordinates": [ [ [ -97.030555555555551, 37.9 ], [ -97.030555555555551, 37.908333333333339 ], [ -97.040277777777774, 37.908333333333339 ], [ -97.040277777777774, 37.9 ], [ -97.030555555555551, 37.9 ] ] ] } },
{ "type": "Feature", "properties": { "score": 85.3 }, "geometry": { "type": "Polygon", "coordinates": [ [ [ -97.020833333333329, 37.9 ], [ -97.020833333333329, 37.908333333333339 ], [ -97.030555555555551, 37.908333333333339 ], [ -97.030555555555551, 37.9 ], [ -97.020833333333329, 37.9 ] ] ] } },
{ "type": "Feature", "properties": { "score": 85.3 }, "geometry": { "type": "Polygon", "coordinates": [ [ [ -97.011111111111106, 37.9 ], [ -97.011111111111106, 37.908333333333339 ], [ -97.020833333333329, 37.908333333333339 ], [ -97.020833333333329, 37.9 ], [ -97.011111111111106, 37.9 ] ] ] } },
{ "type": "Feature", "properties": { "score": 78.6 }, "geometry": { "type": "Polygon", "coordinates": [ [ [ -97.001388888888883, 37.9 ], [ -97.001388888888883, 37.908333333333339 ], [ -97.011111111111106, 37.908333333333339 ], [ -97.011111111111106, 37.9 ], [ -97.001388888888883, 37.9 ] ] ] } },
{ "type": "Feature", "properties": { "score": 76.2 }, "geometry": { "type": "Polygon", "coordinates": [ [ [ -96.99166666666666, 37.9 ], [ -96.99166666666666, 37.908333333333339 ], [ -97.001388888888883, 37.908333333333339 ], [ -97.001388888888883, 37.9 ], [ -96.99166666666666, 37.9 ] ] ] } },
{ "type": "Feature", "properties": { "score": 86.0 }, "geometry": { "type": "Polygon", "coordinates": [ [ [ -96.981944444444437, 37.9 ], [ -96.981944444444437, 37.908333333333339 ], [ -96.99166666666666, 37.908333333333339 ], [ -96.99166666666666, 37.9 ], [ -96.981944444444437, 37.9 ] ] ] } },
{ "type": "Feature", "properties": { "score": 88.5 }, "geometry": { "type": "Polygon", "coordinates": [ [ [ -96.972222222222214, 37.9 ], [ -96.972222222222214, 37.908333333333339 ], [ -96.981944444444437, 37.908333333333339 ], [ -96.981944444444437, 37.9 ], [ -96.972222222222214, 37.9 ] ] ] } },
{ "type": "Feature", "properties": { "score": 84.2 }, "geometry": { "type": "Polygon", "coordinates": [ [ [ -96.9625, 37.9 ], [ -96.9625, 37.908333333333339 ], [ -96.972222222222214, 37.908333333333339 ], [ -96.972222222222214, 37.9 ], [ -96.9625, 37.9 ] ] ] } },
{ "type": "Feature", "properties": { "score": 74.8 }, "geometry": { "type": "Polygon", "coordinates": [ [ [ -96.952777777777783, 37.9 ], [ -96.952777777777783, 37.908333333333339 ], [ -96.9625, 37.908333333333339 ], [ -96.9625, 37.9 ], [ -96.952777777777783, 37.9 ] ] ] } },
{ "type": "Feature", "properties": { "score": 75.4 }, "geometry": { "type": "Polygon", "coordinates": [ [ [ -96.94305555555556, 37.9 ], [ -96.94305555555556, 37.908333333333339 ], [ -96.952777777777783, 37.908333333333339 ], [ -96.952777777777783, 37.9 ], [ -96.94305555555556, 37.9 ] ] ] } },
{ "type": "Feature", "properties": { "score": 84.2 }, "geometry": { "type": "Polygon", "coordinates": [ [ [ -96.933333333333337, 37.9 ], [ -96.933333333333337, 37.908333333333339 ], [ -96.94305555555556, 37.908333333333339 ], [ -96.94305555555556, 37.9 ], [ -96.933333333333337, 37.9 ] ] ] } },
{ "type": "Feature", "properties": { "score": 86.4 }, "geometry": { "type": "Polygon", "coordinates": [ [ [ -96.923611111111114, 37.9 ], [ -96.923611111111114, 37.908333333333339 ], [ -96.933333333333337, 37.908333333333339 ], [ -96.933333333333337, 37.9 ], [ -96.923611111111114, 37.9 ] ] ] } },
{ "type": "Feature", "properties": { "score": 84.7 }, "geometry": { "type": "Polygon", "coordinates": [ [ [ -96.913888888888891, 37.9 ], [ -96.913888888888891, 37.908333333333339 ], [ -96.923611111111114, 37.908333333333339 ], [ -96.923611111111114, 37.9 ], [ -96.913888888888891, 37.9 ] ] ] } },
{ "type": "Feature", "properties": { "score": 84.7 }, "geometry": { "type": "Polygon", "coordinates": [ [ [ -96.904166666666669, 37.9 ], [ -96.904166666666669, 37.908333333333339 ], [ -96.913888888888891, 37.908333333333339 ], [ -96.913888888888891, 37.9 ], [ -96.904166666666669, 37.9 ] ] ] } },
{ "type": "Feature", "properties": { "score": 87.5 }, "geometry": { "type": "Polygon", "coordinates": [ [ [ -96.894444444444446, 37.9 ], [ -96.894444444444446, 37.908333333333339 ], [ -96.904166666666669, 37.908333333333339 ], [ -96.904166666666669, 37.9 ], [ -96.894444444444446, 37.9 ] ] ] } },
{ "type": "Feature", "properties": { "score": 82.6 }, "geometry": { "type": "Polygon", "coordinates": [ [ [ -96.884722222222223, 37.9 ], [ -96.884722222222223, 37.908333333333339 ], [ -96.894444444444446, 37.908333333333339 ], [ -96.894444444444446, 37.9 ], [ -96.884722222222223, 37.9 ] ] ] } },
{ "type": "Feature", "properties": { "score": 84.3 }, "geometry": { "type": "Polygon", "coordinates": [ [ [ -96.875, 37.9 ], [ -96.875, 37.908333333333339 ], [ -96.884722222222223, 37.908333333333339 ], [ -96.884722222222223, 37.9 ], [ -96.875, 37.9 ] ] ] } },
{ "type": "Feature", "properties": { "score": 87.5 }, "geometry": { "type": "Polygon", "coordinates": [ [ [ -96.865277777777777, 37.9 ], [ -96.865277777777777, 37.908333333333339 ], [ -96.875, 37.908333333333339 ], [ -96.875, 37.9 ], [ -96.865277777777777, 37.9 ] ] ] } },
{ "type": "Feature", "properties": { "score": 71.6 }, "geometry": { "type": "Polygon", "coordinates": [ [ [ -96.855555555555554, 37.9 ], [ -96.855555555555554, 37.908333333333339 ], [ -96.865277777777777, 37.908333333333339 ], [ -96.865277777777777, 37.9 ], [ -96.855555555555554, 37.9 ] ] ] } },
{ "type": "Feature", "properties": { "score": 76.3 }, "geometry": { "type": "Polygon", "coordinates": [ [ [ -96.845833333333331, 37.9 ], [ -96.845833333333331, 37.908333333333339 ], [ -96.855555555555554, 37.908333333333339 ], [ -96.855555555555554, 37.9 ], [ -96.845833333333331, 37.9 ] ] ] } },
{ "type": "Feature", "properties": { "score": 88.5 }, "geometry": { "type": "Polygon", "coordinates": [ [ [ -96.836111111111109, 37.9 ], [ -96.836111111111109, 37.908333333333339 ], [ -96.845833333333331, 37.908333333333339 ], [ -96.845833333333331, 37.9 ], [ -96.836111111111109, 37.9 ] ] ] } },
{ "type": "Feature", "properties": { "score": 88.5 }, "geometry": { "type": "Polygon", "coordinates": [ [ [ -96.826388888888886, 37.9 ], [ -96.826388888888886, 37.908333333333339 ], [ -96.836111111111109, 37.908333333333339 ], [ -96.836111111111109, 37.9 ], [ -96.826388888888886, 37.9 ] ] ] } },
{ "type": "Feature", "properties": { "score": 86.8 }, "geometry": { "type": "Polygon", "coordinates": [ [ [ -96.816666666666663, 37.9 ], [ -96.816666666666663, 37.908333333333339 ], [ -96.826388888888886, 37.908333333333339 ], [ -96.826388888888886, 37.9 ], [ -96.816666666666663, 37.9 ] ] ] } },
{ "type": "Feature", "properties": { "score": 87.9 }, "geometry": { "type": "Polygon", "coordinates": [ [ [ -96.80694444444444, 37.9 ], [ -96.80694444444444, 37.908333333333339 ], [ -96.816666666666663, 37.908333333333339 ], [ -96.816666666666663, 37.9 ], [ -96.80694444444444, 37.9 ] ] ] } },
{ "type": "Feature", "properties": { "score": 79.4 }, "geometry": { "type": "Polygon", "coordinates": [ [ [ -96.797222222222217, 37.9 ], [ -96.797222222222217, 37.908333333333339 ], [ -96.80694444444444, 37.908333333333339 ], [ -96.80694444444444, 37.9 ], [ -96.797222222222217, 37.9 ] ] ] } },
{ "type": "Feature", "properties": { "score": 59.3 }, "geometry": { "type": "Polygon", "coordinates": [ [ [ -96.7875, 37.9 ], [ -96.7875, 37.908333333333339 ], [ -96.797222222222217, 37.908333333333339 ], [ -96.797222222222217, 37.9 ], [ -96.7875, 37.9 ] ] ] } },
{ "type": "Feature", "properties": { "score": 60.1 }, "geometry": { "type": "Polygon", "coordinates": [ [ [ -96.777777777777786, 37.9 ], [ -96.777777777777786, 37.908333333333339 ], [ -96.7875, 37.908333333333339 ], [ -96.7875, 37.9 ], [ -96.777777777777786, 37.9 ] ] ] } },
{ "type": "Feature", "properties": { "score": 67.3 }, "geometry": { "type": "Polygon", "coordinates": [ [ [ -96.768055555555563, 37.9 ], [ -96.768055555555563, 37.908333333333339 ], [ -96.777777777777786, 37.908333333333339 ], [ -96.777777777777786, 37.9 ], [ -96.768055555555563, 37.9 ] ] ] } },
{ "type": "Feature", "properties": { "score": 86.2 }, "geometry": { "type": "Polygon", "coordinates": [ [ [ -96.75833333333334, 37.9 ], [ -96.75833333333334, 37.908333333333339 ], [ -96.768055555555563, 37.908333333333339 ], [ -96.768055555555563, 37.9 ], [ -96.75833333333334, 37.9 ] ] ] } },
{ "type": "Feature", "properties": { "score": 86.0 }, "geometry": { "type": "Polygon", "coordinates": [ [ [ -96.748611111111117, 37.9 ], [ -96.748611111111117, 37.908333333333339 ], [ -96.75833333333334, 37.908333333333339 ], [ -96.75833333333334, 37.9 ], [ -96.748611111111117, 37.9 ] ] ] } },
{ "type": "Feature", "properties": { "score": 87.2 }, "geometry": { "type": "Polygon", "coordinates": [ [ [ -96.738888888888894, 37.9 ], [ -96.738888888888894, 37.908333333333339 ], [ -96.748611111111117, 37.908333333333339 ], [ -96.748611111111117, 37.9 ], [ -96.738888888888894, 37.9 ] ] ] } },
{ "type": "Feature", "properties": { "score": 85.8 }, "geometry": { "type": "Polygon", "coordinates": [ [ [ -96.729166666666671, 37.9 ], [ -96.729166666666671, 37.908333333333339 ], [ -96.738888888888894, 37.908333333333339 ], [ -96.738888888888894, 37.9 ], [ -96.729166666666671, 37.9 ] ] ] } },
{ "type": "Feature", "properties": { "score": 80.6 }, "geometry": { "type": "Polygon", "coordinates": [ [ [ -96.719444444444449, 37.9 ], [ -96.719444444444449, 37.908333333333339 ], [ -96.729166666666671, 37.908333333333339 ], [ -96.729166666666671, 37.9 ], [ -96.719444444444449, 37.9 ] ] ] } },
{ "type": "Feature", "properties": { "score": 78.6 }, "geometry": { "type": "Polygon", "coordinates": [ [ [ -96.709722222222226, 37.9 ], [ -96.709722222222226, 37.908333333333339 ], [ -96.719444444444449, 37.908333333333339 ], [ -96.719444444444449, 37.9 ], [ -96.709722222222226, 37.9 ] ] ] } },
{ "type": "Feature", "properties": { "score": 77.8 }, "geometry": { "type": "Polygon", "coordinates": [ [ [ -96.7, 37.9 ], [ -96.7, 37.908333333333339 ], [ -96.709722222222226, 37.908333333333339 ], [ -96.709722222222226, 37.9 ], [ -96.7, 37.9 ] ] ] } },
{ "type": "Feature", "properties": { "score": 76.9 }, "geometry": { "type": "Polygon", "coordinates": [ [ [ -97.040277777777774, 37.908333333333339 ], [ -97.040277777777774, 37.916666666666671 ], [ -97.05, 37.916666666666671 ], [ -97.05, 37.908333333333339 ], [ -97.040277777777774, 37.908333333333339 ] ] ] } },
{ "type": "Feature", "properties": { "score": 73.6 }, "geometry": { "type": "Polygon", "coordinates": [ [ [ -97.030555555555551, 37.908333333333339 ], [ -97.030555555555551, 37.916666666666671 ], [ -97.040277777777774, 37.916666666666671 ], [ -97.040277777777774, 37.908333333333339 ], [ -97.030555555555551, 37.908333333333339 ] ] ] } },
{ "type": "Feature", "properties": { "score": 82.2 }, "geometry": { "type": "Polygon", "coordinates": [ [ [ -97.020833333333329, 37.908333333333339 ], [ -97.020833333333329, 37.916666666666671 ], [ -97.030555555555551, 37.916666666666671 ], [ -97.030555555555551, 37.908333333333339 ], [ -97.020833333333329, 37.908333333333339 ] ] ] } },
{ "type": "Feature", "properties": { "score": 85.2 }, "geometry": { "type": "Polygon", "coordinates": [ [ [ -97.011111111111106, 37.908333333333339 ], [ -97.011111111111106, 37.916666666666671 ], [ -97.020833333333329, 37.916666666666671 ], [ -97.020833333333329, 37.908333333333339 ], [ -97.011111111111106, 37.908333333333339 ] ] ] } },
{ "type": "Feature", "properties": { "score": 82.8 }, "geometry": { "type": "Polygon", "coordinates": [ [ [ -97.001388888888883, 37.908333333333339 ], [ -97.001388888888883, 37.916666666666671 ], [ -97.011111111111106, 37.916666666666671 ], [ -97.011111111111106, 37.908333333333339 ], [ -97.001388888888883, 37.908333333333339 ] ] ] } },
{ "type": "Feature", "properties": { "score": 79.4 }, "geometry": { "type": "Polygon", "coordinates": [ [ [ -96.99166666666666, 37.908333333333339 ], [ -96.99166666666666, 37.916666666666671 ], [ -97.001388888888883, 37.916666666666671 ], [ -97.001388888888883, 37.908333333333339 ], [ -96.99166666666666, 37.908333333333339 ] ] ] } },
{ "type": "Feature", "properties": { "score": 71.4 }, "geometry": { "type": "Polygon", "coordinates": [ [ [ -96.981944444444437, 37.908333333333339 ], [ -96.981944444444437, 37.916666666666671 ], [ -96.99166666666666, 37.916666666666671 ], [ -96.99166666666666, 37.908333333333339 ], [ -96.981944444444437, 37.908333333333339 ] ] ] } },
{ "type": "Feature", "properties": { "score": 86.5 }, "geometry": { "type": "Polygon", "coordinates": [ [ [ -96.972222222222214, 37.908333333333339 ], [ -96.972222222222214, 37.916666666666671 ], [ -96.981944444444437, 37.916666666666671 ], [ -96.981944444444437, 37.908333333333339 ], [ -96.972222222222214, 37.908333333333339 ] ] ] } },
{ "type": "Feature", "properties": { "score": 84.4 }, "geometry": { "type": "Polygon", "coordinates": [ [ [ -96.9625, 37.908333333333339 ], [ -96.9625, 37.916666666666671 ], [ -96.972222222222214, 37.916666666666671 ], [ -96.972222222222214, 37.908333333333339 ], [ -96.9625, 37.908333333333339 ] ] ] } },
{ "type": "Feature", "properties": { "score": 82.1 }, "geometry": { "type": "Polygon", "coordinates": [ [ [ -96.952777777777783, 37.908333333333339 ], [ -96.952777777777783, 37.916666666666671 ], [ -96.9625, 37.916666666666671 ], [ -96.9625, 37.908333333333339 ], [ -96.952777777777783, 37.908333333333339 ] ] ] } },
{ "type": "Feature", "properties": { "score": 82.6 }, "geometry": { "type": "Polygon", "coordinates": [ [ [ -96.94305555555556, 37.908333333333339 ], [ -96.94305555555556, 37.916666666666671 ], [ -96.952777777777783, 37.916666666666671 ], [ -96.952777777777783, 37.908333333333339 ], [ -96.94305555555556, 37.908333333333339 ] ] ] } },
{ "type": "Feature", "properties": { "score": 85.3 }, "geometry": { "type": "Polygon", "coordinates": [ [ [ -96.933333333333337, 37.908333333333339 ], [ -96.933333333333337, 37.916666666666671 ], [ -96.94305555555556, 37.916666666666671 ], [ -96.94305555555556, 37.908333333333339 ], [ -96.933333333333337, 37.908333333333339 ] ] ] } },
{ "type": "Feature", "properties": { "score": 88.0 }, "geometry": { "type": "Polygon", "coordinates": [ [ [ -96.923611111111114, 37.908333333333339 ], [ -96.923611111111114, 37.916666666666671 ], [ -96.933333333333337, 37.916666666666671 ], [ -96.933333333333337, 37.908333333333339 ], [ -96.923611111111114, 37.908333333333339 ] ] ] } },
{ "type": "Feature", "properties": { "score": 88.9 }, "geometry": { "type": "Polygon", "coordinates": [ [ [ -96.913888888888891, 37.908333333333339 ], [ -96.913888888888891, 37.916666666666671 ], [ -96.923611111111114, 37.916666666666671 ], [ -96.923611111111114, 37.908333333333339 ], [ -96.913888888888891, 37.908333333333339 ] ] ] } },
{ "type": "Feature", "properties": { "score": 88.0 }, "geometry": { "type": "Polygon", "coordinates": [ [ [ -96.904166666666669, 37.908333333333339 ], [ -96.904166666666669, 37.916666666666671 ], [ -96.913888888888891, 37.916666666666671 ], [ -96.913888888888891, 37.908333333333339 ], [ -96.904166666666669, 37.908333333333339 ] ] ] } },
{ "type": "Feature", "properties": { "score": 88.0 }, "geometry": { "type": "Polygon", "coordinates": [ [ [ -96.894444444444446, 37.908333333333339 ], [ -96.894444444444446, 37.916666666666671 ], [ -96.904166666666669, 37.916666666666671 ], [ -96.904166666666669, 37.908333333333339 ], [ -96.894444444444446, 37.908333333333339 ] ] ] } },
{ "type": "Feature", "properties": { "score": 87.5 }, "geometry": { "type": "Polygon", "coordinates": [ [ [ -96.884722222222223, 37.908333333333339 ], [ -96.884722222222223, 37.916666666666671 ], [ -96.894444444444446, 37.916666666666671 ], [ -96.894444444444446, 37.908333333333339 ], [ -96.884722222222223, 37.908333333333339 ] ] ] } },
{ "type": "Feature", "properties": { "score": 86.5 }, "geometry": { "type": "Polygon", "coordinates": [ [ [ -96.875, 37.908333333333339 ], [ -96.875, 37.916666666666671 ], [ -96.884722222222223, 37.916666666666671 ], [ -96.884722222222223, 37.908333333333339 ], [ -96.875, 37.908333333333339 ] ] ] } },
{ "type": "Feature", "properties": { "score": 85.0 }, "geometry": { "type": "Polygon", "coordinates": [ [ [ -96.865277777777777, 37.908333333333339 ], [ -96.865277777777777, 37.916666666666671 ], [ -96.875, 37.916666666666671 ], [ -96.875, 37.908333333333339 ], [ -96.865277777777777, 37.908333333333339 ] ] ] } },
{ "type": "Feature", "properties": { "score": 83.3 }, "geometry": { "type": "Polygon", "coordinates": [ [ [ -96.855555555555554, 37.908333333333339 ], [ -96.855555555555554, 37.916666666666671 ], [ -96.865277777777777, 37.916666666666671 ], [ -96.865277777777777, 37.908333333333339 ], [ -96.855555555555554, 37.908333333333339 ] ] ] } },
{ "type": "Feature", "properties": { "score": 71.3 }, "geometry": { "type": "Polygon", "coordinates": [ [ [ -96.845833333333331, 37.908333333333339 ], [ -96.845833333333331, 37.916666666666671 ], [ -96.855555555555554, 37.916666666666671 ], [ -96.855555555555554, 37.908333333333339 ], [ -96.845833333333331, 37.908333333333339 ] ] ] } },
{ "type": "Feature", "properties": { "score": 86.3 }, "geometry": { "type": "Polygon", "coordinates": [ [ [ -96.836111111111109, 37.908333333333339 ], [ -96.836111111111109, 37.916666666666671 ], [ -96.845833333333331, 37.916666666666671 ], [ -96.845833333333331, 37.908333333333339 ], [ -96.836111111111109, 37.908333333333339 ] ] ] } },
{ "type": "Feature", "properties": { "score": 88.1 }, "geometry": { "type": "Polygon", "coordinates": [ [ [ -96.826388888888886, 37.908333333333339 ], [ -96.826388888888886, 37.916666666666671 ], [ -96.836111111111109, 37.916666666666671 ], [ -96.836111111111109, 37.908333333333339 ], [ -96.826388888888886, 37.908333333333339 ] ] ] } },
{ "type": "Feature", "properties": { "score": 89.0 }, "geometry": { "type": "Polygon", "coordinates": [ [ [ -96.816666666666663, 37.908333333333339 ], [ -96.816666666666663, 37.916666666666671 ], [ -96.826388888888886, 37.916666666666671 ], [ -96.826388888888886, 37.908333333333339 ], [ -96.816666666666663, 37.908333333333339 ] ] ] } },
{ "type": "Feature", "properties": { "score": 83.6 }, "geometry": { "type": "Polygon", "coordinates": [ [ [ -96.80694444444444, 37.908333333333339 ], [ -96.80694444444444, 37.916666666666671 ], [ -96.816666666666663, 37.916666666666671 ], [ -96.816666666666663, 37.908333333333339 ], [ -96.80694444444444, 37.908333333333339 ] ] ] } },
{ "type": "Feature", "properties": { "score": 83.9 }, "geometry": { "type": "Polygon", "coordinates": [ [ [ -96.797222222222217, 37.908333333333339 ], [ -96.797222222222217, 37.916666666666671 ], [ -96.80694444444444, 37.916666666666671 ], [ -96.80694444444444, 37.908333333333339 ], [ -96.797222222222217, 37.908333333333339 ] ] ] } },
{ "type": "Feature", "properties": { "score": 65.6 }, "geometry": { "type": "Polygon", "coordinates": [ [ [ -96.7875, 37.908333333333339 ], [ -96.7875, 37.916666666666671 ], [ -96.797222222222217, 37.916666666666671 ], [ -96.797222222222217, 37.908333333333339 ], [ -96.7875, 37.908333333333339 ] ] ] } },
{ "type": "Feature", "properties": { "score": 58.7 }, "geometry": { "type": "Polygon", "coordinates": [ [ [ -96.777777777777786, 37.908333333333339 ], [ -96.777777777777786, 37.916666666666671 ], [ -96.7875, 37.916666666666671 ], [ -96.7875, 37.908333333333339 ], [ -96.777777777777786, 37.908333333333339 ] ] ] } },
{ "type": "Feature", "properties": { "score": 60.7 }, "geometry": { "type": "Polygon", "coordinates": [ [ [ -96.768055555555563, 37.908333333333339 ], [ -96.768055555555563, 37.916666666666671 ], [ -96.777777777777786, 37.916666666666671 ], [ -96.777777777777786, 37.908333333333339 ], [ -96.768055555555563, 37.908333333333339 ] ] ] } },
{ "type": "Feature", "properties": { "score": 69.0 }, "geometry": { "type": "Polygon", "coordinates": [ [ [ -96.75833333333334, 37.908333333333339 ], [ -96.75833333333334, 37.916666666666671 ], [ -96.768055555555563, 37.916666666666671 ], [ -96.768055555555563, 37.908333333333339 ], [ -96.75833333333334, 37.908333333333339 ] ] ] } },
{ "type": "Feature", "properties": { "score": 81.7 }, "geometry": { "type": "Polygon", "coordinates": [ [ [ -96.748611111111117, 37.908333333333339 ], [ -96.748611111111117, 37.916666666666671 ], [ -96.75833333333334, 37.916666666666671 ], [ -96.75833333333334, 37.908333333333339 ], [ -96.748611111111117, 37.908333333333339 ] ] ] } },
{ "type": "Feature", "properties": { "score": 83.5 }, "geometry": { "type": "Polygon", "coordinates": [ [ [ -96.738888888888894, 37.908333333333339 ], [ -96.738888888888894, 37.916666666666671 ], [ -96.748611111111117, 37.916666666666671 ], [ -96.748611111111117, 37.908333333333339 ], [ -96.738888888888894, 37.908333333333339 ] ] ] } },
{ "type": "Feature", "properties": { "score": 84.5 }, "geometry": { "type": "Polygon", "coordinates": [ [ [ -96.729166666666671, 37.908333333333339 ], [ -96.729166666666671, 37.916666666666671 ], [ -96.738888888888894, 37.916666666666671 ], [ -96.738888888888894, 37.908333333333339 ], [ -96.729166666666671, 37.908333333333339 ] ] ] } },
{ "type": "Feature", "properties": { "score": 86.7 }, "geometry": { "type": "Polygon", "coordinates": [ [ [ -96.719444444444449, 37.908333333333339 ], [ -96.719444444444449, 37.916666666666671 ], [ -96.729166666666671, 37.916666666666671 ], [ -96.729166666666671, 37.908333333333339 ], [ -96.719444444444449, 37.908333333333339 ] ] ] } },
{ "type": "Feature", "properties": { "score": 87.6 }, "geometry": { "type": "Polygon", "coordinates": [ [ [ -96.709722222222226, 37.908333333333339 ], [ -96.709722222222226, 37.916666666666671 ], [ -96.719444444444449, 37.916666666666671 ], [ -96.719444444444449, 37.908333333333339 ], [ -96.709722222222226, 37.908333333333339 ] ] ] } },
{ "type": "Feature", "properties": { "score": 86.9 }, "geometry": { "type": "Polygon", "coordinates": [ [ [ -96.7, 37.908333333333339 ], [ -96.7, 37.916666666666671 ], [ -96.709722222222226, 37.916666666666671 ], [ -96.709722222222226, 37.908333333333339 ], [ -96.7, 37.908333333333339 ] ] ] } },
{ "type": "Feature", "properties": { "score": 62.4 }, "geometry": { "type": "Polygon", "coordinates": [ [ [ -97.040277777777774, 37.916666666666671 ], [ -97.040277777777774, 37.925 ], [ -97.05, 37.925 ], [ -97.05, 37.916666666666671 ], [ -97.040277777777774, 37.916666666666671 ] ] ] } },
{ "type": "Feature", "properties": { "score": 82.3 }, "geometry": { "type": "Polygon", "coordinates": [ [ [ -97.030555555555551, 37.916666666666671 ], [ -97.030555555555551, 37.925 ], [ -97.040277777777774, 37.925 ], [ -97.040277777777774, 37.916666666666671 ], [ -97.030555555555551, 37.916666666666671 ] ] ] } },
{ "type": "Feature", "properties": { "score": 79.9 }, "geometry": { "type": "Polygon", "coordinates": [ [ [ -97.020833333333329, 37.916666666666671 ], [ -97.020833333333329, 37.925 ], [ -97.030555555555551, 37.925 ], [ -97.030555555555551, 37.916666666666671 ], [ -97.020833333333329, 37.916666666666671 ] ] ] } },
{ "type": "Feature", "properties": { "score": 81.8 }, "geometry": { "type": "Polygon", "coordinates": [ [ [ -97.011111111111106, 37.916666666666671 ], [ -97.011111111111106, 37.925 ], [ -97.020833333333329, 37.925 ], [ -97.020833333333329, 37.916666666666671 ], [ -97.011111111111106, 37.916666666666671 ] ] ] } },
{ "type": "Feature", "properties": { "score": 84.6 }, "geometry": { "type": "Polygon", "coordinates": [ [ [ -97.001388888888883, 37.916666666666671 ], [ -97.001388888888883, 37.925 ], [ -97.011111111111106, 37.925 ], [ -97.011111111111106, 37.916666666666671 ], [ -97.001388888888883, 37.916666666666671 ] ] ] } },
{ "type": "Feature", "properties": { "score": 85.1 }, "geometry": { "type": "Polygon", "coordinates": [ [ [ -96.99166666666666, 37.916666666666671 ], [ -96.99166666666666, 37.925 ], [ -97.001388888888883, 37.925 ], [ -97.001388888888883, 37.916666666666671 ], [ -96.99166666666666, 37.916666666666671 ] ] ] } },
{ "type": "Feature", "properties": { "score": 68.0 }, "geometry": { "type": "Polygon", "coordinates": [ [ [ -96.981944444444437, 37.916666666666671 ], [ -96.981944444444437, 37.925 ], [ -96.99166666666666, 37.925 ], [ -96.99166666666666, 37.916666666666671 ], [ -96.981944444444437, 37.916666666666671 ] ] ] } },
{ "type": "Feature", "properties": { "score": 75.4 }, "geometry": { "type": "Polygon", "coordinates": [ [ [ -96.972222222222214, 37.916666666666671 ], [ -96.972222222222214, 37.925 ], [ -96.981944444444437, 37.925 ], [ -96.981944444444437, 37.916666666666671 ], [ -96.972222222222214, 37.916666666666671 ] ] ] } },
{ "type": "Feature", "properties": { "score": 75.7 }, "geometry": { "type": "Polygon", "coordinates": [ [ [ -96.9625, 37.916666666666671 ], [ -96.9625, 37.925 ], [ -96.972222222222214, 37.925 ], [ -96.972222222222214, 37.916666666666671 ], [ -96.9625, 37.916666666666671 ] ] ] } },
{ "type": "Feature", "properties": { "score": 83.0 }, "geometry": { "type": "Polygon", "coordinates": [ [ [ -96.952777777777783, 37.916666666666671 ], [ -96.952777777777783, 37.925 ], [ -96.9625, 37.925 ], [ -96.9625, 37.916666666666671 ], [ -96.952777777777783, 37.916666666666671 ] ] ] } },
{ "type": "Feature", "properties": { "score": 83.6 }, "geometry": { "type": "Polygon", "coordinates": [ [ [ -96.94305555555556, 37.916666666666671 ], [ -96.94305555555556, 37.925 ], [ -96.952777777777783, 37.925 ], [ -96.952777777777783, 37.916666666666671 ], [ -96.94305555555556, 37.916666666666671 ] ] ] } },
{ "type": "Feature", "properties": { "score": 84.2 }, "geometry": { "type": "Polygon", "coordinates": [ [ [ -96.933333333333337, 37.916666666666671 ], [ -96.933333333333337, 37.925 ], [ -96.94305555555556, 37.925 ], [ -96.94305555555556, 37.916666666666671 ], [ -96.933333333333337, 37.916666666666671 ] ] ] } },
{ "type": "Feature", "properties": { "score": 85.1 }, "geometry": { "type": "Polygon", "coordinates": [ [ [ -96.923611111111114, 37.916666666666671 ], [ -96.923611111111114, 37.925 ], [ -96.933333333333337, 37.925 ], [ -96.933333333333337, 37.916666666666671 ], [ -96.923611111111114, 37.916666666666671 ] ] ] } },
{ "type": "Feature", "properties": { "score": 85.7 }, "geometry": { "type": "Polygon", "coordinates": [ [ [ -96.913888888888891, 37.916666666666671 ], [ -96.913888888888891, 37.925 ], [ -96.923611111111114, 37.925 ], [ -96.923611111111114, 37.916666666666671 ], [ -96.913888888888891, 37.916666666666671 ] ] ] } },
{ "type": "Feature", "properties": { "score": 88.1 }, "geometry": { "type": "Polygon", "coordinates": [ [ [ -96.904166666666669, 37.916666666666671 ], [ -96.904166666666669, 37.925 ], [ -96.913888888888891, 37.925 ], [ -96.913888888888891, 37.916666666666671 ], [ -96.904166666666669, 37.916666666666671 ] ] ] } },
{ "type": "Feature", "properties": { "score": 86.9 }, "geometry": { "type": "Polygon", "coordinates": [ [ [ -96.894444444444446, 37.916666666666671 ], [ -96.894444444444446, 37.925 ], [ -96.904166666666669, 37.925 ], [ -96.904166666666669, 37.916666666666671 ], [ -96.894444444444446, 37.916666666666671 ] ] ] } },
{ "type": "Feature", "properties": { "score": 87.8 }, "geometry": { "type": "Polygon", "coordinates": [ [ [ -96.884722222222223, 37.916666666666671 ], [ -96.884722222222223, 37.925 ], [ -96.894444444444446, 37.925 ], [ -96.894444444444446, 37.916666666666671 ], [ -96.884722222222223, 37.916666666666671 ] ] ] } },
{ "type": "Feature", "properties": { "score": 89.3 }, "geometry": { "type": "Polygon", "coordinates": [ [ [ -96.875, 37.916666666666671 ], [ -96.875, 37.925 ], [ -96.884722222222223, 37.925 ], [ -96.884722222222223, 37.916666666666671 ], [ -96.875, 37.916666666666671 ] ] ] } },
{ "type": "Feature", "properties": { "score": 83.9 }, "geometry": { "type": "Polygon", "coordinates": [ [ [ -96.865277777777777, 37.916666666666671 ], [ -96.865277777777777, 37.925 ], [ -96.875, 37.925 ], [ -96.875, 37.916666666666671 ], [ -96.865277777777777, 37.916666666666671 ] ] ] } },
{ "type": "Feature", "properties": { "score": 77.4 }, "geometry": { "type": "Polygon", "coordinates": [ [ [ -96.855555555555554, 37.916666666666671 ], [ -96.855555555555554, 37.925 ], [ -96.865277777777777, 37.925 ], [ -96.865277777777777, 37.916666666666671 ], [ -96.855555555555554, 37.916666666666671 ] ] ] } },
{ "type": "Feature", "properties": { "score": 73.8 }, "geometry": { "type": "Polygon", "coordinates": [ [ [ -96.845833333333331, 37.916666666666671 ], [ -96.845833333333331, 37.925 ], [ -96.855555555555554, 37.925 ], [ -96.855555555555554, 37.916666666666671 ], [ -96.845833333333331, 37.916666666666671 ] ] ] } },
{ "type": "Feature", "properties": { "score": 84.9 }, "geometry": { "type": "Polygon", "coordinates": [ [ [ -96.836111111111109, 37.916666666666671 ], [ -96.836111111111109, 37.925 ], [ -96.845833333333331, 37.925 ], [ -96.845833333333331, 37.916666666666671 ], [ -96.836111111111109, 37.916666666666671 ] ] ] } },
{ "type": "Feature", "properties": { "score": 88.1 }, "geometry": { "type": "Polygon", "coordinates": [ [ [ -96.826388888888886, 37.916666666666671 ], [ -96.826388888888886, 37.925 ], [ -96.836111111111109, 37.925 ], [ -96.836111111111109, 37.916666666666671 ], [ -96.826388888888886, 37.916666666666671 ] ] ] } },
{ "type": "Feature", "properties": { "score": 84.1 }, "geometry": { "type": "Polygon", "coordinates": [ [ [ -96.816666666666663, 37.916666666666671 ], [ -96.816666666666663, 37.925 ], [ -96.826388888888886, 37.925 ], [ -96.826388888888886, 37.916666666666671 ], [ -96.816666666666663, 37.916666666666671 ] ] ] } },
{ "type": "Feature", "properties": { "score": 80.8 }, "geometry": { "type": "Polygon", "coordinates": [ [ [ -96.80694444444444, 37.916666666666671 ], [ -96.80694444444444, 37.925 ], [ -96.816666666666663, 37.925 ], [ -96.816666666666663, 37.916666666666671 ], [ -96.80694444444444, 37.916666666666671 ] ] ] } },
{ "type": "Feature", "properties": { "score": 78.9 }, "geometry": { "type": "Polygon", "coordinates": [ [ [ -96.797222222222217, 37.916666666666671 ], [ -96.797222222222217, 37.925 ], [ -96.80694444444444, 37.925 ], [ -96.80694444444444, 37.916666666666671 ], [ -96.797222222222217, 37.916666666666671 ] ] ] } },
{ "type": "Feature", "properties": { "score": 64.7 }, "geometry": { "type": "Polygon", "coordinates": [ [ [ -96.7875, 37.916666666666671 ], [ -96.7875, 37.925 ], [ -96.797222222222217, 37.925 ], [ -96.797222222222217, 37.916666666666671 ], [ -96.7875, 37.916666666666671 ] ] ] } },
{ "type": "Feature", "properties": { "score": 57.6 }, "geometry": { "type": "Polygon", "coordinates": [ [ [ -96.777777777777786, 37.916666666666671 ], [ -96.777777777777786, 37.925 ], [ -96.7875, 37.925 ], [ -96.7875, 37.916666666666671 ], [ -96.777777777777786, 37.916666666666671 ] ] ] } },
{ "type": "Feature", "properties": { "score": 67.3 }, "geometry": { "type": "Polygon", "coordinates": [ [ [ -96.768055555555563, 37.916666666666671 ], [ -96.768055555555563, 37.925 ], [ -96.777777777777786, 37.925 ], [ -96.777777777777786, 37.916666666666671 ], [ -96.768055555555563, 37.916666666666671 ] ] ] } },
{ "type": "Feature", "properties": { "score": 69.3 }, "geometry": { "type": "Polygon", "coordinates": [ [ [ -96.75833333333334, 37.916666666666671 ], [ -96.75833333333334, 37.925 ], [ -96.768055555555563, 37.925 ], [ -96.768055555555563, 37.916666666666671 ], [ -96.75833333333334, 37.916666666666671 ] ] ] } },
{ "type": "Feature", "properties": { "score": 61.9 }, "geometry": { "type": "Polygon", "coordinates": [ [ [ -96.748611111111117, 37.916666666666671 ], [ -96.748611111111117, 37.925 ], [ -96.75833333333334, 37.925 ], [ -96.75833333333334, 37.916666666666671 ], [ -96.748611111111117, 37.916666666666671 ] ] ] } },
{ "type": "Feature", "properties": { "score": 70.2 }, "geometry": { "type": "Polygon", "coordinates": [ [ [ -96.738888888888894, 37.916666666666671 ], [ -96.738888888888894, 37.925 ], [ -96.748611111111117, 37.925 ], [ -96.748611111111117, 37.916666666666671 ], [ -96.738888888888894, 37.916666666666671 ] ] ] } },
{ "type": "Feature", "properties": { "score": 81.3 }, "geometry": { "type": "Polygon", "coordinates": [ [ [ -96.729166666666671, 37.916666666666671 ], [ -96.729166666666671, 37.925 ], [ -96.738888888888894, 37.925 ], [ -96.738888888888894, 37.916666666666671 ], [ -96.729166666666671, 37.916666666666671 ] ] ] } },
{ "type": "Feature", "properties": { "score": 87.6 }, "geometry": { "type": "Polygon", "coordinates": [ [ [ -96.719444444444449, 37.916666666666671 ], [ -96.719444444444449, 37.925 ], [ -96.729166666666671, 37.925 ], [ -96.729166666666671, 37.916666666666671 ], [ -96.719444444444449, 37.916666666666671 ] ] ] } },
{ "type": "Feature", "properties": { "score": 88.0 }, "geometry": { "type": "Polygon", "coordinates": [ [ [ -96.709722222222226, 37.916666666666671 ], [ -96.709722222222226, 37.925 ], [ -96.719444444444449, 37.925 ], [ -96.719444444444449, 37.916666666666671 ], [ -96.709722222222226, 37.916666666666671 ] ] ] } },
{ "type": "Feature", "properties": { "score": 87.7 }, "geometry": { "type": "Polygon", "coordinates": [ [ [ -96.7, 37.916666666666671 ], [ -96.7, 37.925 ], [ -96.709722222222226, 37.925 ], [ -96.709722222222226, 37.916666666666671 ], [ -96.7, 37.916666666666671 ] ] ] } },
{ "type": "Feature", "properties": { "score": 66.2 }, "geometry": { "type": "Polygon", "coordinates": [ [ [ -97.040277777777774, 37.925 ], [ -97.040277777777774, 37.933333333333337 ], [ -97.05, 37.933333333333337 ], [ -97.05, 37.925 ], [ -97.040277777777774, 37.925 ] ] ] } },
{ "type": "Feature", "properties": { "score": 72.9 }, "geometry": { "type": "Polygon", "coordinates": [ [ [ -97.030555555555551, 37.925 ], [ -97.030555555555551, 37.933333333333337 ], [ -97.040277777777774, 37.933333333333337 ], [ -97.040277777777774, 37.925 ], [ -97.030555555555551, 37.925 ] ] ] } },
{ "type": "Feature", "properties": { "score": 77.3 }, "geometry": { "type": "Polygon", "coordinates": [ [ [ -97.020833333333329, 37.925 ], [ -97.020833333333329, 37.933333333333337 ], [ -97.030555555555551, 37.933333333333337 ], [ -97.030555555555551, 37.925 ], [ -97.020833333333329, 37.925 ] ] ] } },
{ "type": "Feature", "properties": { "score": 83.7 }, "geometry": { "type": "Polygon", "coordinates": [ [ [ -97.011111111111106, 37.925 ], [ -97.011111111111106, 37.933333333333337 ], [ -97.020833333333329, 37.933333333333337 ], [ -97.020833333333329, 37.925 ], [ -97.011111111111106, 37.925 ] ] ] } },
{ "type": "Feature", "properties": { "score": 82.1 }, "geometry": { "type": "Polygon", "coordinates": [ [ [ -97.001388888888883, 37.925 ], [ -97.001388888888883, 37.933333333333337 ], [ -97.011111111111106, 37.933333333333337 ], [ -97.011111111111106, 37.925 ], [ -97.001388888888883, 37.925 ] ] ] } },
{ "type": "Feature", "properties": { "score": 82.6 }, "geometry": { "type": "Polygon", "coordinates": [ [ [ -96.99166666666666, 37.925 ], [ -96.99166666666666, 37.933333333333337 ], [ -97.001388888888883, 37.933333333333337 ], [ -97.001388888888883, 37.925 ], [ -96.99166666666666, 37.925 ] ] ] } },
{ "type": "Feature", "properties": { "score": 77.5 }, "geometry": { "type": "Polygon", "coordinates": [ [ [ -96.981944444444437, 37.925 ], [ -96.981944444444437, 37.933333333333337 ], [ -96.99166666666666, 37.933333333333337 ], [ -96.99166666666666, 37.925 ], [ -96.981944444444437, 37.925 ] ] ] } },
{ "type": "Feature", "properties": { "score": 72.9 }, "geometry": { "type": "Polygon", "coordinates": [ [ [ -96.972222222222214, 37.925 ], [ -96.972222222222214, 37.933333333333337 ], [ -96.981944444444437, 37.933333333333337 ], [ -96.981944444444437, 37.925 ], [ -96.972222222222214, 37.925 ] ] ] } },
{ "type": "Feature", "properties": { "score": 80.3 }, "geometry": { "type": "Polygon", "coordinates": [ [ [ -96.9625, 37.925 ], [ -96.9625, 37.933333333333337 ], [ -96.972222222222214, 37.933333333333337 ], [ -96.972222222222214, 37.925 ], [ -96.9625, 37.925 ] ] ] } },
{ "type": "Feature", "properties": { "score": 83.2 }, "geometry": { "type": "Polygon", "coordinates": [ [ [ -96.952777777777783, 37.925 ], [ -96.952777777777783, 37.933333333333337 ], [ -96.9625, 37.933333333333337 ], [ -96.9625, 37.925 ], [ -96.952777777777783, 37.925 ] ] ] } },
{ "type": "Feature", "properties": { "score": 83.1 }, "geometry": { "type": "Polygon", "coordinates": [ [ [ -96.94305555555556, 37.925 ], [ -96.94305555555556, 37.933333333333337 ], [ -96.952777777777783, 37.933333333333337 ], [ -96.952777777777783, 37.925 ], [ -96.94305555555556, 37.925 ] ] ] } },
{ "type": "Feature", "properties": { "score": 83.7 }, "geometry": { "type": "Polygon", "coordinates": [ [ [ -96.933333333333337, 37.925 ], [ -96.933333333333337, 37.933333333333337 ], [ -96.94305555555556, 37.933333333333337 ], [ -96.94305555555556, 37.925 ], [ -96.933333333333337, 37.925 ] ] ] } },
{ "type": "Feature", "properties": { "score": 86.2 }, "geometry": { "type": "Polygon", "coordinates": [ [ [ -96.923611111111114, 37.925 ], [ -96.923611111111114, 37.933333333333337 ], [ -96.933333333333337, 37.933333333333337 ], [ -96.933333333333337, 37.925 ], [ -96.923611111111114, 37.925 ] ] ] } },
{ "type": "Feature", "properties": { "score": 89.5 }, "geometry": { "type": "Polygon", "coordinates": [ [ [ -96.913888888888891, 37.925 ], [ -96.913888888888891, 37.933333333333337 ], [ -96.923611111111114, 37.933333333333337 ], [ -96.923611111111114, 37.925 ], [ -96.913888888888891, 37.925 ] ] ] } },
{ "type": "Feature", "properties": { "score": 89.8 }, "geometry": { "type": "Polygon", "coordinates": [ [ [ -96.904166666666669, 37.925 ], [ -96.904166666666669, 37.933333333333337 ], [ -96.913888888888891, 37.933333333333337 ], [ -96.913888888888891, 37.925 ], [ -96.904166666666669, 37.925 ] ] ] } },
{ "type": "Feature", "properties": { "score": 90.3 }, "geometry": { "type": "Polygon", "coordinates": [ [ [ -96.894444444444446, 37.925 ], [ -96.894444444444446, 37.933333333333337 ], [ -96.904166666666669, 37.933333333333337 ], [ -96.904166666666669, 37.925 ], [ -96.894444444444446, 37.925 ] ] ] } },
{ "type": "Feature", "properties": { "score": 88.4 }, "geometry": { "type": "Polygon", "coordinates": [ [ [ -96.884722222222223, 37.925 ], [ -96.884722222222223, 37.933333333333337 ], [ -96.894444444444446, 37.933333333333337 ], [ -96.894444444444446, 37.925 ], [ -96.884722222222223, 37.925 ] ] ] } },
{ "type": "Feature", "properties": { "score": 87.5 }, "geometry": { "type": "Polygon", "coordinates": [ [ [ -96.875, 37.925 ], [ -96.875, 37.933333333333337 ], [ -96.884722222222223, 37.933333333333337 ], [ -96.884722222222223, 37.925 ], [ -96.875, 37.925 ] ] ] } },
{ "type": "Feature", "properties": { "score": 85.1 }, "geometry": { "type": "Polygon", "coordinates": [ [ [ -96.865277777777777, 37.925 ], [ -96.865277777777777, 37.933333333333337 ], [ -96.875, 37.933333333333337 ], [ -96.875, 37.925 ], [ -96.865277777777777, 37.925 ] ] ] } },
{ "type": "Feature", "properties": { "score": 73.8 }, "geometry": { "type": "Polygon", "coordinates": [ [ [ -96.855555555555554, 37.925 ], [ -96.855555555555554, 37.933333333333337 ], [ -96.865277777777777, 37.933333333333337 ], [ -96.865277777777777, 37.925 ], [ -96.855555555555554, 37.925 ] ] ] } },
{ "type": "Feature", "properties": { "score": 78.9 }, "geometry": { "type": "Polygon", "coordinates": [ [ [ -96.845833333333331, 37.925 ], [ -96.845833333333331, 37.933333333333337 ], [ -96.855555555555554, 37.933333333333337 ], [ -96.855555555555554, 37.925 ], [ -96.845833333333331, 37.925 ] ] ] } },
{ "type": "Feature", "properties": { "score": 83.4 }, "geometry": { "type": "Polygon", "coordinates": [ [ [ -96.836111111111109, 37.925 ], [ -96.836111111111109, 37.933333333333337 ], [ -96.845833333333331, 37.933333333333337 ], [ -96.845833333333331, 37.925 ], [ -96.836111111111109, 37.925 ] ] ] } },
{ "type": "Feature", "properties": { "score": 85.2 }, "geometry": { "type": "Polygon", "coordinates": [ [ [ -96.826388888888886, 37.925 ], [ -96.826388888888886, 37.933333333333337 ], [ -96.836111111111109, 37.933333333333337 ], [ -96.836111111111109, 37.925 ], [ -96.826388888888886, 37.925 ] ] ] } },
{ "type": "Feature", "properties": { "score": 86.1 }, "geometry": { "type": "Polygon", "coordinates": [ [ [ -96.816666666666663, 37.925 ], [ -96.816666666666663, 37.933333333333337 ], [ -96.826388888888886, 37.933333333333337 ], [ -96.826388888888886, 37.925 ], [ -96.816666666666663, 37.925 ] ] ] } },
{ "type": "Feature", "properties": { "score": 82.9 }, "geometry": { "type": "Polygon", "coordinates": [ [ [ -96.80694444444444, 37.925 ], [ -96.80694444444444, 37.933333333333337 ], [ -96.816666666666663, 37.933333333333337 ], [ -96.816666666666663, 37.925 ], [ -96.80694444444444, 37.925 ] ] ] } },
{ "type": "Feature", "properties": { "score": 86.5 }, "geometry": { "type": "Polygon", "coordinates": [ [ [ -96.797222222222217, 37.925 ], [ -96.797222222222217, 37.933333333333337 ], [ -96.80694444444444, 37.933333333333337 ], [ -96.80694444444444, 37.925 ], [ -96.797222222222217, 37.925 ] ] ] } },
{ "type": "Feature", "properties": { "score": 83.7 }, "geometry": { "type": "Polygon", "coordinates": [ [ [ -96.7875, 37.925 ], [ -96.7875, 37.933333333333337 ], [ -96.797222222222217, 37.933333333333337 ], [ -96.797222222222217, 37.925 ], [ -96.7875, 37.925 ] ] ] } },
{ "type": "Feature", "properties": { "score": 56.2 }, "geometry": { "type": "Polygon", "coordinates": [ [ [ -96.777777777777786, 37.925 ], [ -96.777777777777786, 37.933333333333337 ], [ -96.7875, 37.933333333333337 ], [ -96.7875, 37.925 ], [ -96.777777777777786, 37.925 ] ] ] } },
{ "type": "Feature", "properties": { "score": 53.8 }, "geometry": { "type": "Polygon", "coordinates": [ [ [ -96.768055555555563, 37.925 ], [ -96.768055555555563, 37.933333333333337 ], [ -96.777777777777786, 37.933333333333337 ], [ -96.777777777777786, 37.925 ], [ -96.768055555555563, 37.925 ] ] ] } },
{ "type": "Feature", "properties": { "score": 81.3 }, "geometry": { "type": "Polygon", "coordinates": [ [ [ -96.75833333333334, 37.925 ], [ -96.75833333333334, 37.933333333333337 ], [ -96.768055555555563, 37.933333333333337 ], [ -96.768055555555563, 37.925 ], [ -96.75833333333334, 37.925 ] ] ] } },
{ "type": "Feature", "properties": { "score": 77.1 }, "geometry": { "type": "Polygon", "coordinates": [ [ [ -96.748611111111117, 37.925 ], [ -96.748611111111117, 37.933333333333337 ], [ -96.75833333333334, 37.933333333333337 ], [ -96.75833333333334, 37.925 ], [ -96.748611111111117, 37.925 ] ] ] } },
{ "type": "Feature", "properties": { "score": 82.1 }, "geometry": { "type": "Polygon", "coordinates": [ [ [ -96.738888888888894, 37.925 ], [ -96.738888888888894, 37.933333333333337 ], [ -96.748611111111117, 37.933333333333337 ], [ -96.748611111111117, 37.925 ], [ -96.738888888888894, 37.925 ] ] ] } },
{ "type": "Feature", "properties": { "score": 80.0 }, "geometry": { "type": "Polygon", "coordinates": [ [ [ -96.729166666666671, 37.925 ], [ -96.729166666666671, 37.933333333333337 ], [ -96.738888888888894, 37.933333333333337 ], [ -96.738888888888894, 37.925 ], [ -96.729166666666671, 37.925 ] ] ] } },
{ "type": "Feature", "properties": { "score": 77.3 }, "geometry": { "type": "Polygon", "coordinates": [ [ [ -96.719444444444449, 37.925 ], [ -96.719444444444449, 37.933333333333337 ], [ -96.729166666666671, 37.933333333333337 ], [ -96.729166666666671, 37.925 ], [ -96.719444444444449, 37.925 ] ] ] } },
{ "type": "Feature", "properties": { "score": 84.3 }, "geometry": { "type": "Polygon", "coordinates": [ [ [ -96.709722222222226, 37.925 ], [ -96.709722222222226, 37.933333333333337 ], [ -96.719444444444449, 37.933333333333337 ], [ -96.719444444444449, 37.925 ], [ -96.709722222222226, 37.925 ] ] ] } },
{ "type": "Feature", "properties": { "score": 85.7 }, "geometry": { "type": "Polygon", "coordinates": [ [ [ -96.7, 37.925 ], [ -96.7, 37.933333333333337 ], [ -96.709722222222226, 37.933333333333337 ], [ -96.709722222222226, 37.925 ], [ -96.7, 37.925 ] ] ] } },
{ "type": "Feature", "properties": { "score": 76.4 }, "geometry": { "type": "Polygon", "coordinates": [ [ [ -97.040277777777774, 37.933333333333337 ], [ -97.040277777777774, 37.94166666666667 ], [ -97.05, 37.94166666666667 ], [ -97.05, 37.933333333333337 ], [ -97.040277777777774, 37.933333333333337 ] ] ] } },
{ "type": "Feature", "properties": { "score": 64.8 }, "geometry": { "type": "Polygon", "coordinates": [ [ [ -97.030555555555551, 37.933333333333337 ], [ -97.030555555555551, 37.94166666666667 ], [ -97.040277777777774, 37.94166666666667 ], [ -97.040277777777774, 37.933333333333337 ], [ -97.030555555555551, 37.933333333333337 ] ] ] } },
{ "type": "Feature", "properties": { "score": 71.2 }, "geometry": { "type": "Polygon", "coordinates": [ [ [ -97.020833333333329, 37.933333333333337 ], [ -97.020833333333329, 37.94166666666667 ], [ -97.030555555555551, 37.94166666666667 ], [ -97.030555555555551, 37.933333333333337 ], [ -97.020833333333329, 37.933333333333337 ] ] ] } },
{ "type": "Feature", "properties": { "score": 70.1 }, "geometry": { "type": "Polygon", "coordinates": [ [ [ -97.011111111111106, 37.933333333333337 ], [ -97.011111111111106, 37.94166666666667 ], [ -97.020833333333329, 37.94166666666667 ], [ -97.020833333333329, 37.933333333333337 ], [ -97.011111111111106, 37.933333333333337 ] ] ] } },
{ "type": "Feature", "properties": { "score": 81.4 }, "geometry": { "type": "Polygon", "coordinates": [ [ [ -97.001388888888883, 37.933333333333337 ], [ -97.001388888888883, 37.94166666666667 ], [ -97.011111111111106, 37.94166666666667 ], [ -97.011111111111106, 37.933333333333337 ], [ -97.001388888888883, 37.933333333333337 ] ] ] } },
{ "type": "Feature", "properties": { "score": 79.8 }, "geometry": { "type": "Polygon", "coordinates": [ [ [ -96.99166666666666, 37.933333333333337 ], [ -96.99166666666666, 37.94166666666667 ], [ -97.001388888888883, 37.94166666666667 ], [ -97.001388888888883, 37.933333333333337 ], [ -96.99166666666666, 37.933333333333337 ] ] ] } },
{ "type": "Feature", "properties": { "score": 79.8 }, "geometry": { "type": "Polygon", "coordinates": [ [ [ -96.981944444444437, 37.933333333333337 ], [ -96.981944444444437, 37.94166666666667 ], [ -96.99166666666666, 37.94166666666667 ], [ -96.99166666666666, 37.933333333333337 ], [ -96.981944444444437, 37.933333333333337 ] ] ] } },
{ "type": "Feature", "properties": { "score": 78.7 }, "geometry": { "type": "Polygon", "coordinates": [ [ [ -96.972222222222214, 37.933333333333337 ], [ -96.972222222222214, 37.94166666666667 ], [ -96.981944444444437, 37.94166666666667 ], [ -96.981944444444437, 37.933333333333337 ], [ -96.972222222222214, 37.933333333333337 ] ] ] } },
{ "type": "Feature", "properties": { "score": 84.3 }, "geometry": { "type": "Polygon", "coordinates": [ [ [ -96.9625, 37.933333333333337 ], [ -96.9625, 37.94166666666667 ], [ -96.972222222222214, 37.94166666666667 ], [ -96.972222222222214, 37.933333333333337 ], [ -96.9625, 37.933333333333337 ] ] ] } },
{ "type": "Feature", "properties": { "score": 81.2 }, "geometry": { "type": "Polygon", "coordinates": [ [ [ -96.952777777777783, 37.933333333333337 ], [ -96.952777777777783, 37.94166666666667 ], [ -96.9625, 37.94166666666667 ], [ -96.9625, 37.933333333333337 ], [ -96.952777777777783, 37.933333333333337 ] ] ] } },
{ "type": "Feature", "properties": { "score": 85.1 }, "geometry": { "type": "Polygon", "coordinates": [ [ [ -96.94305555555556, 37.933333333333337 ], [ -96.94305555555556, 37.94166666666667 ], [ -96.952777777777783, 37.94166666666667 ], [ -96.952777777777783, 37.933333333333337 ], [ -96.94305555555556, 37.933333333333337 ] ] ] } },
{ "type": "Feature", "properties": { "score": 88.1 }, "geometry": { "type": "Polygon", "coordinates": [ [ [ -96.933333333333337, 37.933333333333337 ], [ -96.933333333333337, 37.94166666666667 ], [ -96.94305555555556, 37.94166666666667 ], [ -96.94305555555556, 37.933333333333337 ], [ -96.933333333333337, 37.933333333333337 ] ] ] } },
{ "type": "Feature", "properties": { "score": 86.4 }, "geometry": { "type": "Polygon", "coordinates": [ [ [ -96.923611111111114, 37.933333333333337 ], [ -96.923611111111114, 37.94166666666667 ], [ -96.933333333333337, 37.94166666666667 ], [ -96.933333333333337, 37.933333333333337 ], [ -96.923611111111114, 37.933333333333337 ] ] ] } },
{ "type": "Feature", "properties": { "score": 87.5 }, "geometry": { "type": "Polygon", "coordinates": [ [ [ -96.913888888888891, 37.933333333333337 ], [ -96.913888888888891, 37.94166666666667 ], [ -96.923611111111114, 37.94166666666667 ], [ -96.923611111111114, 37.933333333333337 ], [ -96.913888888888891, 37.933333333333337 ] ] ] } },
{ "type": "Feature", "properties": { "score": 86.2 }, "geometry": { "type": "Polygon", "coordinates": [ [ [ -96.904166666666669, 37.933333333333337 ], [ -96.904166666666669, 37.94166666666667 ], [ -96.913888888888891, 37.94166666666667 ], [ -96.913888888888891, 37.933333333333337 ], [ -96.904166666666669, 37.933333333333337 ] ] ] } },
{ "type": "Feature", "properties": { "score": 86.2 }, "geometry": { "type": "Polygon", "coordinates": [ [ [ -96.894444444444446, 37.933333333333337 ], [ -96.894444444444446, 37.94166666666667 ], [ -96.904166666666669, 37.94166666666667 ], [ -96.904166666666669, 37.933333333333337 ], [ -96.894444444444446, 37.933333333333337 ] ] ] } },
{ "type": "Feature", "properties": { "score": 86.1 }, "geometry": { "type": "Polygon", "coordinates": [ [ [ -96.884722222222223, 37.933333333333337 ], [ -96.884722222222223, 37.94166666666667 ], [ -96.894444444444446, 37.94166666666667 ], [ -96.894444444444446, 37.933333333333337 ], [ -96.884722222222223, 37.933333333333337 ] ] ] } },
{ "type": "Feature", "properties": { "score": 83.7 }, "geometry": { "type": "Polygon", "coordinates": [ [ [ -96.875, 37.933333333333337 ], [ -96.875, 37.94166666666667 ], [ -96.884722222222223, 37.94166666666667 ], [ -96.884722222222223, 37.933333333333337 ], [ -96.875, 37.933333333333337 ] ] ] } },
{ "type": "Feature", "properties": { "score": 73.7 }, "geometry": { "type": "Polygon", "coordinates": [ [ [ -96.865277777777777, 37.933333333333337 ], [ -96.865277777777777, 37.94166666666667 ], [ -96.875, 37.94166666666667 ], [ -96.875, 37.933333333333337 ], [ -96.865277777777777, 37.933333333333337 ] ] ] } },
{ "type": "Feature", "properties": { "score": 77.3 }, "geometry": { "type": "Polygon", "coordinates": [ [ [ -96.855555555555554, 37.933333333333337 ], [ -96.855555555555554, 37.94166666666667 ], [ -96.865277777777777, 37.94166666666667 ], [ -96.865277777777777, 37.933333333333337 ], [ -96.855555555555554, 37.933333333333337 ] ] ] } },
{ "type": "Feature", "properties": { "score": 76.4 }, "geometry": { "type": "Polygon", "coordinates": [ [ [ -96.845833333333331, 37.933333333333337 ], [ -96.845833333333331, 37.94166666666667 ], [ -96.855555555555554, 37.94166666666667 ], [ -96.855555555555554, 37.933333333333337 ], [ -96.845833333333331, 37.933333333333337 ] ] ] } },
{ "type": "Feature", "properties": { "score": 77.4 }, "geometry": { "type": "Polygon", "coordinates": [ [ [ -96.836111111111109, 37.933333333333337 ], [ -96.836111111111109, 37.94166666666667 ], [ -96.845833333333331, 37.94166666666667 ], [ -96.845833333333331, 37.933333333333337 ], [ -96.836111111111109, 37.933333333333337 ] ] ] } },
{ "type": "Feature", "properties": { "score": 80.4 }, "geometry": { "type": "Polygon", "coordinates": [ [ [ -96.826388888888886, 37.933333333333337 ], [ -96.826388888888886, 37.94166666666667 ], [ -96.836111111111109, 37.94166666666667 ], [ -96.836111111111109, 37.933333333333337 ], [ -96.826388888888886, 37.933333333333337 ] ] ] } },
{ "type": "Feature", "properties": { "score": 87.8 }, "geometry": { "type": "Polygon", "coordinates": [ [ [ -96.816666666666663, 37.933333333333337 ], [ -96.816666666666663, 37.94166666666667 ], [ -96.826388888888886, 37.94166666666667 ], [ -96.826388888888886, 37.933333333333337 ], [ -96.816666666666663, 37.933333333333337 ] ] ] } },
{ "type": "Feature", "properties": { "score": 84.0 }, "geometry": { "type": "Polygon", "coordinates": [ [ [ -96.80694444444444, 37.933333333333337 ], [ -96.80694444444444, 37.94166666666667 ], [ -96.816666666666663, 37.94166666666667 ], [ -96.816666666666663, 37.933333333333337 ], [ -96.80694444444444, 37.933333333333337 ] ] ] } },
{ "type": "Feature", "properties": { "score": 81.7 }, "geometry": { "type": "Polygon", "coordinates": [ [ [ -96.797222222222217, 37.933333333333337 ], [ -96.797222222222217, 37.94166666666667 ], [ -96.80694444444444, 37.94166666666667 ], [ -96.80694444444444, 37.933333333333337 ], [ -96.797222222222217, 37.933333333333337 ] ] ] } },
{ "type": "Feature", "properties": { "score": 82.6 }, "geometry": { "type": "Polygon", "coordinates": [ [ [ -96.7875, 37.933333333333337 ], [ -96.7875, 37.94166666666667 ], [ -96.797222222222217, 37.94166666666667 ], [ -96.797222222222217, 37.933333333333337 ], [ -96.7875, 37.933333333333337 ] ] ] } },
{ "type": "Feature", "properties": { "score": 63.7 }, "geometry": { "type": "Polygon", "coordinates": [ [ [ -96.777777777777786, 37.933333333333337 ], [ -96.777777777777786, 37.94166666666667 ], [ -96.7875, 37.94166666666667 ], [ -96.7875, 37.933333333333337 ], [ -96.777777777777786, 37.933333333333337 ] ] ] } },
{ "type": "Feature", "properties": { "score": 73.1 }, "geometry": { "type": "Polygon", "coordinates": [ [ [ -96.768055555555563, 37.933333333333337 ], [ -96.768055555555563, 37.94166666666667 ], [ -96.777777777777786, 37.94166666666667 ], [ -96.777777777777786, 37.933333333333337 ], [ -96.768055555555563, 37.933333333333337 ] ] ] } },
{ "type": "Feature", "properties": { "score": 64.2 }, "geometry": { "type": "Polygon", "coordinates": [ [ [ -96.75833333333334, 37.933333333333337 ], [ -96.75833333333334, 37.94166666666667 ], [ -96.768055555555563, 37.94166666666667 ], [ -96.768055555555563, 37.933333333333337 ], [ -96.75833333333334, 37.933333333333337 ] ] ] } },
{ "type": "Feature", "properties": { "score": 82.3 }, "geometry": { "type": "Polygon", "coordinates": [ [ [ -96.748611111111117, 37.933333333333337 ], [ -96.748611111111117, 37.94166666666667 ], [ -96.75833333333334, 37.94166666666667 ], [ -96.75833333333334, 37.933333333333337 ], [ -96.748611111111117, 37.933333333333337 ] ] ] } },
{ "type": "Feature", "properties": { "score": 87.7 }, "geometry": { "type": "Polygon", "coordinates": [ [ [ -96.738888888888894, 37.933333333333337 ], [ -96.738888888888894, 37.94166666666667 ], [ -96.748611111111117, 37.94166666666667 ], [ -96.748611111111117, 37.933333333333337 ], [ -96.738888888888894, 37.933333333333337 ] ] ] } },
{ "type": "Feature", "properties": { "score": 86.8 }, "geometry": { "type": "Polygon", "coordinates": [ [ [ -96.729166666666671, 37.933333333333337 ], [ -96.729166666666671, 37.94166666666667 ], [ -96.738888888888894, 37.94166666666667 ], [ -96.738888888888894, 37.933333333333337 ], [ -96.729166666666671, 37.933333333333337 ] ] ] } },
{ "type": "Feature", "properties": { "score": 86.5 }, "geometry": { "type": "Polygon", "coordinates": [ [ [ -96.719444444444449, 37.933333333333337 ], [ -96.719444444444449, 37.94166666666667 ], [ -96.729166666666671, 37.94166666666667 ], [ -96.729166666666671, 37.933333333333337 ], [ -96.719444444444449, 37.933333333333337 ] ] ] } },
{ "type": "Feature", "properties": { "score": 78.9 }, "geometry": { "type": "Polygon", "coordinates": [ [ [ -96.709722222222226, 37.933333333333337 ], [ -96.709722222222226, 37.94166666666667 ], [ -96.719444444444449, 37.94166666666667 ], [ -96.719444444444449, 37.933333333333337 ], [ -96.709722222222226, 37.933333333333337 ] ] ] } },
{ "type": "Feature", "properties": { "score": 76.0 }, "geometry": { "type": "Polygon", "coordinates": [ [ [ -96.7, 37.933333333333337 ], [ -96.7, 37.94166666666667 ], [ -96.709722222222226, 37.94166666666667 ], [ -96.709722222222226, 37.933333333333337 ], [ -96.7, 37.933333333333337 ] ] ] } },
{ "type": "Feature", "properties": { "score": 81.9 }, "geometry": { "type": "Polygon", "coordinates": [ [ [ -97.040277777777774, 37.94166666666667 ], [ -97.040277777777774, 37.95 ], [ -97.05, 37.95 ], [ -97.05, 37.94166666666667 ], [ -97.040277777777774, 37.94166666666667 ] ] ] } },
{ "type": "Feature", "properties": { "score": 78.4 }, "geometry": { "type": "Polygon", "coordinates": [ [ [ -97.030555555555551, 37.94166666666667 ], [ -97.030555555555551, 37.95 ], [ -97.040277777777774, 37.95 ], [ -97.040277777777774, 37.94166666666667 ], [ -97.030555555555551, 37.94166666666667 ] ] ] } },
{ "type": "Feature", "properties": { "score": 74.7 }, "geometry": { "type": "Polygon", "coordinates": [ [ [ -97.020833333333329, 37.94166666666667 ], [ -97.020833333333329, 37.95 ], [ -97.030555555555551, 37.95 ], [ -97.030555555555551, 37.94166666666667 ], [ -97.020833333333329, 37.94166666666667 ] ] ] } },
{ "type": "Feature", "properties": { "score": 76.5 }, "geometry": { "type": "Polygon", "coordinates": [ [ [ -97.011111111111106, 37.94166666666667 ], [ -97.011111111111106, 37.95 ], [ -97.020833333333329, 37.95 ], [ -97.020833333333329, 37.94166666666667 ], [ -97.011111111111106, 37.94166666666667 ] ] ] } },
{ "type": "Feature", "properties": { "score": 81.0 }, "geometry": { "type": "Polygon", "coordinates": [ [ [ -97.001388888888883, 37.94166666666667 ], [ -97.001388888888883, 37.95 ], [ -97.011111111111106, 37.95 ], [ -97.011111111111106, 37.94166666666667 ], [ -97.001388888888883, 37.94166666666667 ] ] ] } },
{ "type": "Feature", "properties": { "score": 83.6 }, "geometry": { "type": "Polygon", "coordinates": [ [ [ -96.99166666666666, 37.94166666666667 ], [ -96.99166666666666, 37.95 ], [ -97.001388888888883, 37.95 ], [ -97.001388888888883, 37.94166666666667 ], [ -96.99166666666666, 37.94166666666667 ] ] ] } },
{ "type": "Feature", "properties": { "score": 79.9 }, "geometry": { "type": "Polygon", "coordinates": [ [ [ -96.981944444444437, 37.94166666666667 ], [ -96.981944444444437, 37.95 ], [ -96.99166666666666, 37.95 ], [ -96.99166666666666, 37.94166666666667 ], [ -96.981944444444437, 37.94166666666667 ] ] ] } },
{ "type": "Feature", "properties": { "score": 79.3 }, "geometry": { "type": "Polygon", "coordinates": [ [ [ -96.972222222222214, 37.94166666666667 ], [ -96.972222222222214, 37.95 ], [ -96.981944444444437, 37.95 ], [ -96.981944444444437, 37.94166666666667 ], [ -96.972222222222214, 37.94166666666667 ] ] ] } },
{ "type": "Feature", "properties": { "score": 78.1 }, "geometry": { "type": "Polygon", "coordinates": [ [ [ -96.9625, 37.94166666666667 ], [ -96.9625, 37.95 ], [ -96.972222222222214, 37.95 ], [ -96.972222222222214, 37.94166666666667 ], [ -96.9625, 37.94166666666667 ] ] ] } },
{ "type": "Feature", "properties": { "score": 82.0 }, "geometry": { "type": "Polygon", "coordinates": [ [ [ -96.952777777777783, 37.94166666666667 ], [ -96.952777777777783, 37.95 ], [ -96.9625, 37.95 ], [ -96.9625, 37.94166666666667 ], [ -96.952777777777783, 37.94166666666667 ] ] ] } },
{ "type": "Feature", "properties": { "score": 81.8 }, "geometry": { "type": "Polygon", "coordinates": [ [ [ -96.94305555555556, 37.94166666666667 ], [ -96.94305555555556, 37.95 ], [ -96.952777777777783, 37.95 ], [ -96.952777777777783, 37.94166666666667 ], [ -96.94305555555556, 37.94166666666667 ] ] ] } },
{ "type": "Feature", "properties": { "score": 81.2 }, "geometry": { "type": "Polygon", "coordinates": [ [ [ -96.933333333333337, 37.94166666666667 ], [ -96.933333333333337, 37.95 ], [ -96.94305555555556, 37.95 ], [ -96.94305555555556, 37.94166666666667 ], [ -96.933333333333337, 37.94166666666667 ] ] ] } },
{ "type": "Feature", "properties": { "score": 82.3 }, "geometry": { "type": "Polygon", "coordinates": [ [ [ -96.923611111111114, 37.94166666666667 ], [ -96.923611111111114, 37.95 ], [ -96.933333333333337, 37.95 ], [ -96.933333333333337, 37.94166666666667 ], [ -96.923611111111114, 37.94166666666667 ] ] ] } },
{ "type": "Feature", "properties": { "score": 84.3 }, "geometry": { "type": "Polygon", "coordinates": [ [ [ -96.913888888888891, 37.94166666666667 ], [ -96.913888888888891, 37.95 ], [ -96.923611111111114, 37.95 ], [ -96.923611111111114, 37.94166666666667 ], [ -96.913888888888891, 37.94166666666667 ] ] ] } },
{ "type": "Feature", "properties": { "score": 81.1 }, "geometry": { "type": "Polygon", "coordinates": [ [ [ -96.904166666666669, 37.94166666666667 ], [ -96.904166666666669, 37.95 ], [ -96.913888888888891, 37.95 ], [ -96.913888888888891, 37.94166666666667 ], [ -96.904166666666669, 37.94166666666667 ] ] ] } },
{ "type": "Feature", "properties": { "score": 81.5 }, "geometry": { "type": "Polygon", "coordinates": [ [ [ -96.894444444444446, 37.94166666666667 ], [ -96.894444444444446, 37.95 ], [ -96.904166666666669, 37.95 ], [ -96.904166666666669, 37.94166666666667 ], [ -96.894444444444446, 37.94166666666667 ] ] ] } },
{ "type": "Feature", "properties": { "score": 81.5 }, "geometry": { "type": "Polygon", "coordinates": [ [ [ -96.884722222222223, 37.94166666666667 ], [ -96.884722222222223, 37.95 ], [ -96.894444444444446, 37.95 ], [ -96.894444444444446, 37.94166666666667 ], [ -96.884722222222223, 37.94166666666667 ] ] ] } },
{ "type": "Feature", "properties": { "score": 81.2 }, "geometry": { "type": "Polygon", "coordinates": [ [ [ -96.875, 37.94166666666667 ], [ -96.875, 37.95 ], [ -96.884722222222223, 37.95 ], [ -96.884722222222223, 37.94166666666667 ], [ -96.875, 37.94166666666667 ] ] ] } },
{ "type": "Feature", "properties": { "score": 81.0 }, "geometry": { "type": "Polygon", "coordinates": [ [ [ -96.865277777777777, 37.94166666666667 ], [ -96.865277777777777, 37.95 ], [ -96.875, 37.95 ], [ -96.875, 37.94166666666667 ], [ -96.865277777777777, 37.94166666666667 ] ] ] } },
{ "type": "Feature", "properties": { "score": 73.8 }, "geometry": { "type": "Polygon", "coordinates": [ [ [ -96.855555555555554, 37.94166666666667 ], [ -96.855555555555554, 37.95 ], [ -96.865277777777777, 37.95 ], [ -96.865277777777777, 37.94166666666667 ], [ -96.855555555555554, 37.94166666666667 ] ] ] } },
{ "type": "Feature", "properties": { "score": 75.6 }, "geometry": { "type": "Polygon", "coordinates": [ [ [ -96.845833333333331, 37.94166666666667 ], [ -96.845833333333331, 37.95 ], [ -96.855555555555554, 37.95 ], [ -96.855555555555554, 37.94166666666667 ], [ -96.845833333333331, 37.94166666666667 ] ] ] } },
{ "type": "Feature", "properties": { "score": 80.7 }, "geometry": { "type": "Polygon", "coordinates": [ [ [ -96.836111111111109, 37.94166666666667 ], [ -96.836111111111109, 37.95 ], [ -96.845833333333331, 37.95 ], [ -96.845833333333331, 37.94166666666667 ], [ -96.836111111111109, 37.94166666666667 ] ] ] } },
{ "type": "Feature", "properties": { "score": 81.1 }, "geometry": { "type": "Polygon", "coordinates": [ [ [ -96.826388888888886, 37.94166666666667 ], [ -96.826388888888886, 37.95 ], [ -96.836111111111109, 37.95 ], [ -96.836111111111109, 37.94166666666667 ], [ -96.826388888888886, 37.94166666666667 ] ] ] } },
{ "type": "Feature", "properties": { "score": 84.2 }, "geometry": { "type": "Polygon", "coordinates": [ [ [ -96.816666666666663, 37.94166666666667 ], [ -96.816666666666663, 37.95 ], [ -96.826388888888886, 37.95 ], [ -96.826388888888886, 37.94166666666667 ], [ -96.816666666666663, 37.94166666666667 ] ] ] } },
{ "type": "Feature", "properties": { "score": 81.7 }, "geometry": { "type": "Polygon", "coordinates": [ [ [ -96.80694444444444, 37.94166666666667 ], [ -96.80694444444444, 37.95 ], [ -96.816666666666663, 37.95 ], [ -96.816666666666663, 37.94166666666667 ], [ -96.80694444444444, 37.94166666666667 ] ] ] } },
{ "type": "Feature", "properties": { "score": 81.2 }, "geometry": { "type": "Polygon", "coordinates": [ [ [ -96.797222222222217, 37.94166666666667 ], [ -96.797222222222217, 37.95 ], [ -96.80694444444444, 37.95 ], [ -96.80694444444444, 37.94166666666667 ], [ -96.797222222222217, 37.94166666666667 ] ] ] } },
{ "type": "Feature", "properties": { "score": 78.1 }, "geometry": { "type": "Polygon", "coordinates": [ [ [ -96.7875, 37.94166666666667 ], [ -96.7875, 37.95 ], [ -96.797222222222217, 37.95 ], [ -96.797222222222217, 37.94166666666667 ], [ -96.7875, 37.94166666666667 ] ] ] } },
{ "type": "Feature", "properties": { "score": 67.2 }, "geometry": { "type": "Polygon", "coordinates": [ [ [ -96.777777777777786, 37.94166666666667 ], [ -96.777777777777786, 37.95 ], [ -96.7875, 37.95 ], [ -96.7875, 37.94166666666667 ], [ -96.777777777777786, 37.94166666666667 ] ] ] } },
{ "type": "Feature", "properties": { "score": 82.7 }, "geometry": { "type": "Polygon", "coordinates": [ [ [ -96.768055555555563, 37.94166666666667 ], [ -96.768055555555563, 37.95 ], [ -96.777777777777786, 37.95 ], [ -96.777777777777786, 37.94166666666667 ], [ -96.768055555555563, 37.94166666666667 ] ] ] } },
{ "type": "Feature", "properties": { "score": 74.7 }, "geometry": { "type": "Polygon", "coordinates": [ [ [ -96.75833333333334, 37.94166666666667 ], [ -96.75833333333334, 37.95 ], [ -96.768055555555563, 37.95 ], [ -96.768055555555563, 37.94166666666667 ], [ -96.75833333333334, 37.94166666666667 ] ] ] } },
{ "type": "Feature", "properties": { "score": 63.4 }, "geometry": { "type": "Polygon", "coordinates": [ [ [ -96.748611111111117, 37.94166666666667 ], [ -96.748611111111117, 37.95 ], [ -96.75833333333334, 37.95 ], [ -96.75833333333334, 37.94166666666667 ], [ -96.748611111111117, 37.94166666666667 ] ] ] } },
{ "type": "Feature", "properties": { "score": 82.0 }, "geometry": { "type": "Polygon", "coordinates": [ [ [ -96.738888888888894, 37.94166666666667 ], [ -96.738888888888894, 37.95 ], [ -96.748611111111117, 37.95 ], [ -96.748611111111117, 37.94166666666667 ], [ -96.738888888888894, 37.94166666666667 ] ] ] } },
{ "type": "Feature", "properties": { "score": 83.2 }, "geometry": { "type": "Polygon", "coordinates": [ [ [ -96.729166666666671, 37.94166666666667 ], [ -96.729166666666671, 37.95 ], [ -96.738888888888894, 37.95 ], [ -96.738888888888894, 37.94166666666667 ], [ -96.729166666666671, 37.94166666666667 ] ] ] } },
{ "type": "Feature", "properties": { "score": 83.9 }, "geometry": { "type": "Polygon", "coordinates": [ [ [ -96.719444444444449, 37.94166666666667 ], [ -96.719444444444449, 37.95 ], [ -96.729166666666671, 37.95 ], [ -96.729166666666671, 37.94166666666667 ], [ -96.719444444444449, 37.94166666666667 ] ] ] } },
{ "type": "Feature", "properties": { "score": 82.2 }, "geometry": { "type": "Polygon", "coordinates": [ [ [ -96.709722222222226, 37.94166666666667 ], [ -96.709722222222226, 37.95 ], [ -96.719444444444449, 37.95 ], [ -96.719444444444449, 37.94166666666667 ], [ -96.709722222222226, 37.94166666666667 ] ] ] } },
{ "type": "Feature", "properties": { "score": 80.2 }, "geometry": { "type": "Polygon", "coordinates": [ [ [ -96.7, 37.94166666666667 ], [ -96.7, 37.95 ], [ -96.709722222222226, 37.95 ], [ -96.709722222222226, 37.94166666666667 ], [ -96.7, 37.94166666666667 ] ] ] } }
]
}
