{"type": "FeatureCollection", "crs": {"type": "name", "properties": {"name": "EPSG:4326"}}, "features": [{"type": "Feature", "id": 10531, "geometry": {"type": "LineString", "coordinates": [[-96.8771072105159, 37.8080869344876], [-96.8773204939205, 37.8084614697342], [-96.8789773160878, 37.8093343684657], [-96.8812143008084, 37.810453232807], [-96.883659783608, 37.8116674620046], [-96.8862272585215, 37.8129684670193], [-96.8883027270523, 37.8140152437448], [-96.8908755918575, 37.8152951297405], [-96.8929115911097, 37.8163210565642], [-96.8954373797024, 37.817588899747], [-96.8982346050381, 37.8176765848521], [-96.900893207749, 37.8177943485455], [-96.9039556579773, 37.8179451037387], [-96.90682163228, 37.8180620381504], [-96.9099049818135, 37.8182248551422], [-96.9118689819939, 37.8182797821473], [-96.9150380406869, 37.8184225317089], [-96.9175899352201, 37.8185331737833], [-96.9198745072945, 37.8186431450924], [-96.9220974037364, 37.8201309946036], [-96.9233186462972, 37.8209380755874], [-96.9242867732553, 37.8226899249322], [-96.924771169111, 37.8236238674918], [-96.9246439658701, 37.8238924087371], [-96.9248452621556, 37.8242620216634]]}, "properties": {"OBJECTID_1": 10531, "OBJECTID": 10163, "ID": "158540", "TYPE": "AC; OVERHEAD", "STATUS": "IN SERVICE", "NAICS_CODE": "221121", "NAICS_DESC": "ELECTRIC BULK POWER TRANSMISSION AND CONTROL", "SOURCE": "IMAGERY, OpenStreetMap, KCC Electric Certified Areas and Transmission Lines map", "SOURCEDATE": 1412640000000, "VAL_METHOD": "IMAGERY", "VAL_DATE": 1443484800000, "OWNER": "NOT AVAILABLE", "VOLTAGE": 138, "VOLT_CLASS": "100-161", "INFERRED": "N", "SUB_1": "UNKNOWN118021", "SUB_2": "UNKNOWN118990", "SHAPE__Len": 6184.69484519557, "GlobalID": "757176f9-38f9-46ab-bd14-fc724bb268fb", "Shape__Length": 6184.694921254307}}, {"type": "Feature", "id": 10726, "geometry": {"type": "LineString", "coordinates": [[-96.8771072105159, 37.8080869344876], [-96.8775340126838, 37.8082495449461], [-96.8784239691442, 37.8088094658085], [-96.879413148121, 37.8092969826087], [-96.8802471440308, 37.8097117419229], [-96.8813358123236, 37.8102561615745], [-96.8823506391, 37.8107635320459], [-96.8833279162977, 37.8112522324991], [-96.8843240581162, 37.8117502281474], [-96.8853298119083, 37.812250348799], [-96.8863276605259, 37.8127610396705], [-96.8873441042699, 37.8132653405922], [-96.8883694413352, 37.8137802839178], [-96.8895271289879, 37.8138093075267], [-96.8906662960744, 37.8138093075267], [-96.8917927825424, 37.8138135655802], [-96.8929208356722, 37.8138122824868], [-96.89407487347, 37.8138212059469], [-96.8952021441672, 37.8138271537369], [-96.8962519782903, 37.8137915677635], [-96.8973615045657, 37.8138182309872], [-96.8984709275348, 37.813815256737], [-96.8995922486899, 37.813815256737], [-96.9066979145025, 37.8138063339858], [-96.9079203626024, 37.8138093075267], [-96.9091011701955, 37.8138093075267], [-96.9111177640409, 37.8138063339858], [-96.9123045202779, 37.8138063339858], [-96.9134912756166, 37.8138003847748], [-96.9147464421558, 37.8137974105239], [-96.9159748380011, 37.8138003847748], [-96.91703964704, 37.8137944369826], [-96.9180538917082, 37.8137974105239], [-96.9193596217197, 37.8138063339858], [-96.9206356076139, 37.8138033597352], [-96.9217836976661, 37.8138063339858], [-96.9229377354639, 37.8138063339858], [-96.9241750560716, 37.813856896938], [-96.9253796582401, 37.8139044870282], [-96.926557490613, 37.8139580248673], [-96.9277799387129, 37.8140115619579], [-96.9288478235833, 37.8140180171492], [-96.9301028877146, 37.8140859208168], [-96.9309475969324, 37.8131460325027], [-96.9322057368952, 37.8117243058089], [-96.9334846971112, 37.8102906797198], [-96.9347101186347, 37.808898695762], [-96.9361021039815, 37.8073341995969], [-96.9374048587729, 37.8059005748611], [-96.9387343824614, 37.8043955659954], [-96.940057957506, 37.8028875815801], [-96.9413607131957, 37.8014242138907], [-96.9427051075954, 37.7999132557509], [-96.944040580826, 37.7984231177707], [-96.9453522585831, 37.7969478527728], [-96.9467472182518, 37.7953536140253], [-96.9478804357962, 37.7940865510984], [-96.9490850379646, 37.7927510775381], [-96.9504383571267, 37.7912341719889], [-96.9515299341644, 37.7899224940092], [-96.9524858862554, 37.7886418409916], [-96.9538112426593, 37.7874032397544], [-96.9551377920259, 37.7861361767949], [-96.9564970589335, 37.784892907504], [-96.9578146862326, 37.7836407171711], [-96.9591917990716, 37.782340935693], [-96.960494553863, 37.781094693729], [-96.9620382287286, 37.7796253769207], [-96.9635759558489, 37.7781709306358], [-96.965116657291, 37.7766748450066], [-96.9666930496976, 37.7752233739878], [-96.9682367245633, 37.7737600051034], [-96.9696495301635, 37.7720111006757], [-96.9703009066608, 37.7712050585404], [-96.9715471502343, 37.7697030240446], [-96.9727993415532, 37.7681771950762], [-96.9740366612626, 37.7666721861295], [-96.975140135588, 37.7653337387942], [-96.976231713524, 37.7639893431296], [-96.9773441117134, 37.7626508969531], [-96.9784565099027, 37.7612946038784], [-96.97956295855, 37.7599472336567], [-96.9806604860282, 37.7586058131451], [-96.9817669346754, 37.7572584429531], [-96.982870409899, 37.7559110730793], [-96.9841267065188, 37.7544424611009], [-96.9853519187348, 37.7529493671358], [-96.9865897971963, 37.7514581607813], [-96.9880945651288, 37.7496456600315], [-96.9891909589331, 37.7483247886594], [-96.9904295560468, 37.746832636725], [-96.9916582716924, 37.7453525310794], [-96.99289004161, 37.7438825530894], [-96.9941335785595, 37.7423704925001], [-96.9954424248268, 37.7408433410433], [-96.9967207265778, 37.7393492615856], [-96.998012055697, 37.7378398796821], [-96.9992859566014, 37.7363560406887], [-97.0005764763386, 37.7348530627064], [-97.0018651096136, 37.7333518296237], [-97.0031372138875, 37.7318702459169], [-97.0044193792925, 37.7303767676025], [-97.0056026401847, 37.7289983586474], [-97.0067832061311, 37.7276207766389], [-97.0079619745486, 37.7262452295028], [-97.0091396595979, 37.7249245416631], [-97.0103353388006, 37.7235325579204], [-97.0114507113119, 37.7222268279232], [-97.0126612621242, 37.7208140228548], [-97.0139610425936, 37.7193060395678], [-97.0152667717068, 37.71779805685], [-97.0165606035325, 37.7162960218151], [-97.0177622322773, 37.7148713200439], [-97.019085807322, 37.7133335927544], [-97.0204510228733, 37.7117453031156], [-97.0217864952057, 37.7101927041341], [-97.0234223740504, 37.7092498431149], [-97.0249006147325, 37.7084259549007], [-97.0266554664535, 37.7073938626003], [-97.0284906257643, 37.7063469007235], [-97.0303862605583, 37.7052309268714], [-97.0322293537897, 37.7041994368397], [-97.0341150765728, 37.7031078587363], [-97.036369617069, 37.7017991560498], [-97.0382345187005, 37.7007373206529], [-97.0399298848817, 37.699651691899], [-97.0417947883098, 37.6985720121285], [-97.0436269732987, 37.6975101767081], [-97.0454799776426, 37.6964453677206], [-97.0473657013241, 37.6953537905861], [-97.0493019866813, 37.6942443670895], [-97.0509692769167, 37.6932450727734], [-97.0527373338723, 37.6922783364985], [-97.0540876778142, 37.691493114699], [-97.0560864248298, 37.6903420509377], [-97.0579513282579, 37.6892653449469], [-97.0598400244647, 37.6881797159788], [-97.0616841067412, 37.6871030098732], [-97.0639192023046, 37.6871019890326], [-97.0664112187343, 37.6871004250705], [-97.068760030233, 37.6870673181186], [-97.0710829783363, 37.6870613686618], [-97.073261771091, 37.6870715628556], [-97.0756780595422, 37.6870424866509], [-97.0780681171872, 37.6870424866509], [-97.0804253369169, 37.6870613686618], [-97.0806251851181, 37.6852640670204], [-97.0808125664999, 37.6834973165496], [-97.0809821037468, 37.6818346685892], [-97.081166511705, 37.6799846378039], [-97.0813568692053, 37.6782297849191], [-97.0815085596224, 37.6768467229395], [-97.0816773809121, 37.6755260306748], [-97.0815595318283, 37.6754804489836], [-97.0810666936055, 37.675289828776]]}, "properties": {"OBJECTID_1": 10726, "OBJECTID": 13004, "ID": "151146", "TYPE": "AC; OVERHEAD", "STATUS": "IN SERVICE", "NAICS_CODE": "221121", "NAICS_DESC": "ELECTRIC BULK POWER TRANSMISSION AND CONTROL", "SOURCE": "IMAGERY, OpenStreetMap, KCC Electric Certified Areas and Transmission Lines map", "SOURCEDATE": 1412640000000, "VAL_METHOD": "IMAGERY", "VAL_DATE": 1541721600000, "OWNER": "NOT AVAILABLE", "VOLTAGE": 138, "VOLT_CLASS": "100-161", "INFERRED": "Y", "SUB_1": "UNKNOWN118020", "SUB_2": "UNKNOWN118021", "SHAPE__Len": 33282.3281283456, "GlobalID": "8cc1f709-ef20-4bb6-8d60-00967d5dd843", "Shape__Length": 33282.32816094342}}, {"type": "Feature", "id": 7114, "geometry": {"type": "LineString", "coordinates": [[-96.8771072105159, 37.8080869344876], [-96.8765726689044, 37.8080760670918], [-96.8742791855424, 37.8069208769308], [-96.872381227705, 37.80590909188], [-96.8696805389231, 37.8045706444974], [-96.8668935957042, 37.803160814656], [-96.864198855566, 37.8017955988056], [-96.8620513924551, 37.8007129437137], [-96.8599812617138, 37.7996868021489], [-96.8576702099998, 37.7985268136802], [-96.8554216190458, 37.7973965696037], [-96.8524829845114, 37.7959094069354], [-96.8483932856028, 37.7938719940465], [-96.8465194610056, 37.7929380549014], [-96.8434097495118, 37.7924775667262], [-96.8400175843365, 37.7919059636828], [-96.8378588177244, 37.7915639170531], [-96.8341378781383, 37.7909766516281], [-96.8315919115876, 37.7905526457305], [-96.8278529050845, 37.7899721426292], [-96.8251599355258, 37.7895355506734], [-96.8225078393125, 37.7891156376734], [-96.8198260986948, 37.7886811696983], [-96.8170474568074, 37.7882059021129], [-96.8139483319592, 37.7882382518154], [-96.8105419195035, 37.7882425816254], [-96.8076827625156, 37.7882467708709], [-96.8049468525879, 37.7882340625694], [-96.8024470217136, 37.7882510296883], [-96.7996684687594, 37.78822077355], [-96.7961498405551, 37.788226722692], [-96.7936654508222, 37.7882425816254], [-96.790538055992, 37.7882425816254], [-96.7877324969855, 37.7882237481211], [-96.785028778186, 37.7882425816254], [-96.7823132752867, 37.788226722692], [-96.7793725359996, 37.788238038839], [-96.7765163129093, 37.7882148251175], [-96.7735479351559, 37.7882029275412], [-96.7707847856139, 37.7882088766846], [-96.7675606170748, 37.78822077355], [-96.764772756676, 37.7882382518154], [-96.7617547317317, 37.7882088766846], [-96.7588696349916, 37.7882059021129], [-96.7560529476553, 37.7882029275412], [-96.7530696991906, 37.7882118505461], [-96.7501632755473, 37.788242368649], [-96.7472221742391, 37.7882118505461], [-96.7446226133002, 37.7882088766846], [-96.7411604972121, 37.7875842679688], [-96.7381950928822, 37.7870578121701], [-96.7354587131357, 37.7865551511497], [-96.7331208925245, 37.7861387460732], [-96.7298312880052, 37.7855468548225], [-96.7273804431616, 37.7851066535965], [-96.7245518585377, 37.7846010187873], [-96.7216905572711, 37.7840864598565], [-96.7179518292458, 37.7834053398042], [-96.7154426711638, 37.782979179717], [-96.7122173276284, 37.7823762230104], [-96.7097278166, 37.7819270997264], [-96.7062567775462, 37.7812965414681], [-96.7033300411977, 37.7807790095106], [-96.7000285384924, 37.7801841437514], [-96.697321901965, 37.7796904061648], [-96.6948115706833, 37.7792412828913], [-96.691866987505, 37.7787088788161], [-96.6891841446545, 37.7782240626867], [-96.6864685860596, 37.7777392476378], [-96.6835656424898, 37.777206844105], [-96.6808533106434, 37.7767755410242], [-96.6778825819988, 37.7762381865662], [-96.675108044514, 37.7757361896939], [-96.6724595092224, 37.7752348660871], [-96.6699137169449, 37.7748066686226], [-96.6671864317423, 37.7743061517258], [-96.6642220811363, 37.7737763776743], [-96.6613074971969, 37.7732513579745], [-96.658656478962, 37.7727736245052], [-96.6559555134989, 37.7722964560087], [-96.6531177355164, 37.7717791649561], [-96.6505106457971, 37.771308451806], [-96.647932749528, 37.7708500904875], [-96.645054066759, 37.7703034326323], [-96.6421065092588, 37.7697472341077], [-96.6395961779771, 37.7693189310112], [-96.6361132416356, 37.768697295665], [-96.6327401728467, 37.7681164845635], [-96.6300333692325, 37.76763325], [-96.627359982947, 37.7671453247508], [-96.6250038816198, 37.7667113667472], [-96.6212911445505, 37.7660510867], [-96.6183594890276, 37.7654850235956], [-96.6157450555809, 37.7650210288231], [-96.6123642262461, 37.7645701575286], [-96.6092636012115, 37.7641206327761], [-96.6063283389526, 37.7636766338656], [-96.602761908697, 37.7631873097694], [-96.5998131447595, 37.7627517285369], [-96.5970695003373, 37.7623664311705], [-96.5936424365115, 37.7618730347875], [-96.5907488174543, 37.7614339915058], [-96.5878726436799, 37.7610175855378], [-96.5851362639333, 37.7606220006087], [-96.5820391674811, 37.7602190915011], [-96.5792100142236, 37.7597989416507], [-96.5768174412959, 37.7594597519981], [-96.5739695123506, 37.7590375375395], [-96.5709616832848, 37.7586244837461], [-96.5679297865559, 37.7581503346722], [-96.5652930443475, 37.7577906257801], [-96.5623678602878, 37.7573732326962], [-96.5591256607643, 37.7569065471407], [-96.5566051677401, 37.7565307676044], [-96.5536981296492, 37.7561078269091], [-96.5509167658665, 37.7557030657831], [-96.5481475428149, 37.7552920076058], [-96.5459044360757, 37.7549897745557], [-96.5437157807175, 37.7546800379681], [-96.5416222928804, 37.7543394185562], [-96.5389037590654, 37.7539408596081], [-96.5365451182009, 37.753607734944], [-96.5341765707154, 37.7532870950987], [-96.5312537923441, 37.7528403577377], [-96.5285471549183, 37.7524626185252], [-96.5258501923481, 37.7521454639742], [-96.5233739700978, 37.7517461765437], [-96.5198602098639, 37.7512487715529], [-96.5170359066107, 37.7508390829092], [-96.5138556010103, 37.7503776825638], [-96.5113978094946, 37.7500210476542], [-96.5086809456477, 37.7496269786411], [-96.5049028112257, 37.7490787738707], [-96.5022239452169, 37.7486921580014], [-96.4984172299959, 37.7481290256091], [-96.4947195091649, 37.7476212286001], [-96.4927243697835, 37.7472813431228], [-96.4903933116898, 37.7469773676172], [-96.4865853594886, 37.7463890447751], [-96.4843784099396, 37.7460826888532], [-96.4816747477341, 37.7456900777748], [-96.4785517052415, 37.7452379805382], [-96.4762525508151, 37.7448989066864], [-96.4727606915079, 37.7443843484957], [-96.4703879210423, 37.7440821596856], [-96.4677500182105, 37.7437069550422], [-96.4650996287962, 37.7433267746082], [-96.4622226537246, 37.7428763656612], [-96.4594208388962, 37.7424778060624], [-96.4575321408928, 37.7422071417926], [-96.4548327825157, 37.7418362267849], [-96.4510985766095, 37.7412992585101], [-96.4474052736931, 37.7407368725916], [-96.4451883806922, 37.7404285510943], [-96.4422510684779, 37.740007791592], [-96.4389637735272, 37.7395304827544], [-96.4363858790546, 37.7391607946797], [-96.433437069303, 37.7387327826362], [-96.4308769426085, 37.7383276685939], [-96.4285361476754, 37.7379945439754], [-96.4248673211556, 37.7374778555792], [-96.4223192498521, 37.7370981418613], [-96.4200477698247, 37.7368022545254], [-96.4171522301694, 37.7363599487061], [-96.4138816429847, 37.7358470809308], [-96.4113861833125, 37.7354901621632], [-96.408965081688, 37.7351421646903], [-96.4059431661402, 37.7346989907473], [-96.4034646504909, 37.7343591048968], [-96.400045076818, 37.7331196234955], [-96.3975050032156, 37.7322184029912], [-96.3944830867695, 37.7311238508399], [-96.3915028117284, 37.7300560676071], [-96.3886534077494, 37.7290358739346], [-96.3860536330115, 37.7281424256038], [-96.383718999623, 37.7272839944736], [-96.3809132025629, 37.7263057647719], [-96.3785174855317, 37.7254391441667], [-96.3756496526147, 37.724395924561], [-96.3727794274841, 37.7233668080636], [-96.3700542775769, 37.7224061376895], [-96.3673535825068, 37.721452071614], [-96.3648178190211, 37.7205465259861], [-96.3619604577653, 37.7195207376614], [-96.3591816092654, 37.7185142646216], [-96.3567694530645, 37.7176509630188], [-96.3538494792335, 37.7166059488708], [-96.3514454977017, 37.7157456806847], [-96.3486283809707, 37.7147373790807], [-96.3457976098474, 37.7137242307157], [-96.342622065318, 37.7125876305527], [-96.3400028465458, 37.711634077619], [-96.3373968428897, 37.7106396654663], [-96.335044150669, 37.7097800848764], [-96.3323732060044, 37.7088253267401], [-96.3296546721893, 37.7078497479282], [-96.3264721432586, 37.7067016579693], [-96.3237476599014, 37.7057260789198], [-96.32109546667, 37.704828232938], [-96.318536640736, 37.7038700990011], [-96.3161482566525, 37.7030105187849], [-96.3136171051175, 37.7021092979714], [-96.3106338557545, 37.7010206948851], [-96.3081621906575, 37.7001373199825], [-96.3054287852329, 37.69950081414], [-96.3031088096549, 37.6989594867521], [-96.3011100626393, 37.6984746704855], [-96.2991053669799, 37.6980136510522], [-96.2971347030967, 37.6975953608233], [-96.2943932245126, 37.6969603364924], [-96.2916584832932, 37.6963171339041], [-96.2887622249857, 37.6956303516687], [-96.2859826578335, 37.6949846496854], [-96.283394976216, 37.6943403580374], [-96.2805247510854, 37.6936800564824], [-96.2751624502363, 37.6924427271099], [-96.2711052092556, 37.6914916866018], [-96.2689999175557, 37.6910149899304], [-96.2662571813303, 37.6903664746884], [-96.2632766332013, 37.6895844095136], [-96.260745480768, 37.6890133400019], [-96.2570751630447, 37.6881656568739], [-96.2547611370088, 37.6876124317869], [-96.2519444496725, 37.6869580795035], [-96.2491545321317, 37.6863067029593], [-96.2455080080854, 37.6854441479868], [-96.2432861860286, 37.684926614596], [-96.2402969880217, 37.6842217000816], [-96.2375695312409, 37.68358816791], [-96.2345775538466, 37.6829095281027], [-96.2320673016167, 37.6823186701458], [-96.2285400666536, 37.6814883606655], [-96.2259795087677, 37.6809044587111], [-96.2230759741064, 37.6802130561203], [-96.219669382886, 37.6794199776719], [-96.2174299727142, 37.678895355111], [-96.2137598157894, 37.678035430605], [-96.2111236197566, 37.6774118285368], [-96.2079344208349, 37.6766523507825], [-96.2050856825076, 37.6759768349307], [-96.2016245635494, 37.6751767440485], [-96.1987727727468, 37.6745096751006], [-96.1956930775599, 37.6737823768293], [-96.1929421675637, 37.6731342797345], [-96.1903045126669, 37.6724731110556], [-96.187568132022, 37.6718247081558], [-96.1846741132145, 37.6711465615719], [-96.1819050150287, 37.6704862611523], [-96.1792459676517, 37.6698586777118], [-96.176768353911, 37.6692846327072], [-96.1737642842946, 37.6685826918684], [-96.1707007282402, 37.6678510078958], [-96.168205268568, 37.6672769630059], [-96.1647104349389, 37.6664352286379], [-96.1622090266229, 37.6658552351511], [-96.1597436685976, 37.6651247829414], [-96.1570515452519, 37.6642580215166], [-96.1546955858585, 37.6635382246208], [-96.1520279074683, 37.6626816287035], [-96.1495205505085, 37.6618934325434], [-96.1470812858473, 37.6611593557767], [-96.1446367067528, 37.6603646286266], [-96.141585047986, 37.659415818803], [-96.1396676685722, 37.6588491808625], [-96.1364580787919, 37.6578438746644], [-96.1343654533375, 37.6571775737409], [-96.1311035232171, 37.6561321630419], [-96.1270844282966, 37.6548943716668], [-96.1249500311816, 37.6542199365163], [-96.1214661848467, 37.6531199757796], [-96.118869784181, 37.6523129536831], [-96.1153721037908, 37.6512044298697], [-96.1121778850833, 37.6501567408808], [-96.1097657055262, 37.6493982879428], [-96.1074576290324, 37.6486785006076], [-96.1042751001017, 37.6476702045156], [-96.1013691831082, 37.6467570858919], [-96.0990938241554, 37.6460491969448], [-96.0966251324821, 37.6452788455257], [-96.0932106055444, 37.6441991660402], [-96.0903314583464, 37.6432919961223], [-96.0868817650603, 37.642250783066], [-96.0844690608871, 37.6414657595059], [-96.0818338080854, 37.6406388967808], [-96.0784490252651, 37.6395711140047], [-96.0757275171281, 37.6387115341706], [-96.0723367847657, 37.637646724945], [-96.0688176328435, 37.636567461663], [-96.0663613630739, 37.6357669509856], [-96.0628824637613, 37.6346978717469], [-96.0604888128553, 37.633958658732], [-96.0572540693487, 37.6329433396972], [-96.0551565031602, 37.6322848558066], [-96.0521364570066, 37.6313162546193], [-96.0505616195837, 37.6308199627479], [-96.0473170853388, 37.6298084426092], [-96.0441788208937, 37.628810071956], [-96.0414373423096, 37.6279669275377], [-96.0387897376728, 37.6271314566793], [-96.0362225151858, 37.6262372100549], [-96.0335426466572, 37.625422243896], [-96.0308806249583, 37.6245715868365], [-96.0268980016383, 37.623310472972], [-96.0243965942207, 37.6225311989545], [-96.0208690430506, 37.6214247495085], [-96.0182427132146, 37.6205949130017], [-96.015342744865, 37.6196758461589], [-96.0121393947826, 37.6186675485178], [-96.0089768991811, 37.6177173799196], [-96.006651250742, 37.616979562743], [-96.0035168490526, 37.6160023669681], [-96.0015835119661, 37.6153719954844], [-95.9985199559117, 37.6144112881381], [-95.9958341387393, 37.6135427849162], [-95.993175090464, 37.6127218707695], [-95.9903732756355, 37.6118355219216], [-95.987141099514, 37.6108446366766], [-95.9845554939031, 37.6100063104695], [-95.981033185301, 37.6089189629438], [-95.9787704288133, 37.6081533056286], [-95.9749048775344, 37.6069407886426], [-95.9717283457566, 37.6059029690743], [-95.96887260057, 37.6049647686452], [-95.9660973462296, 37.6040399375278], [-95.9628566738421, 37.6029817926909], [-95.9615354317222, 37.602560965557], [-95.9582540656524, 37.6014812355328], [-95.9561750047588, 37.6008135757667], [-95.9523108225125, 37.5995128881578], [-95.9501603850797, 37.5988049975793], [-95.9476054389694, 37.5979573150169], [-95.9444467037156, 37.5969371220078], [-95.9418441684549, 37.5960834898884], [-95.9393040939541, 37.5952655497155], [-95.9366688411524, 37.5943851497471], [-95.9343429178289, 37.5936266955997], [-95.9319485851015, 37.5928593199237], [-95.9298011219906, 37.5921544047236], [-95.9263776720873, 37.5910360581009], [-95.9240368771542, 37.5902835540816], [-95.9212301808805, 37.589402863118], [-95.9191186009736, 37.5887220677028], [-95.9160464525335, 37.5877150296571], [-95.9130531761753, 37.5867373775108], [-95.9105157049922, 37.5858956787724], [-95.9073747015838, 37.5848583828697], [-95.9049257701518, 37.5840859137073], [-95.9028714012505, 37.5834215647382], [-95.9000444030513, 37.5824947565921], [-95.8975982007012, 37.5817040524809], [-95.8952153295785, 37.5809220259663], [-95.8930846155561, 37.5802182300348], [-95.8905242373333, 37.5793743915849], [-95.8873575861252, 37.5783539858415], [-95.8842945106694, 37.5773421799076], [-95.8817568598233, 37.5765211624751], [-95.8791906425512, 37.5756702351599], [-95.8763432525951, 37.5747260297113], [-95.8737975330811, 37.5738385041203], [-95.8710552037925, 37.5729343089348], [-95.8682414907781, 37.5720182160408], [-95.8655348542506, 37.5711110467938], [-95.8628222690794, 37.5702365947798], [-95.8599698898802, 37.5693086050363], [-95.857287047928, 37.5684311790811], [-95.8546666658374, 37.5675894435628], [-95.851859956089, 37.5666795950649], [-95.8492177000213, 37.5658137716601], [-95.8462716993016, 37.5649312745364], [-95.8434428146404, 37.564033644733], [-95.840789011628, 37.5631966731684], [-95.8382216157662, 37.5623605787474], [-95.8357796938884, 37.561584280117], [-95.8327936462732, 37.5606683267693], [-95.8301046796074, 37.5597937350712], [-95.827382463598, 37.5589503609295], [-95.8244699466821, 37.5580445408159], [-95.8222555096752, 37.5573441605614], [-95.8196562335023, 37.5565140928356], [-95.8174720706188, 37.5558157627143], [-95.8146973534709, 37.5549339761106], [-95.8118584085768, 37.5540438460273], [-95.8091330996679, 37.5531865365168], [-95.8062510347418, 37.552266189039], [-95.8035640838955, 37.5514207526592], [-95.8010980287775, 37.5506256591016], [-95.7983993998325, 37.5497662448728], [-95.7962360266596, 37.549002879875], [-95.7934074420357, 37.5480778641099], [-95.7907692149121, 37.5472391036758], [-95.7855135809182, 37.5455199436259], [-95.7827325863431, 37.5446157480269], [-95.7799664615808, 37.5437502188116], [-95.7770337756902, 37.5428014085032], [-95.7742622071374, 37.5419298558316], [-95.7717156809363, 37.5410733258372], [-95.7691012474896, 37.5402226688668], [-95.7668080426053, 37.5394820611416], [-95.7636344366403, 37.5384529436734], [-95.7611835917968, 37.5376528509124], [-95.7581569412291, 37.5367146365758], [-95.7552756847868, 37.5357845396566], [-95.75239415885, 37.5348536489779], [-95.7500896208201, 37.5341072456266], [-95.7458474167224, 37.5327200630504], [-95.7432446380182, 37.5318881538711], [-95.739791514066, 37.5307717795753], [-95.7362733520873, 37.5296198398868], [-95.7340001652608, 37.5288981765841], [-95.7308665720552, 37.5278609781737], [-95.7280713742171, 37.5269565605928], [-95.7249865595315, 37.5259603720829], [-95.722050380991, 37.5249257090195], [-95.7192902057709, 37.5240453075181], [-95.7164199815387, 37.5231083946558], [-95.7138352922093, 37.5222696347595], [-95.7103196383269, 37.5211721090731], [-95.7080888942026, 37.520452321958], [-95.7057757278545, 37.5197097879675], [-95.7033537656439, 37.5188997236106], [-95.7007364486051, 37.5180720329662], [-95.6980696325976, 37.5172102741173], [-95.6955045184566, 37.5163507255454], [-95.6935593101337, 37.5157201685917], [-95.6916587157409, 37.5151044826641], [-95.6897075578758, 37.5144679768445], [-95.6871764063408, 37.5136470625726], [-95.6843716162921, 37.5127517908285], [-95.6816785101895, 37.5118909759761], [-95.6789359536271, 37.5110042504735], [-95.6761029888178, 37.5100659745813], [-95.6733988280473, 37.5092063280478], [-95.6707045864741, 37.5082992251487], [-95.6675785696596, 37.5073028245938], [-95.664975145965, 37.5064637901226], [-95.6622888239394, 37.5055962418186], [-95.659720360879, 37.5047663818833], [-95.6568174550384, 37.5038073815448], [-95.6544766628003, 37.5030257440425], [-95.653352665564, 37.5025759370642], [-95.6528642389676, 37.5022990166299]]}, "properties": {"OBJECTID_1": 7114, "OBJECTID": 5938, "ID": "148421", "TYPE": "AC; OVERHEAD", "STATUS": "IN SERVICE", "NAICS_CODE": "221121", "NAICS_DESC": "ELECTRIC BULK POWER TRANSMISSION AND CONTROL", "SOURCE": "IMAGERY, OpenStreetMap, KCC Electric Certified Areas and Transmission Lines map", "SOURCEDATE": 1412640000000, "VAL_METHOD": "IMAGERY", "VAL_DATE": 1418688000000, "OWNER": "NOT AVAILABLE", "VOLTAGE": 138, "VOLT_CLASS": "100-161", "INFERRED": "N", "SUB_1": "UNKNOWN118021", "SUB_2": "UNKNOWN118256", "SHAPE__Len": 143957.632707716, "GlobalID": "38ec652a-92b5-4a05-a329-6ab06daa2267", "Shape__Length": 143957.63268662727}}, {"type": "Feature", "id": 25643, "geometry": {"type": "LineString", "coordinates": [[-96.8771072105159, 37.8080869344876], [-96.8765603098827, 37.8081258255854], [-96.8742561760947, 37.8069652719776], [-96.8723583610895, 37.8059535627687], [-96.8696581520079, 37.804615353963], [-96.8668710129562, 37.8032054234769], [-96.8641763024625, 37.8018402240664], [-96.8620290351843, 37.8007576668714], [-96.8599589439689, 37.7997315450928], [-96.8576477682874, 37.7985714941525], [-96.8553991027732, 37.7974412131386], [-96.8524605481888, 37.7959540911205], [-96.8483709858242, 37.7939167454814], [-96.8465042722908, 37.7929863506017], [-96.8434019332705, 37.7925269545232], [-96.840009516567, 37.7919553099785], [-96.8378510077713, 37.7916133026213], [-96.8341298732508, 37.7910260077732], [-96.8315839686839, 37.7906020120974], [-96.8278450690803, 37.7900215250018], [-96.8251520258597, 37.7895849205594], [-96.8224999305447, 37.7891650085499], [-96.8198178862964, 37.7887304911709], [-96.8170434709825, 37.7882559458926], [-96.81394862481, 37.788288251558], [-96.8105419877755, 37.7882925820751], [-96.8076826834638, 37.7882967706077], [-96.8049469064868, 37.7882840637347], [-96.8024469193057, 37.7883010315521], [-96.7996682387907, 37.7882707740144], [-96.796150042676, 37.7882767231523], [-96.7936656107223, 37.7882925820751], [-96.7905378880071, 37.7882925820751], [-96.7877325032737, 37.7882737485834], [-96.7850288060338, 37.788292582785], [-96.7823132249811, 37.7882767238623], [-96.7793724291001, 37.7882880400016], [-96.7765160101771, 37.7882648241661], [-96.7735478893418, 37.7882529280176], [-96.7707849320392, 37.788258877157], [-96.7675608659081, 37.7882707725946], [-96.7647726695394, 37.7882882536877], [-96.7617544631354, 37.788258877157], [-96.7588695828893, 37.7882559018774], [-96.7560529961643, 37.7882529280176], [-96.7530700360588, 37.7882618495967], [-96.7501632791405, 37.7882923719385], [-96.7472218858799, 37.7882618510166], [-96.7446181100457, 37.7882588714776], [-96.7411516883324, 37.7876334858142], [-96.7381862058491, 37.7871070161675], [-96.7354498117295, 37.786604352642], [-96.7331120818482, 37.7861879641714], [-96.729822440498, 37.7855960655055], [-96.7273716235022, 37.7851558695423], [-96.724543035285, 37.7846502336499], [-96.7216816504751, 37.7841356608625], [-96.7179431622999, 37.7834545838616], [-96.7154338901319, 37.7830284048892], [-96.7122082950682, 37.7824254010157], [-96.709718909804, 37.7819763000399], [-96.7062479560901, 37.781345757821], [-96.7033212547759, 37.7808282318882], [-96.70001961912, 37.7802333416751], [-96.6973130131352, 37.7797396100972], [-96.6948027195828, 37.7792904928027], [-96.6918580941837, 37.7787580819818], [-96.6891753052321, 37.7782732746953], [-96.6864596819585, 37.7777884486087], [-96.6835572055126, 37.7772561306335], [-96.6808449338534, 37.7768248370707], [-96.6778736805927, 37.7762873878262], [-96.6750989436818, 37.7757853550759], [-96.6724507120209, 37.7752840886061], [-96.6699050571856, 37.7748559148584], [-96.6671775204547, 37.7743553521414], [-96.664213250697, 37.7738255919336], [-96.6612986308251, 37.7733005654826], [-96.6586476961334, 37.7728228479528], [-96.655946681263, 37.7723456698329], [-96.653108810754, 37.7718283620827], [-96.6505018279343, 37.7713576677079], [-96.6479237088829, 37.7708992676397], [-96.6450447665008, 37.7703525611517], [-96.6420976680398, 37.7697964474983], [-96.6395875810998, 37.7693681865829], [-96.6361046070291, 37.7687465445498], [-96.6327315373418, 37.7681657338351], [-96.630024486691, 37.7676824548558], [-96.6273509656582, 37.767194505077], [-96.6249949757221, 37.7667605679556], [-96.6212820275487, 37.7661002500004], [-96.6183503801106, 37.7655341886926], [-96.6157373785784, 37.76507044775], [-96.612357333473, 37.7646196818587], [-96.609256274552, 37.7641700934935], [-96.6063212009394, 37.7637261225761], [-96.6027548569221, 37.7632368108799], [-96.5998060148311, 37.7628012178661], [-96.5970624611387, 37.7624159328304], [-96.5936351242251, 37.7619224977181], [-96.5907414863032, 37.7614834518893], [-96.5878654850054, 37.7610670710561], [-96.58512946189, 37.7606715368148], [-96.5820322702164, 37.7602686159038], [-96.5792028321929, 37.7598484237231], [-96.5768102655534, 37.7595092350076], [-96.5739624435077, 37.7590870371661], [-96.5709544177108, 37.758673955951], [-96.5679225443381, 37.758199810035], [-96.5652861327096, 37.7578401461269], [-96.5623607671903, 37.7574227270444], [-96.5591184131566, 37.7569560190741], [-96.5565978815049, 37.7565802341073], [-96.5536909296522, 37.7561573057686], [-96.5509094949026, 37.75575253497], [-96.548140534159, 37.7553415147102], [-96.5458975945065, 37.75503930459], [-96.5437082618186, 37.7547294716167], [-96.5416146509123, 37.7543888325454], [-96.5388966363235, 37.7539903498604], [-96.5365382676485, 37.7536572637728], [-96.5341694389904, 37.7533365857882], [-96.5312465591094, 37.7528898331003], [-96.5285407786764, 37.7525122134648], [-96.5258432887952, 37.7521949966228], [-96.5233440660803, 37.7518053201399], [-96.5170287290715, 37.7508885645819], [-96.5138484216745, 37.7504271645451], [-96.5113906310572, 37.750070529874], [-96.5086737681085, 37.7496764611244], [-96.5048956498563, 37.7491282588514], [-96.5022167146772, 37.7487416325861], [-96.4984101701361, 37.7481785261414], [-96.4947119067227, 37.7476706534688], [-96.4927169362245, 37.7473307966311], [-96.4903862608131, 37.747026871761], [-96.4865781046944, 37.7464385166376], [-96.4843713797242, 37.7461321928852], [-96.4816675737882, 37.7457395607594], [-96.4785444756001, 37.7452874560115], [-96.47624525919, 37.7449483717313], [-96.4727538876679, 37.744433885629], [-96.4703812420682, 37.7441317126488], [-96.4677429475709, 37.7437564528494], [-96.4650922123052, 37.7433762229451], [-96.4622152659797, 37.7429258178507], [-96.4594137718498, 37.7425273039813], [-96.4575251906274, 37.7422566569411], [-96.4548258205723, 37.7418857400504], [-96.4510912553399, 37.7413487195673], [-96.4473980656112, 37.7407863517841], [-96.4451813917993, 37.7404780596184], [-96.4422439322612, 37.7400572797964], [-96.438956632819, 37.7395799698571], [-96.4363787392448, 37.7392102827399], [-96.433429570167, 37.7387822191237], [-96.4308695126428, 37.7383771145871], [-96.4285291390196, 37.7380440498649], [-96.4248601499046, 37.7375273390812], [-96.4223123346211, 37.7371476639794], [-96.4200407647621, 37.7368517647643], [-96.4171445819131, 37.7364093604926], [-96.413874230087, 37.7358965300016], [-96.4113790866218, 37.7355396555189], [-96.4089578978607, 37.735191645491], [-96.405936142213, 37.7347484959989], [-96.4034526004897, 37.7344079198297], [-96.4000281974738, 37.7331666886967], [-96.3974881301596, 37.7322654694757], [-96.39446614095, 37.7311708917327], [-96.3914859530454, 37.7301031397289], [-96.3886368544937, 37.7290830561202], [-96.3860368776349, 37.7281895380194], [-96.3837021409401, 37.7273310690679], [-96.3808964678475, 37.7263528819085], [-96.3785004355076, 37.7254861467497], [-96.3756326690659, 37.7244429519642], [-96.3727626774973, 37.7234139185432], [-96.3700376389812, 37.7224532878606], [-96.3673368477913, 37.7214991875748], [-96.3648009639314, 37.7205935998887], [-96.3619434966744, 37.7195677738445], [-96.3591646706325, 37.7185613085496], [-96.3567526051614, 37.7176980387614], [-96.3538326322286, 37.7166530245668], [-96.3514286497985, 37.7157927569273], [-96.3486115321692, 37.7147844545427], [-96.3457807610459, 37.7137713068214], [-96.3426050880574, 37.7126346604778], [-96.3399853806017, 37.7116809297746], [-96.3373793499961, 37.71068650688], [-96.3350271563404, 37.7098271087659], [-96.3323563473215, 37.7088723988513], [-96.3296377443361, 37.7078967950741], [-96.3264552306768, 37.706748710819], [-96.3237312135452, 37.7057732986956], [-96.3210786798523, 37.7048753367275], [-96.3185194074556, 37.7039170356671], [-96.3161314051561, 37.7030575938786], [-96.3136001485182, 37.7021563359678], [-96.3106168722057, 37.7010677214893], [-96.3081480610564, 37.700185367097], [-96.305417434121, 37.6995495084701], [-96.3030972357608, 37.6990081288401], [-96.3010985660003, 37.6985233320828], [-96.2990945719251, 37.6980624735899], [-96.2971238703127, 37.697644175107], [-96.294381859926, 37.6970090275155], [-96.2916469911458, 37.6963657947851], [-96.2887508002119, 37.6956790286382], [-96.2859709599719, 37.6950332638163], [-96.2833833295583, 37.6943889846746], [-96.2805135248393, 37.6937287809362], [-96.2751511242772, 37.6924914267865], [-96.2710939821112, 37.6915404110719], [-96.2689886436989, 37.6910637026291], [-96.2662450819217, 37.6904149930375], [-96.2632647817278, 37.6896329930634], [-96.2607343533365, 37.6890620860048], [-96.2570637238979, 37.6882143309241], [-96.2547496673193, 37.6876610990913], [-96.2519331093404, 37.6870067770948], [-96.2491430929849, 37.6863553768077], [-96.245496581515, 37.685492824534], [-96.2432747756278, 37.6849752957483], [-96.2402855928923, 37.6842703838292], [-96.2375583436224, 37.6836369011273], [-96.2345662961595, 37.6829582439926], [-96.2320558463002, 37.6823673395018], [-96.2285287802204, 37.6815370710902], [-96.2259681585541, 37.6809531538783], [-96.2230645142983, 37.680261724725], [-96.2196580120111, 37.6794686681258], [-96.2174185677033, 37.6789440366666], [-96.2137483577779, 37.6780840999273], [-96.2111120728119, 37.6774604776495], [-96.2079228613138, 37.6767009961274], [-96.205074283785, 37.6760255176904], [-96.2016132384886, 37.6752254451083], [-96.1987613327016, 37.6745583488688], [-96.1956815988872, 37.6738310418313], [-96.192930355616, 37.6731828655267], [-96.1902926701765, 37.6725216887483], [-96.1875566641291, 37.6718733751527], [-96.1846626111856, 37.671195220481], [-96.1818934734739, 37.6705349105397], [-96.1792345815055, 37.6699073644856], [-96.176757022562, 37.6693333319456], [-96.1737527876556, 37.6686313531697], [-96.1706893160428, 37.6678996888759], [-96.1681938096582, 37.6673256329852], [-96.1646989338083, 37.6664838885028], [-96.1621962669526, 37.6659036031362], [-96.1597289029893, 37.6651725569212], [-96.1570365775226, 37.6643057306321], [-96.1546806369939, 37.6635859384656], [-96.1520127681608, 37.6627292819422], [-96.1495058486806, 37.6619412235367], [-96.1470663504573, 37.6612070761286], [-96.1446215548689, 37.6604122790858], [-96.1415705401941, 37.659463668995], [-96.1396531095764, 37.6588970157742], [-96.1364430221294, 37.657891553766], [-96.1343502376732, 37.6572252027768], [-96.1310885339283, 37.6561798638672], [-96.1270695369242, 37.6549421031577], [-96.1249349709258, 37.6542676151003], [-96.1214512368804, 37.6531676899195], [-96.1188548101635, 37.6523606590956], [-96.1153567587691, 37.6512520179292], [-96.1121625939605, 37.6502043466816], [-96.109750763848, 37.6494460030515], [-96.107442635252, 37.6487261998197], [-96.1042600551173, 37.6477178880161], [-96.1013542620913, 37.6468048076763], [-96.0990789498509, 37.6460969326985], [-96.0966101485831, 37.6453265476324], [-96.0931955560685, 37.6442468467899], [-96.0903167205859, 37.6433397756153], [-96.0868668036193, 37.6422984949419], [-96.0844538407312, 37.6415133879492], [-96.0818188017285, 37.6406865919085], [-96.0784339739925, 37.6396187948796], [-96.0757124972965, 37.6387592248448], [-96.0723219652584, 37.6376944774801], [-96.0688025546215, 37.636615135929], [-96.0663462722755, 37.6358146207856], [-96.0628677439671, 37.6347456560557], [-96.0604739493306, 37.6340063986979], [-96.0572390935346, 37.6329910447449], [-96.0551413800224, 37.6323325136121], [-96.0521213078176, 37.6313639045089], [-96.0505466653291, 37.6308676741387], [-96.0473020646089, 37.6298561340176], [-96.0441638926903, 37.6288577917516], [-96.0414224689035, 37.6280146649497], [-96.0387739875109, 37.6271789171561], [-96.0362070111623, 37.6262847557682], [-96.0335277624713, 37.6254699786734], [-96.0308654676845, 37.6246192339354], [-96.0268830186377, 37.6233581749534], [-96.0243816758988, 37.6225789220697], [-96.020854028609, 37.6214724427387], [-96.018227627806, 37.6206425825722], [-96.0153276855075, 37.6197235241457], [-96.0121246947513, 37.6187153395755], [-96.0089621452508, 37.6177651545108], [-96.0066362497751, 37.6170272595364], [-96.0035016576429, 37.6160500039046], [-96.0015682810305, 37.6154196207279], [-95.9985047824682, 37.614458931075], [-95.9958190721953, 37.6135904618546], [-95.9931601757353, 37.6127695944884], [-95.9903584076192, 37.6118832611532], [-95.9871260608178, 37.6108923231726], [-95.9845404084945, 37.6100539818472], [-95.9810177944652, 37.6089665396587], [-95.9787549319763, 37.6082008465393], [-95.9748896313274, 37.6069884086107], [-95.971712778851, 37.6059504836681], [-95.9688568935273, 37.6050122375793], [-95.966081682306, 37.6040874205741], [-95.9628413270238, 37.6030293796087], [-95.9615200301067, 37.6026085349515], [-95.9582386083413, 37.6015287871131], [-95.9561593848527, 37.6008610751067], [-95.9522950310281, 37.5995603285428], [-95.9501446951049, 37.5988524725791], [-95.9475898828436, 37.598004833974], [-95.9444312293366, 37.5969846665279], [-95.9418287138387, 37.5961310420716], [-95.9392885090823, 37.5953130597151], [-95.936653169144, 37.5944326311259], [-95.9343275368746, 37.5936742721299], [-95.9319331583331, 37.5929068805734], [-95.9297855622716, 37.5922019216921], [-95.9263622578953, 37.591083622763], [-95.9240217405417, 37.5903312074901], [-95.921215024505, 37.5894505106839], [-95.9191031418659, 37.5887696174716], [-95.9160309035942, 37.5877625508836], [-95.9130375427944, 37.5867848708874], [-95.9104999934579, 37.5859431470591], [-95.9073593412908, 37.5849059657172], [-95.9049105571825, 37.5841335440324], [-95.9028559196849, 37.5834691079266], [-95.9000289259773, 37.5825423010843], [-95.8975827155423, 37.5817515946305], [-95.8951996926043, 37.5809695180698], [-95.8930689498359, 37.5802657119085], [-95.8905087440896, 37.5794219309506], [-95.8873420767119, 37.5784015201631], [-95.8842789743066, 37.5773897049081], [-95.8817412956127, 37.5765686787442], [-95.8791749058641, 37.5757176935914], [-95.8763271529886, 37.5747733691341], [-95.8737814730005, 37.5738858569228], [-95.8710396359886, 37.5729818239328], [-95.8682258061932, 37.5720656924636], [-95.8655192379377, 37.5711585465789], [-95.8628068638705, 37.5702841627636], [-95.8599543840601, 37.5693561401479], [-95.8572716310411, 37.5684787425218], [-95.8546513109343, 37.5676370274779], [-95.851844461947, 37.5667271339904], [-95.8492027385803, 37.5658614848789], [-95.8462569633377, 37.5649790559663], [-95.8434277337234, 37.5640813170799], [-95.840773751048, 37.5632442876606], [-95.8382062994906, 37.5624081759718], [-95.8357647881429, 37.5616320067262], [-95.8327785806276, 37.5607160048302], [-95.8300895474865, 37.5598413916163], [-95.8273676404975, 37.5589981127258], [-95.8244549843427, 37.5580922497529], [-95.8222403658762, 37.5573918115519], [-95.8196410151431, 37.5565617208564], [-95.8174568854973, 37.5558634011514], [-95.8146823030966, 37.5549816571287], [-95.8118434282712, 37.5540915489798], [-95.8091179926997, 37.5532342001364], [-95.8062359259771, 37.5523138518228], [-95.8035489086554, 37.551468394618], [-95.8010827708924, 37.5506732737929], [-95.7983834906688, 37.5498136528613], [-95.796219935138, 37.5490502228255], [-95.793392097014, 37.5481254505156], [-95.7907538680938, 37.5472866906168], [-95.7854980786913, 37.5455674796705], [-95.7827173895434, 37.5446633836515], [-95.7799513007138, 37.5437978649609], [-95.7770185806872, 37.5428490445749], [-95.7742467354532, 37.5419774048496], [-95.7716999747919, 37.5411207956251], [-95.7690858297044, 37.5402702317949], [-95.7667926481763, 37.5395296316652], [-95.7636189667528, 37.5385004906349], [-95.7611684309297, 37.537700498109], [-95.7581418576172, 37.5367623085912], [-95.7552603200022, 37.5358321210871], [-95.7523787707091, 37.5349012217418], [-95.7500741482376, 37.5341547917973], [-95.745832035768, 37.5327676386001], [-95.7432293361156, 37.5319357548846], [-95.7397760441785, 37.53081932716], [-95.7362580079639, 37.5296674281], [-95.7339847438823, 37.528945741036], [-95.7308510195227, 37.5279084976924], [-95.7280559950595, 37.5270041369692], [-95.7249705659262, 37.5260077489009], [-95.7220344718273, 37.5249731157048], [-95.7192748508678, 37.5240928921632], [-95.7164045080579, 37.5231559400007], [-95.7138201250541, 37.522317279672], [-95.7103045106975, 37.5212197660862], [-95.7080735761304, 37.520499918157], [-95.7057601564573, 37.519757301991], [-95.7033382966547, 37.5189472730624], [-95.7007212239577, 37.5181196584714], [-95.6980540019116, 37.5172577690694], [-95.6954888662111, 37.5163982124943], [-95.69354389684, 37.5157677336077], [-95.6916432575315, 37.5151520338218], [-95.6896920915816, 37.5145155248451], [-95.6871610909635, 37.5136946595496], [-95.6843564015262, 37.5127994197291], [-95.6816632064903, 37.5119385769233], [-95.6789204028912, 37.5110517707526], [-95.6760875539646, 37.5101135339373], [-95.6733832755148, 37.5092538494715], [-95.6706890168736, 37.5083467407364], [-95.6675633090796, 37.5073504391562], [-95.6649597937568, 37.5065113745775], [-95.6622734546632, 37.5056438211254], [-95.6597048326011, 37.5048139096967], [-95.6568016949951, 37.5038548330031], [-95.6544594420963, 37.5030727071182], [-95.6533309478937, 37.5026211009654], [-95.6528642389676, 37.5022990166299]]}, "properties": {"OBJECTID_1": 25643, "OBJECTID": 36465, "ID": "123794", "TYPE": "AC; OVERHEAD", "STATUS": "IN SERVICE", "NAICS_CODE": "221121", "NAICS_DESC": "ELECTRIC BULK POWER TRANSMISSION AND CONTROL", "SOURCE": "IMAGERY, OpenStreetMap, KCC Electric Certified Areas and Transmission Lines map", "SOURCEDATE": 1415145600000, "VAL_METHOD": "IMAGERY", "VAL_DATE": 1443484800000, "OWNER": "NOT AVAILABLE", "VOLTAGE": 138, "VOLT_CLASS": "100-161", "INFERRED": "N", "SUB_1": "UNKNOWN118021", "SUB_2": "UNKNOWN118256", "SHAPE__Len": 143962.453111132, "GlobalID": "3f15fbdd-68f2-411c-9a05-658b8fd60d13", "Shape__Length": 143962.45308874306}}, {"type": "Feature", "id": 30902, "geometry": {"type": "LineString", "coordinates": [[-96.9248452621556, 37.8242620216634], [-96.9246984810315, 37.8238941195313], [-96.9248269715581, 37.823622860596], [-96.9243308535863, 37.8226663175711], [-96.9233564644723, 37.8209031366557], [-96.922125094305, 37.8200893614897], [-96.9198907802759, 37.818593869848], [-96.9175922196359, 37.8184832257357], [-96.9150402487458, 37.8183725807478], [-96.9118708055739, 37.8182298126392], [-96.9110577817327, 37.8182070745717], [-96.9110489998025, 37.8166909997811], [-96.9095259996631, 37.8167810001118], [-96.9036630003325, 37.816367000095], [-96.8989089999663, 37.8165670000604], [-96.896462999737, 37.8168039997687], [-96.8939849997207, 37.8166589996214], [-96.8929340507884, 37.816276384701], [-96.890893437789, 37.8152487306494], [-96.8900005627022, 37.8146463090917], [-96.8891959417022, 37.8142480418745], [-96.8882898101768, 37.8138212059469], [-96.8873217730502, 37.8133100767292], [-96.8863051586263, 37.8128056916606], [-96.8853072902458, 37.8122949897429], [-96.8843017475578, 37.8117949751383], [-96.8833055563319, 37.8112969535329], [-96.882328278236, 37.8108082526659], [-96.8813134505612, 37.8103008825018], [-96.8802248298791, 37.8097564866006], [-96.879390964225, 37.8093417921221], [-96.8783995376634, 37.8088531677398], [-96.8775115808528, 37.808294504138], [-96.8771072105159, 37.8080869344876]]}, "properties": {"OBJECTID_1": 30902, "OBJECTID": 43342, "ID": "132045", "TYPE": "AC; OVERHEAD", "STATUS": "IN SERVICE", "NAICS_CODE": "221121", "NAICS_DESC": "ELECTRIC BULK POWER TRANSMISSION AND CONTROL", "SOURCE": "IMAGERY, OpenStreetMap, KCC Electric Certified Areas and Transmission Lines map", "SOURCEDATE": 1412640000000, "VAL_METHOD": "IMAGERY", "VAL_DATE": 1577923200000, "OWNER": "NOT AVAILABLE", "VOLTAGE": 138, "VOLT_CLASS": "100-161", "INFERRED": "N", "SUB_1": "UNKNOWN118021", "SUB_2": "UNKNOWN118990", "SHAPE__Len": 6358.15858514776, "GlobalID": "792ee053-5ca4-4d8e-8470-a5eb274672d4", "Shape__Length": 6358.1585516193545}}, {"type": "Feature", "id": 30382, "geometry": {"type": "LineString", "coordinates": [[-95.6874427379579, 38.24315539175], [-95.6886281817563, 38.2433527271356], [-95.6889345620654, 38.2433537826035], [-95.6888470122578, 38.2461029135085], [-95.6888232167843, 38.2488868825312], [-95.6902413763435, 38.2513853166842], [-95.6916928472302, 38.2539123044732], [-95.6930729334927, 38.2564154980208], [-95.6944815745032, 38.2588996547134], [-95.6957997964871, 38.26119345549], [-95.6971091413194, 38.2635381447178], [-95.6984505155831, 38.2658286456088], [-95.6997354253413, 38.2680843748868], [-95.7010822002765, 38.2704305230454], [-95.7023337969108, 38.2726529397523], [-95.7036662949211, 38.2749800531363], [-95.7049460348749, 38.2772312916825], [-95.7062123180657, 38.2794724751387], [-95.7073467016233, 38.2817395341498], [-95.7087821357855, 38.2839744148796], [-95.7098148219681, 38.2858399129094], [-95.7110711778767, 38.2844074769393], [-95.7124036758871, 38.2828751038818], [-95.7137409331719, 38.2814141147152], [-95.7150781895583, 38.279962644166], [-95.7164011699183, 38.2784921370288], [-95.7178193285793, 38.276912174872], [-95.7192279695898, 38.2753369716894], [-95.7206699228259, 38.2737950804937], [-95.72210235931, 38.2721580117379], [-95.7235633478471, 38.2705637726536], [-95.7250243372824, 38.2689600161089], [-95.7264758081691, 38.2673181876513], [-95.7278648515333, 38.2657190645604], [-95.7292898490685, 38.2641236367287], [-95.730578212849, 38.2626812326009], [-95.7317296581088, 38.2612267679193], [-95.7329717370926, 38.259841922056], [-95.7318724255603, 38.2580716029844], [-95.7309677214579, 38.2563430618771], [-95.7299212676952, 38.2545024106046], [-95.7287743670124, 38.2526559499977], [-95.7278701722547, 38.2511997185233], [-95.7267470670455, 38.2493675338104], [-95.725723897615, 38.2476733579473], [-95.7246436231802, 38.2459030387264], [-95.7235538301966, 38.2441374788582], [-95.7225259032884, 38.2424337847702], [-95.7215027347562, 38.2407538857149], [-95.720479566224, 38.2391310924977], [-95.7195706121919, 38.2376605856638], [-95.7215170107827, 38.2367801855066], [-95.7234158211212, 38.2359093030985], [-95.7252718006853, 38.2350860091088], [-95.7272895839001, 38.234158019986], [-95.7291883942386, 38.2332966546826], [-95.7308159448024, 38.2324495668253], [-95.7326454159808, 38.2316502684836], [-95.7344993509793, 38.2307744260258], [-95.7363521343377, 38.2299563599773], [-95.7381542033066, 38.2291040437535], [-95.7399863882955, 38.228275991992], [-95.7421136258378, 38.2272908947246], [-95.744236105004, 38.2263391111247], [-95.7464369810433, 38.2253750916222], [-95.7485714832613, 38.2243736757316], [-95.7507129977283, 38.2234076146457], [-95.7528838305113, 38.2224349407471], [-95.7550822775062, 38.2214754949199], [-95.7572195492301, 38.2204953580118], [-95.7593694773181, 38.2194815037127], [-95.7615989260717, 38.2185008847224], [-95.7637712320918, 38.2175447747458], [-95.7658701637195, 38.2165785615773], [-95.7676833143058, 38.2157600267415], [-95.7696439898213, 38.2148701091049], [-95.7714856915623, 38.2140372969624], [-95.7736117370402, 38.2130277315913], [-95.775753410509, 38.212044163484], [-95.777947455759, 38.2110673588537], [-95.7801454149686, 38.2100385708143], [-95.7822836856192, 38.2091308485148], [-95.7845536915112, 38.2081029217916], [-95.7866761715757, 38.207132101642], [-95.7887650582419, 38.2061455816044], [-95.7909198471139, 38.2051789326135], [-95.793070234241, 38.20420217703], [-95.795225023113, 38.2032080420998], [-95.7973972393016, 38.2022174938156], [-95.7995871271484, 38.2012643508543], [-95.8018285791908, 38.2002744947763], [-95.8039096657853, 38.199269558765], [-95.805992636147, 38.1986041125736], [-95.8081055967644, 38.1979902121285], [-95.8102804252538, 38.1973763107433], [-95.8124838057962, 38.1967386155221], [-95.8146253202632, 38.1961199558369], [-95.8167858709295, 38.1954870185828], [-95.8189559401445, 38.19487311798], [-95.8210308301602, 38.194259217144], [-95.8231771030033, 38.1936405575751], [-95.8255055245417, 38.1930031678207], [-95.8278435697316, 38.1923311795554], [-95.8301597858602, 38.1916352507325], [-95.8324889377289, 38.1909804770944], [-95.8348051538574, 38.1902982325679], [-95.8370035110207, 38.1896296789793], [-95.8393066117462, 38.1889577294875], [-95.8416272296196, 38.1882823861169], [-95.843930330345, 38.1876240520011], [-95.8462334310705, 38.1869452357976], [-95.8485844120005, 38.1862595635821], [-95.8509268589354, 38.1855704257916], [-95.8529900196485, 38.1849704617831], [-95.8553569339967, 38.1843035525207], [-95.8575341475132, 38.1836327556889], [-95.8596904635212, 38.182983064733], [-95.8618930427663, 38.1823732636685], [-95.864090950772, 38.1817163597174], [-95.8663580290545, 38.1810521759891], [-95.8687037099244, 38.1803770410761], [-95.8708369392296, 38.1797345936617], [-95.8730810206409, 38.1790921419951], [-95.8752697658306, 38.1784423399333], [-95.8775045047629, 38.1777999467828], [-95.8798594382802, 38.1770993596468], [-95.8821258697757, 38.1763894647301], [-95.8839580547646, 38.1758517068056], [-95.8857854804791, 38.1753187081409], [-95.8879888619198, 38.174685770915], [-95.8900209220594, 38.1740813875704], [-95.8923004456019, 38.1734103801026], [-95.8944419600689, 38.1727822017022], [-95.8967262428858, 38.1721016765835], [-95.8991485338797, 38.1714116329752], [-95.9013376374973, 38.1707644199714], [-95.9037599302879, 38.1700791350416], [-95.9059204800558, 38.1694414388428], [-95.9083168088397, 38.1687794335987], [-95.9104536305077, 38.168101572537], [-95.9128316516262, 38.1674154404817], [-95.9147954586688, 38.1668381387574], [-95.9170796049417, 38.1661666867476], [-95.9193293457393, 38.1655162750378], [-95.921549531964, 38.1648693889638], [-95.9237023445424, 38.1641527858975], [-95.9261411807072, 38.1632457566197], [-95.9282513233096, 38.1625429805705], [-95.9302968770431, 38.1618204929103], [-95.9324532828826, 38.1610653644889], [-95.9347167167001, 38.1603281040926], [-95.936782817599, 38.1595513335226], [-95.9389222309066, 38.1588107415209], [-95.9411617309099, 38.1580264815611], [-95.9431056851848, 38.1573293767268], [-95.9454236081124, 38.1565378245337], [-95.9477462022795, 38.1557572839216], [-95.9499452682136, 38.1550171471482], [-95.9519868451052, 38.1543080670787], [-95.9539075671502, 38.1536101517813], [-95.9561556613358, 38.1528518365132], [-95.9582940406826, 38.1520415807941], [-95.9604577264692, 38.1512718751582], [-95.9625706879849, 38.1505437600429], [-95.9649854142659, 38.1497170851655], [-95.9671344943442, 38.1489352437573], [-95.969114206059, 38.1482452005768], [-95.9714662164583, 38.1474667838345], [-95.9737426381181, 38.1466678480179], [-95.9757650153173, 38.145970634611], [-95.9778482075628, 38.1452053821336], [-95.9799194540117, 38.144628963578], [-95.9820612173122, 38.1440845458428], [-95.9840721859072, 38.1435427366609], [-95.9861130675029, 38.1430016306614], [-95.9881539508952, 38.1424424348304], [-95.9903472765945, 38.1418686798916], [-95.9918960628742, 38.1414881516258], [-95.9938670555408, 38.1409215257386], [-95.9959264442279, 38.1404058344857], [-95.9983367139668, 38.1397593615336], [-96.0007240766658, 38.1391274375189], [-96.0031112597019, 38.1384919760222], [-96.0054337640374, 38.1378890794972], [-96.007719436548, 38.1372752278024], [-96.0100281077265, 38.1366506305103], [-96.0123876226518, 38.1360114725887], [-96.0145255231965, 38.1354521518222], [-96.0166541710937, 38.1348819447594], [-96.0190044324733, 38.1342572570317], [-96.0213719280315, 38.1336591048957], [-96.0235295169523, 38.1330332309252], [-96.025838277064, 38.1324230826692], [-96.0282208786921, 38.1317874907176], [-96.0304649601033, 38.131188143948], [-96.0328429803234, 38.1305452637618], [-96.0351563218431, 38.1299351646633], [-96.0374188187177, 38.1293357320206], [-96.0396900292505, 38.1287276727686], [-96.0417012673401, 38.1282010837108], [-96.043836652602, 38.1276167591075], [-96.046133554952, 38.12699653108], [-96.0484363861828, 38.1263847777087], [-96.0507468530936, 38.1257704745053], [-96.0527138042397, 38.1252437948616], [-96.0546855155585, 38.1247206440943], [-96.0566664813213, 38.1241867480171], [-96.0586426851149, 38.1236636596373], [-96.0608682612313, 38.1230642461653], [-96.0630523351816, 38.1224794557203], [-96.065277911298, 38.121887381541], [-96.0674435697849, 38.1213133936198], [-96.0694521129287, 38.1207721941718], [-96.0717008655794, 38.1201654770328], [-96.0740787061365, 38.1195334540395], [-96.0764660688355, 38.1188867255307], [-96.0788024072265, 38.118269249587], [-96.0809032971815, 38.1177097935734], [-96.0830181110233, 38.1171503325669], [-96.0851329248652, 38.1165800539187], [-96.0874001828108, 38.1158134316829], [-96.089653427038, 38.1150723878886], [-96.0919252654932, 38.114316775552], [-96.0942108499689, 38.1135574815316], [-96.0964549304818, 38.1128017835494], [-96.0987682728998, 38.1120424730722], [-96.1010123543111, 38.1112940395219], [-96.1033586370522, 38.110540261152], [-96.1055429822937, 38.1098311821293], [-96.1076153309755, 38.1090851644772], [-96.1098831189271, 38.1083844699391], [-96.1120198750181, 38.1076849081083], [-96.1135424906786, 38.107118495516], [-96.115408226845, 38.1065427671653], [-96.1172737249578, 38.105933624625], [-96.1189003269007, 38.1053138577834], [-96.1211675848463, 38.1045616795594], [-96.1229267556672, 38.1039767416552], [-96.125046150917, 38.10327183952], [-96.1272486403306, 38.1025342736299], [-96.1293034467115, 38.1018583410997], [-96.1314043366665, 38.1011534899241], [-96.1335376558032, 38.1004485605512], [-96.1356201302948, 38.0997363445332], [-96.1373609745856, 38.0991695345283], [-96.1396880612274, 38.0983919856198], [-96.1419598107494, 38.0976251724935], [-96.1442039819922, 38.0968802680622], [-96.1464526448114, 38.0961389607921], [-96.1486782209278, 38.0953940405049], [-96.1508946342284, 38.0946454356868], [-96.1531941416926, 38.0938714435081], [-96.1554428045118, 38.0931337827329], [-96.1576776332757, 38.0923815498245], [-96.1599263859264, 38.0916256327912], [-96.1621658859297, 38.0908915536561], [-96.1643960425558, 38.0901429748365], [-96.1666724642156, 38.0893870346527], [-96.1688703722212, 38.088645650673], [-96.1710959483376, 38.0879115430254], [-96.1733816217465, 38.0871483679577], [-96.1756118691024, 38.0864033560401], [-96.1778836186244, 38.0856364885436], [-96.1801438427614, 38.0849325019082], [-96.1824899916535, 38.0841663161534], [-96.1847219260455, 38.0834144060167], [-96.1870633156633, 38.0826387018562], [-96.1895189197812, 38.0820438355909], [-96.1919650062487, 38.081444212099], [-96.1939877167229, 38.0808779256173], [-96.1960707302037, 38.0803632259062], [-96.1985405582458, 38.0797518597735], [-96.2007253508483, 38.0792153715283], [-96.203180535453, 38.0786123405534], [-96.2053673052475, 38.0780753496658], [-96.2077563747456, 38.077488642661], [-96.2098761293215, 38.0769646555797], [-96.2121728520085, 38.0764021947071], [-96.2141547151883, 38.0759137687232], [-96.2164834178993, 38.0753348944973], [-96.2188492210316, 38.0747580671604], [-96.2212381108666, 38.0741756479597], [-96.2235818145446, 38.0736042559902], [-96.2259261488398, 38.0730326466967], [-96.2282508091321, 38.0724435669506], [-96.2304931837443, 38.0718945785921], [-96.2327923318825, 38.0713229566448], [-96.2347152655797, 38.0708575520938], [-96.2370748272173, 38.0703226117312], [-96.2394327000223, 38.0696842785332], [-96.2417372155943, 38.0691070756569], [-96.2440072592156, 38.0685663367288], [-96.2463357822635, 38.0679867685568], [-96.2488008106071, 38.0674149095607], [-96.2508757006228, 38.0663489117853], [-96.2529791444881, 38.0652781535269], [-96.2550778290791, 38.0642073965719], [-96.2570956122939, 38.0631747105465], [-96.2591705023096, 38.0621372654991], [-96.2612453923253, 38.0610760258766], [-96.263320282341, 38.0600052689617], [-96.265366618507, 38.058977341135], [-96.2674177139475, 38.0579161016609], [-96.2693471155147, 38.0568635307234], [-96.2711367401221, 38.0559334535305], [-96.2731864261059, 38.0548827596843], [-96.2752228170234, 38.0538485337059], [-96.2772586689518, 38.0528146460923], [-96.2792450237081, 38.0518058559313], [-96.2813478001251, 38.0507206535459], [-96.2833957793099, 38.0496658526756], [-96.2854822054905, 38.0486027605858], [-96.2874600271498, 38.0475947619942], [-96.2896544317259, 38.046478653099], [-96.2918280852188, 38.0453633761215], [-96.2940215016481, 38.0442512657015], [-96.2961362256584, 38.0431669417781], [-96.298108745461, 38.0421699749941], [-96.3000160484722, 38.0412033457144], [-96.3016039105684, 38.0403836499348], [-96.3035844271736, 38.03936089148], [-96.3057999421589, 38.0382279597661], [-96.3078566350019, 38.0371761634706], [-96.3098133444554, 38.0361755781677], [-96.3117622394643, 38.035178091674], [-96.3136668475297, 38.0342049306741], [-96.3155404646161, 38.033249164163], [-96.3174530200768, 38.0323273775561], [-96.3191789110114, 38.0313920759132], [-96.3210043775002, 38.0304598346752], [-96.322554420523, 38.0296715767116], [-96.3247294116074, 38.0286201776325], [-96.3267947839727, 38.0275636969337], [-96.3285888974615, 38.0266452247681], [-96.330811314203, 38.0255078427675], [-96.3327481960416, 38.0245179866118], [-96.3347041131811, 38.023509096024], [-96.3366409941214, 38.0225335168908], [-96.3386730524644, 38.0214913128037], [-96.340681318927, 38.0204824208804], [-96.3427704849692, 38.0193926277108], [-96.3445683552125, 38.0183727395947], [-96.3467653649029, 38.0172476927639], [-96.348589213526, 38.0162957376399], [-96.3502363653292, 38.0154718705957], [-96.3519079495116, 38.0146273289674], [-96.3539684161771, 38.0135678324931], [-96.35602627683, 38.0124998289831], [-96.3580123584984, 38.0114172298128], [-96.3601786215515, 38.0103649530298], [-96.3622202002398, 38.0093179901093], [-96.3643787225102, 38.0082653816695], [-96.3659646981443, 38.0074515467603], [-96.3679819549463, 38.006416578716], [-96.370138899775, 38.0053097526817], [-96.3720167380449, 38.0043462470014], [-96.3739365276386, 38.0033731726918], [-96.3758389797473, 38.0024088629192], [-96.3777581405203, 38.0014360460469], [-96.379655651895, 38.0004742591593], [-96.3815563972046, 37.9995002840033], [-96.3830733822249, 37.9987228777511], [-96.3845427565352, 37.9979698865788], [-96.3867055395149, 37.9968615880118], [-96.388813706722, 37.995781234946], [-96.3908295262196, 37.9947481558929], [-96.3928004299529, 37.9937381405119], [-96.3947189619052, 37.9927549440262], [-96.3967747321784, 37.9917956386789], [-96.3986497479417, 37.9908295780747], [-96.4005580750324, 37.9898444806171], [-96.4026186890216, 37.9888022769176], [-96.4045936405636, 37.9877981445675], [-96.4066780491281, 37.9867369045613], [-96.408743420595, 37.985694700614], [-96.4107612038098, 37.9846762914993], [-96.4122983362453, 37.9838815518488], [-96.4144826805884, 37.9827679637129], [-96.4164005271262, 37.9818019024792], [-96.4178443820958, 37.9809815358366], [-96.419332022749, 37.9801648335087], [-96.4208977081358, 37.9793605758266], [-96.4227414580357, 37.9784757896491], [-96.424481315078, 37.9775853620064], [-96.4264830310256, 37.9765610905074], [-96.4286447369253, 37.9754548746876], [-96.4305717130412, 37.9744687415921], [-96.4326556248373, 37.9734023638779], [-96.4346875241785, 37.9723625255485], [-96.4367069369372, 37.9713290459187], [-96.4388411534909, 37.9702368445276], [-96.4409028777978, 37.9691817355013], [-96.4429369330956, 37.9681407751031], [-96.4450586639652, 37.9670548285515], [-96.447027771068, 37.9660468405776], [-96.4488724615039, 37.9651026500179], [-96.4508313278125, 37.9640998761353], [-96.4528356488744, 37.9630738576346], [-96.4549171352192, 37.9620082351243], [-96.4569516396747, 37.9609667480685], [-96.4590354616393, 37.9598999610433], [-96.4610920646507, 37.9588470407947], [-96.463121269046, 37.9578082705275], [-96.4652503661009, 37.9567181345674], [-96.4673005012423, 37.9556620528484], [-96.4693806401142, 37.9545905846898], [-96.4714384109356, 37.9535305758557], [-96.4734913308544, 37.9524730309175], [-96.4750980575715, 37.9516452586931], [-96.4772654228575, 37.950528751846], [-96.4792934585447, 37.9494839844734], [-96.4813113450657, 37.9484444456684], [-96.4833206068617, 37.9474074416486], [-96.4854715212999, 37.9463717285726], [-96.4874893036163, 37.9453342837128], [-96.4894404614814, 37.9443301510826], [-96.491534386798, 37.9432546347436], [-96.4930191708086, 37.9423409214867], [-96.4952035160501, 37.941217815733], [-96.4972260576409, 37.9401708529306], [-96.4987774670012, 37.9393713544665], [-96.5006191696406, 37.9384290881088], [-96.5026467822212, 37.93745297454], [-96.5046737704727, 37.9363494385623], [-96.5067010722362, 37.9353119939131], [-96.5087662855996, 37.9342973835526], [-96.5105510395415, 37.9333084878742], [-96.5135090309737, 37.9333680875877], [-96.5153224600377, 37.933384950476], [-96.5178921807395, 37.9334088277525], [-96.5204667523438, 37.9334327765822], [-96.5226984370041, 37.9334535356291], [-96.5251552385763, 37.9334763508062], [-96.5275747618609, 37.9334988818583], [-96.5300101835294, 37.9335215546082], [-96.5324450680053, 37.9335441557901], [-96.5348811184944, 37.9335716464815], [-96.537058905136, 37.9335962329285], [-96.5392744201213, 37.9336212437721], [-96.5416456131452, 37.9336375397846], [-96.5437261113432, 37.9336518519318], [-96.5462215404727, 37.933688269957], [-96.5482811088229, 37.9337183821238], [-96.5496862535903, 37.9337388576816], [-96.5520687644886, 37.9337704577216], [-96.5534815458342, 37.9337891626716], [-96.5556574451154, 37.9338040416057], [-96.5580230685846, 37.9338203375777], [-96.560651718769, 37.9338383347033], [-96.5621966404963, 37.9338489625066], [-96.5642566580042, 37.9338631329085], [-96.5663325747942, 37.9338773741597], [-96.5688055469399, 37.9338943786352], [-96.5710704692657, 37.9339222935988], [-96.5732583161402, 37.9339501391168], [-96.5750497355815, 37.9339631758688], [-96.5776408370853, 37.9339819516216], [-96.5797972429248, 37.9339976807392], [-96.5824312830009, 37.9340167398907], [-96.5847218971439, 37.9340334609265], [-96.587125070192, 37.9340508897683], [-96.5895766615356, 37.9340687451338], [-96.5920013052173, 37.9340863865226], [-96.5944045680968, 37.9341037459171], [-96.5968454694885, 37.9341215297095], [-96.5992862828453, 37.9341392426459], [-96.6017108357972, 37.9341568847263], [-96.6041679077623, 37.9341802657901], [-96.6065388312917, 37.9342028667696], [-96.6089759606575, 37.9342260359724], [-96.6114205460402, 37.9342395686369], [-96.6134912526016, 37.9342510466018], [-96.6159963835361, 37.9342649335198], [-96.6184757346186, 37.9342786787319], [-96.6209690985212, 37.9343041845959], [-96.6234271586331, 37.9343292667588], [-96.6258080525638, 37.9343663929636], [-96.6282434760289, 37.9344042276644], [-96.6306787189326, 37.9344422749002], [-96.6330927615957, 37.9344798261563], [-96.6355497437293, 37.9345181567584], [-96.6379478862118, 37.9345555655646], [-96.6403992089591, 37.9345937551332], [-96.642813071959, 37.9346313771633], [-96.6453290725085, 37.934670557901], [-96.6476733169722, 37.9347070455642], [-96.650162458793, 37.9347458727144], [-96.6523831840069, 37.9347804480686], [-96.654909965238, 37.9348198405716], [-96.6574847165054, 37.934859942981], [-96.6600119468942, 37.9349116635152], [-96.6625611860075, 37.9349518367254], [-96.6651164438331, 37.9349854909207], [-96.6675538426935, 37.9350316857069], [-96.6699787549715, 37.9350840437776], [-96.6724032180918, 37.935108345607], [-96.6748453780232, 37.93513293154], [-96.6772794531171, 37.9351738825705], [-96.6797206249016, 37.9352148349951], [-96.6820586700916, 37.9352541571232], [-96.6845752105286, 37.9352909286077], [-96.6870159331555, 37.9353267790162], [-96.6894244062638, 37.9353620626027], [-96.6918761781687, 37.935397983827], [-96.6940593538037, 37.9354299366977], [-96.6965323259494, 37.9354692587107], [-96.6988983087447, 37.9355067385919], [-96.7011833533329, 37.9355430855563], [-96.7033950055624, 37.9355782266298], [-96.7057697020159, 37.9356132266943], [-96.7081303847511, 37.9356481566004], [-96.7105119075025, 37.9356832267734], [-96.7126415435466, 37.9357147558358], [-96.7147983096105, 37.935746567577], [-96.7170244247161, 37.9357794420567], [-96.7189663128658, 37.9358080655142], [-96.7213428059499, 37.9358431356109], [-96.7235638006584, 37.9358759399058], [-96.7256345072198, 37.9359065471267], [-96.7280966097505, 37.9359428924764], [-96.7306287808734, 37.9359802311246], [-96.7329462546434, 37.9360144516485], [-96.7350972705912, 37.9360462625515], [-96.7372697562743, 37.9360783575486], [-96.7394424216205, 37.9361103816819], [-96.7414380290242, 37.9361398559167], [-96.7439700195857, 37.9361772646061], [-96.7465237511737, 37.9362149566754], [-96.7490555629704, 37.9362522937685], [-96.7511531291588, 37.9362832557894], [-96.7535401325318, 37.9363184680672], [-96.755986334882, 37.936354671514], [-96.7582982390972, 37.9363887508729], [-96.7606533522776, 37.9364235380029], [-96.7629225865168, 37.9364570498254], [-96.7654061587828, 37.9364936790093], [-96.7679167703389, 37.936530732563], [-96.769837367518, 37.9365590730387], [-96.7722619204698, 37.9365948519793], [-96.7748475422504, 37.9366330397798], [-96.7774279529041, 37.9366711567112], [-96.7793000419562, 37.9366987879317], [-96.7811723106713, 37.936726489991], [-96.7829102812515, 37.9367520665633], [-96.7852224549613, 37.9367862867279], [-96.7885852074976, 37.936835881141], [-96.7911820582192, 37.9368733596168], [-96.7937787274812, 37.936910838782], [-96.7963857291655, 37.9369485304751], [-96.7989875197229, 37.9369860811595], [-96.8013278107011, 37.9370205846109], [-96.8035804261076, 37.937050341168], [-96.8057049417545, 37.9370880327896], [-96.8077163595072, 37.9371210476586], [-96.8098414141433, 37.9371468366401], [-96.8119038562041, 37.9371734765069], [-96.8140876606598, 37.9372041540362], [-96.8164762810003, 37.9368637248468], [-96.8190061165034, 37.9365032436868], [-96.8214996600691, 37.9361478619446], [-96.8239690389536, 37.9357959501412], [-96.8264217990054, 37.9354463747188], [-96.828864857252, 37.9350982855008], [-96.831259675968, 37.9347569247848], [-96.8336411996177, 37.9344175477418], [-96.8360705136406, 37.934071224947], [-96.838505037892, 37.9337243337035], [-96.8409187212289, 37.9333803457743], [-96.8431902012564, 37.9330566909862], [-96.8454920443404, 37.9327285710282], [-96.8479318686521, 37.932380894061], [-96.8504643092695, 37.9320196816704], [-96.8525082460355, 37.9317280476427], [-96.854882762826, 37.931389363743], [-96.8574336242967, 37.9310765530027], [-96.8598226030649, 37.9307339109745], [-96.8619926704833, 37.9304293400443], [-96.8642562336581, 37.9300522591492], [-96.8664712096542, 37.9297363838671], [-96.8687229267454, 37.9294136341679], [-96.8710696855936, 37.929077348731], [-96.8734508499172, 37.9287361740441], [-96.8758320142408, 37.9283949254996], [-96.8782235091902, 37.9280522596363], [-96.8806241669555, 37.9277082451667], [-96.8830043431323, 37.9273671335679], [-96.8853977245438, 37.9270241787716], [-96.8877718820082, 37.9266839865823], [-96.8901653532512, 37.9263409577404], [-96.8925620575309, 37.9259974305726], [-96.8949460964634, 37.9256558865861], [-96.8973640027805, 37.9253109397213], [-96.8998116415368, 37.9249618820334], [-96.9022150849778, 37.924615726569], [-96.9046558076047, 37.9242643271596], [-96.9069455225341, 37.9239345381449], [-96.9092754837848, 37.9235991495617], [-96.9115953830061, 37.9232650349688], [-96.9140804815098, 37.9229071799036], [-96.9165750141206, 37.9225479767017], [-96.9186442824792, 37.9222500677257], [-96.920754605643, 37.921946135564], [-96.9230556402432, 37.9216147771493], [-96.9254615082372, 37.9212683940453], [-96.9278295571577, 37.9209273950098], [-96.9302009298447, 37.9205858267661], [-96.9325010661296, 37.9202546755265], [-96.9347709291896, 37.9199277740131], [-96.9370068359317, 37.9196057607831], [-96.9393659016994, 37.9192660296278], [-96.941742484615, 37.9189238867372], [-96.9439099397325, 37.9186117911593], [-96.9461321022509, 37.9182916855769], [-96.9483605529762, 37.9179707274848], [-96.9505695102598, 37.9176526749822], [-96.9530206533441, 37.9172996817886], [-96.9554925475114, 37.9169437827178], [-96.9578701185739, 37.9166013455499], [-96.9602569422838, 37.9162571357723], [-96.9626499634708, 37.9159120746611], [-96.9650193607626, 37.9155703420952], [-96.9673649518009, 37.9152295285423], [-96.9694891081217, 37.9149244327355], [-96.9719943297861, 37.9145646951598], [-96.9742625758785, 37.9142389731625], [-96.976790435088, 37.9138758297055], [-96.9791022485734, 37.9135405369945], [-96.9815259041083, 37.9131890839581], [-96.9835021977333, 37.9129024766265], [-96.9855351750528, 37.9126075775155], [-96.9875482996045, 37.9123155815884], [-96.9894411397397, 37.9120410915605], [-96.991677405808, 37.9117167758561], [-96.9941530728995, 37.9113576597489], [-96.9967895375285, 37.9109752944927], [-96.9994484618363, 37.9105823676677], [-97.0015839369297, 37.91026683471], [-97.0037350427091, 37.9099490316887], [-97.0058868671406, 37.909631085544], [-97.0082517719576, 37.909254877502], [-97.0105206468707, 37.9088939774761], [-97.0128174584908, 37.9085457625563], [-97.0151099599942, 37.9081982547559], [-97.017368234787, 37.9078559909257], [-97.01965121325, 37.9074944461415], [-97.0219071515247, 37.9071372940017], [-97.0241799799234, 37.9067753905868], [-97.0266466135564, 37.9064348545332], [-97.0290974592983, 37.9060636589986], [-97.0315863747436, 37.9056781865301], [-97.0339537400461, 37.9052586551282], [-97.0364404761786, 37.904931035585], [-97.0387755371652, 37.9045238430151], [-97.0412463524558, 37.9041473260459], [-97.0434239585361, 37.9038155330461], [-97.0459281031204, 37.9034340507605], [-97.0484215568545, 37.9030540550128], [-97.0508739575802, 37.9026472638816], [-97.0533086605964, 37.9022629395332], [-97.0555895738326, 37.9019030691641], [-97.0580354168567, 37.9015170397333], [-97.0603405837073, 37.9011838887971], [-97.0626446725795, 37.9008508767028], [-97.0649190272159, 37.9005221877424], [-97.0672136837776, 37.9001904499917], [-97.0694426725938, 37.8998782735208], [-97.0716719327012, 37.8995659546646], [-97.0739296685047, 37.8992496656122], [-97.0761718625556, 37.8989356428328], [-97.0784017505854, 37.8986232490907], [-97.0807429407771, 37.8982952590445], [-97.083285531459, 37.8979391255564], [-97.0855121855537, 37.8976272946801], [-97.0878757437961, 37.8972961811577], [-97.0900588295996, 37.8969903729976], [-97.0923387537907, 37.8966770487486], [-97.0945873267784, 37.8963680487595], [-97.0968764137853, 37.8960534465786], [-97.0991782568694, 37.8957286350749], [-97.1016475459224, 37.8953802869676], [-97.1036714502575, 37.8950947444969], [-97.1057028106095, 37.8948080681023], [-97.107767408627, 37.8945167820384], [-97.1101237785504, 37.894184377791], [-97.1124939843259, 37.8938498467439], [-97.1148598772897, 37.8935160925584], [-97.1172857777144, 37.8931745395368], [-97.1197004491981, 37.8928346870362], [-97.1221226665302, 37.8924936270962], [-97.1246181854912, 37.8921423571006], [-97.1262434175032, 37.8919135876271], [-97.128533942713, 37.8915910257151], [-97.1308305755684, 37.8912677548774], [-97.1330784299038, 37.8909512876725], [-97.1356094332168, 37.8905949768664], [-97.1380293149292, 37.8902508581078], [-97.1402817506726, 37.8899305575295], [-97.1426810609649, 37.8895894848446], [-97.1450808195166, 37.889248125582], [-97.1475183989384, 37.8889015907968], [-97.1475905336557, 37.8870539647579], [-97.1476606022479, 37.8852586866071], [-97.1477310301662, 37.8834557776186], [-97.1478057699978, 37.8815416510249], [-97.1478798810087, 37.879644561894], [-97.1479515665684, 37.8778070558675], [-97.1480222639813, 37.87599545553], [-97.1480929604958, 37.8741827477055], [-97.148166713079, 37.872361344814], [-97.1482414529106, 37.8705153595732], [-97.1483161029107, 37.8686686905564], [-97.1483911122369, 37.8668141751423], [-97.1484689063405, 37.8648912470103], [-97.1485450825783, 37.8630111747482], [-97.1486214402758, 37.8611225445862], [-97.1486982462326, 37.8592252849469], [-97.1487681351617, 37.8574973461562], [-97.1488490724705, 37.8554975725904], [-97.148912853754, 37.8539221857487], [-97.1489916360044, 37.8519735287138], [-97.1490684419612, 37.8500762456782], [-97.149145247918, 37.848178062606], [-97.1492236708423, 37.8462388287452], [-97.14929877, 37.8443831807349], [-97.1493786302288, 37.8424092297556], [-97.1494567836585, 37.8404766546162], [-97.1495119402169, 37.8391131390453], [-97.1495863207225, 37.8372742675993], [-97.1496596232496, 37.8354608911437], [-97.1497326562822, 37.8336557710847], [-97.1498070367878, 37.8318177569008], [-97.1498766562223, 37.8300970507552], [-97.149938369584, 37.8285716407799], [-97.1500020610359, 37.8269954658363], [-97.150071949965, 37.8252682618548], [-97.1501435456932, 37.8232841475904], [-97.1502148719267, 37.8213092765001], [-97.1502844015297, 37.8193826785529], [-97.1503569845064, 37.8173908845779], [-97.1504272336599, 37.815458363728], [-97.1505002666925, 37.8134496444742], [-97.1505694369694, 37.8115467574874], [-97.1506395055616, 37.8096184846048], [-97.1507097538168, 37.807690162075], [-97.1507804512297, 37.805744753697], [-97.1508492621804, 37.8038540898535], [-97.1509196002672, 37.8019173825274], [-97.1509805060434, 37.8000607617545], [-97.1510485085104, 37.7979878811252], [-97.1511021379329, 37.7963546915928], [-97.1511771472591, 37.7940674699208], [-97.1532553996689, 37.7938570655376], [-97.1556662982285, 37.7936130837262], [-97.1581308702279, 37.7934152158022], [-97.1606530987972, 37.7931534757428], [-97.163127738216, 37.792896493769], [-97.1656166545596, 37.7926299935523], [-97.1681612206368, 37.7922966676301], [-97.1681537906711, 37.7920588935765], [-97.1689612090249, 37.7911282594938]]}, "properties": {"OBJECTID_1": 30382, "OBJECTID": 44951, "ID": "133885", "TYPE": "AC; OVERHEAD", "STATUS": "IN SERVICE", "NAICS_CODE": "221121", "NAICS_DESC": "ELECTRIC BULK POWER TRANSMISSION AND CONTROL", "SOURCE": "IMAGERY, OpenStreetMap, KCC Electric Certified Areas and Transmission Lines map", "SOURCEDATE": 1412640000000, "VAL_METHOD": "IMAGERY", "VAL_DATE": 1418688000000, "OWNER": "NOT AVAILABLE", "VOLTAGE": 345, "VOLT_CLASS": "345", "INFERRED": "N", "SUB_1": "WOLF CREEK", "SUB_2": "BENTON", "SHAPE__Len": 200255.466903231, "GlobalID": "18baec1c-5c0e-4a0a-acc0-51a5feae4add", "Shape__Length": 200255.46694484365}}, {"type": "Feature", "id": 9861, "geometry": {"type": "LineString", "coordinates": [[-95.6831907116809, 38.9206415428571], [-95.6844577746094, 38.9206236970288], [-95.686391086543, 38.9206355944811], [-95.6871747130165, 38.9206330455764], [-95.68822029721, 38.9206296461047], [-95.6908912418746, 38.9205939537388], [-95.6932766516362, 38.9205999028171], [-95.6956114979255, 38.920605851895], [-95.6981495700814, 38.9206140689182], [-95.6996595563274, 38.9203976485503], [-95.7011883595836, 38.9202251378631], [-95.7023668010143, 38.9200873716728], [-95.704189454878, 38.9195588889833], [-95.7070618458467, 38.9188154847353], [-95.7086449962793, 38.9184048498463], [-95.7101083635552, 38.9172210675061], [-95.7118592986216, 38.9158997301388], [-95.7136871007302, 38.9145071255122], [-95.7153450305202, 38.9132376548754], [-95.7168243931981, 38.9120249194864], [-95.7182639667971, 38.9109720087049], [-95.7196678485332, 38.9099518148402], [-95.721345368783, 38.9086996236404], [-95.7246438971663, 38.9063171878805], [-95.7258574223005, 38.905421916043], [-95.7273891998786, 38.904315466597], [-95.7286207838449, 38.9033730707857], [-95.7298668136193, 38.9024922048813], [-95.7321243266407, 38.9008414538683], [-95.7342271758213, 38.8992918299401], [-95.7359314649682, 38.8980217921602], [-95.7376149329635, 38.8967993437621], [-95.7390157289866, 38.8958099395068], [-95.7404464919093, 38.8947500329506], [-95.74203180818, 38.8935870717452], [-95.7435315599199, 38.8925237941236], [-95.7450269539323, 38.8914336600049], [-95.7468845217179, 38.8900967537729], [-95.7483668317682, 38.8890077340134], [-95.7498718691952, 38.8879187667817], [-95.7513348645686, 38.8868147485523], [-95.7527750741748, 38.885776490731], [-95.7540237027754, 38.8848693739324], [-95.7552372368927, 38.8840310294771], [-95.7569183108777, 38.8827040115733], [-95.7586493689218, 38.8814458720944], [-95.7602569059193, 38.8802774867661], [-95.7616591760779, 38.8792459391157], [-95.7645202464774, 38.8771820296252], [-95.7660313035151, 38.8760412695969], [-95.7676199740951, 38.8747944689955], [-95.7690644650719, 38.8736758405744], [-95.7706412778902, 38.8724717305255], [-95.7720933228003, 38.8713153166788], [-95.7735715634823, 38.8701672264776], [-95.7750408811987, 38.8690429320298], [-95.7762335860795, 38.8681179160402], [-95.7783215627523, 38.8665058305137], [-95.7791603233263, 38.8658722997084], [-95.7806558763406, 38.8647624810926], [-95.7820364962024, 38.8636207348325], [-95.783847860938, 38.862231723581], [-95.7851178981883, 38.8612204531218], [-95.7914409598102, 38.8563209629241], [-95.7920169595704, 38.8558709489903], [-95.7958343961843, 38.8529250579305], [-95.7970300744887, 38.8520000421177], [-95.7979729363295, 38.8512891777811], [-95.7982941630953, 38.8510066168098], [-95.8029370867767, 38.8480055216258], [-95.8115721828694, 38.8424071936594], [-95.8129694889377, 38.8413876460149], [-95.8150604408307, 38.8400789421414], [-95.8162977596418, 38.8391836696305], [-95.824474183137, 38.8338923437404], [-95.8294769997689, 38.8306622247711], [-95.8353279724545, 38.8269519527483], [-95.8367730221835, 38.826057967967], [-95.839961499758, 38.8238896847457], [-95.8463681990243, 38.8197048079405], [-95.8478970022805, 38.8187084078788], [-95.8487379340826, 38.8182459306826], [-95.853619605712, 38.8150202435703], [-95.8543066749705, 38.8145592228138], [-95.856222141871, 38.8132891856714], [-95.859511745492, 38.8112309517993], [-95.8618109008167, 38.8098270696597], [-95.8714685375193, 38.8038784179613], [-95.8722359134693, 38.8034560627726], [-95.8754690067707, 38.8014245978829], [-95.8783119105403, 38.799662944522], [-95.8823605205078, 38.797165362575], [-95.8905889160337, 38.7922439375242], [-95.9006318069241, 38.7860324595378], [-95.9053044729261, 38.7832425416384], [-95.9064198463357, 38.7825643959869], [-95.9089301767191, 38.7810504635864], [-95.9102478040183, 38.7802622669814], [-95.9142720669466, 38.7778143967076], [-95.9191261674833, 38.7749441717895], [-95.9217781011015, 38.773354663656], [-95.9225525908102, 38.7722940469419], [-95.9235846832065, 38.7710002148388], [-95.9245751332994, 38.7697361257829], [-95.9263656777816, 38.7704053500898], [-95.9297593835676, 38.7682727577154], [-95.9323619188283, 38.7666576988421], [-95.9374688376253, 38.763448400868], [-95.942123657696, 38.7605157148082], [-95.9438487670962, 38.7594568545776], [-95.9457582844546, 38.758243329844], [-95.9460616661873, 38.7580351265596], [-95.9491876830018, 38.7561047886834], [-95.9516415021673, 38.7545283958923], [-95.9530751280208, 38.7536658417172], [-95.9553475126517, 38.7522500616876], [-95.9561208381438, 38.7517265809682], [-95.9570012383263, 38.7512090477547], [-95.9579173312698, 38.7506379777038], [-95.9593925958334, 38.7497189107976], [-95.9646155131847, 38.7461467449503], [-95.965055713725, 38.7458552605275], [-95.973904333971, 38.7397876350045], [-95.9748561187774, 38.7391184115485], [-95.9775687039487, 38.7372505347278], [-95.9823439171321, 38.7341059366078], [-95.9832209423439, 38.7335759671162], [-95.9873169007134, 38.7310569607586], [-95.9943389405595, 38.7267419915728], [-95.9974223323138, 38.7248505691408], [-95.9993050807751, 38.7237054525153], [-96.0008933704693, 38.7227239254926], [-96.002196126159, 38.7219208579038], [-96.0038795941543, 38.7209006640422], [-96.0055749603355, 38.7198537010095], [-96.0073030440577, 38.7187888920415], [-96.0125289348325, 38.7155647217426], [-96.0177726715388, 38.7125130634844], [-96.0225969758558, 38.7098089677955], [-96.02692595721, 38.7073129575705], [-96.0297711040728, 38.7057315998904], [-96.0320137454846, 38.7044496649938], [-96.0354044778471, 38.7024449689244], [-96.0371652791102, 38.7014366730664], [-96.0393097687975, 38.7002231466669], [-96.0403983715133, 38.6996282817728], [-96.0418082027916, 38.6988281880977], [-96.0430871630076, 38.6979239928804], [-96.0444464299152, 38.6969186711591], [-96.0457194414875, 38.6960144756392], [-96.046891326115, 38.6951905869043], [-96.0521261407539, 38.6914607817241], [-96.0615041911973, 38.6847120356179], [-96.0628991499677, 38.6836799444969], [-96.0649564267157, 38.6821324296101], [-96.0669829002325, 38.6806520811414], [-96.0701059427251, 38.678314259926], [-96.0732706257243, 38.6759585940043], [-96.0770747888316, 38.6731359580857], [-96.0788147698414, 38.6718361781224], [-96.0799093220994, 38.671089621645], [-96.0830740050986, 38.6689183641524], [-96.0865569405418, 38.6664972618773], [-96.0880589757991, 38.6654473251171], [-96.0896204965963, 38.6644122585257], [-96.0915210918873, 38.6630827357946], [-96.0945519295025, 38.6610066558327], [-96.0977731255163, 38.658772936874], [-96.0999800759636, 38.6572352101658], [-96.1037663931394, 38.6546653920417], [-96.1065473877145, 38.6527350535912], [-96.1080405000062, 38.6516999884774], [-96.1123562464812, 38.6486066898357], [-96.1138999231436, 38.6475210606728], [-96.1149141678118, 38.6468250678364], [-96.1159551822754, 38.6460814870915], [-96.1170675795664, 38.6453349308279], [-96.1188283808296, 38.644094636904], [-96.1233939721414, 38.6409805168056], [-96.125077441035, 38.6398086325892], [-96.1272665446525, 38.6382411630801], [-96.1303271254868, 38.6361859031664], [-96.1319243399434, 38.6350854018796], [-96.1330962236726, 38.6342763856966], [-96.1351128166196, 38.632899273012], [-96.1366208005207, 38.6318433870459], [-96.1413499795374, 38.6285627046222], [-96.143283291471, 38.627242103642], [-96.1451660399323, 38.6259393489252], [-96.1480362650629, 38.6238811150252], [-96.1503889572836, 38.6221292369666], [-96.1519504780807, 38.6209662759592], [-96.1534911786245, 38.6198271087291], [-96.1546957816912, 38.6189675277982], [-96.158065692902, 38.6166237588828], [-96.1597075212889, 38.6154518744838], [-96.1609299684905, 38.6145774231164], [-96.1625242077269, 38.613444204969], [-96.1656888907261, 38.6113294586207], [-96.1698856661216, 38.608949997975], [-96.1726696350187, 38.6073557591243], [-96.1742936165758, 38.6064664350235], [-96.1758253950522, 38.6056514701506], [-96.1776456827535, 38.6046461479583], [-96.1807865711775, 38.6030191905187], [-96.1840642793075, 38.6014011577109], [-96.1874490621277, 38.5997206631676], [-96.1911461496464, 38.5977754536551], [-96.1930259237858, 38.5968474636956], [-96.1948372885213, 38.5960206007849], [-96.1978294608501, 38.5945958985653], [-96.1996319026199, 38.5937303696369], [-96.2048458970054, 38.590934502908], [-96.2066870040617, 38.5899737956172], [-96.2099706608355, 38.588227866861], [-96.211942638954, 38.5871660316611], [-96.2133554436558, 38.586416501928], [-96.2155713170688, 38.5852118997042], [-96.2171774526945, 38.5843552936183], [-96.219054252512, 38.5833648430852], [-96.2206187485293, 38.5825320315534], [-96.2222397557646, 38.581654606057], [-96.2254133626279, 38.5799770860537], [-96.2274656483361, 38.5788855076052], [-96.2294852147067, 38.5777969035309], [-96.2316386264614, 38.5766488139009], [-96.233351838574, 38.5757297480514], [-96.235255408187, 38.5747125277272], [-96.2391725955267, 38.5726364476101], [-96.240802526626, 38.5717828168973], [-96.2425395333139, 38.5708518530151], [-96.2439969528443, 38.5700517591108], [-96.2459808291487, 38.5689988468971], [-96.2480301387383, 38.5679280897109], [-96.2497165819538, 38.5670238946425], [-96.2541602260675, 38.5646503819253], [-96.2556860550018, 38.5638621858444], [-96.2573100365589, 38.5630026061058], [-96.2588388407134, 38.5619080541612], [-96.2603616962241, 38.5608462190071], [-96.2614324539068, 38.5600907395943], [-96.2630028976696, 38.5589783417458], [-96.2658998916974, 38.556934979891], [-96.2685976061574, 38.5549183867401], [-96.2692251880795, 38.5545019809765], [-96.2703911240632, 38.5536275289602], [-96.2737521132066, 38.5512778110531], [-96.2764676726998, 38.5493742430889], [-96.2780113475654, 38.5483064597099], [-96.2795907151923, 38.5471910867979], [-96.283739900539, 38.5442702989844], [-96.2853252159114, 38.5431489777259], [-96.2872971949281, 38.5417897108934], [-96.2900187030651, 38.5398653219843], [-96.2944593719586, 38.5367541759068], [-96.2959703301816, 38.5356893679092], [-96.297231443568, 38.5348000437746], [-96.2988167598387, 38.5337292866091], [-96.3021866719478, 38.5313587489663], [-96.3038731151632, 38.530177940976], [-96.3051699213107, 38.5292707721254], [-96.3066451867726, 38.5282297568208], [-96.3082632205843, 38.5271292564818], [-96.3099556115453, 38.5259484486578], [-96.3130251171418, 38.5238009861723], [-96.3145955609047, 38.5226856127661], [-96.3173468131591, 38.5207641981355], [-96.3200742699399, 38.5188844235547], [-96.3237802813226, 38.5163056830063], [-96.3252168797014, 38.5152200539193], [-96.3306093342996, 38.5112850207685], [-96.3321292136918, 38.5101666740363], [-96.333666940812, 38.5090334560958], [-96.335264153472, 38.5078526480452], [-96.3366115239902, 38.506880043113], [-96.3381551988559, 38.5057557475994], [-96.3427445847429, 38.5024036821089], [-96.3435959289175, 38.5017409825763], [-96.3437847700616, 38.5014967509153], [-96.350022761226, 38.4969547165986], [-96.3531130861776, 38.4949529945064], [-96.3544396355442, 38.4940904411463], [-96.3558494659242, 38.4931565020359], [-96.3570213505517, 38.4923921001165], [-96.3585348222609, 38.4914066697511], [-96.3602616537315, 38.4902537665794], [-96.3621074490953, 38.4890370600199], [-96.3635642200421, 38.4881145497163], [-96.3654030022584, 38.4869223141534], [-96.3739640160863, 38.4811093395647], [-96.3755365322625, 38.4800605435854], [-96.3785316780149, 38.4780290789572], [-96.3828117335254, 38.4751082895031], [-96.3855421646281, 38.4732552845835], [-96.3881060346024, 38.4714528427614], [-96.3911220006081, 38.4693440459458], [-96.3921421948184, 38.4686242586145], [-96.3938107921024, 38.46743452882], [-96.3951194955376, 38.4665184358606], [-96.398183051592, 38.464385843717], [-96.4010562510445, 38.4622770470363], [-96.4025999259102, 38.4611527518853], [-96.4041882165028, 38.4599987127241], [-96.407168491544, 38.4578363776927], [-96.4100952287908, 38.4557216317035], [-96.412965453023, 38.4536277058643], [-96.4143395915401, 38.4526045379098], [-96.4183698040106, 38.4496718520754], [-96.4200681445137, 38.4484583264864], [-96.422370273262, 38.4466380385344], [-96.4233785701846, 38.4459093286565], [-96.4263647929712, 38.4437291479509], [-96.4278935971257, 38.4426108017645], [-96.4292022996625, 38.4416976835741], [-96.4308885488419, 38.4404708741403], [-96.4323115700835, 38.4394812405928], [-96.4335834830162, 38.4385478717979], [-96.4350319795809, 38.4375068575613], [-96.436439149151, 38.4365161286112], [-96.4380098525269, 38.4354185700429], [-96.4393211242455, 38.434476434498], [-96.4409774379664, 38.433286452563], [-96.4422831392318, 38.4323615295674], [-96.443368304095, 38.4315790947451], [-96.4450558791878, 38.4303622530846], [-96.4466481430289, 38.4292140739462], [-96.4475789773263, 38.4285420886403], [-96.4492574785364, 38.4273616501057], [-96.4505004782933, 38.4264239837849], [-96.4520570233221, 38.4253061717979], [-96.453515914293, 38.4241803758538], [-96.4546848308867, 38.4233227890198], [-96.4558538974992, 38.4224651617406], [-96.4570213489407, 38.4216086496439], [-96.4586190026735, 38.4204206367495], [-96.4599208411833, 38.4194525466288], [-96.461369554242, 38.4183891457343], [-96.4628395564746, 38.4173098935998], [-96.4645679159796, 38.4160448795148], [-96.4656087040677, 38.4152831717059], [-96.4673206235047, 38.41400678987], [-96.4691722309683, 38.412626281586], [-96.4710510708598, 38.4112881720295], [-96.47225857279, 38.4103519357397], [-96.4738318821786, 38.409192458145], [-96.4750090345269, 38.4083207247401], [-96.4767109826642, 38.4070604815202], [-96.4781894542133, 38.4060057679455], [-96.4795635927304, 38.4049855750318], [-96.4809305932342, 38.4039814420572], [-96.4826735476676, 38.4026876096196], [-96.483982252001, 38.4017269025546], [-96.485686541148, 38.4004776858496], [-96.4879589257789, 38.3988090886183], [-96.489499627221, 38.3976520757967], [-96.4905882299368, 38.3968519816617], [-96.4918136775114, 38.3960026499085], [-96.4940057311964, 38.3943119067065], [-96.4949158745978, 38.393514787606], [-96.4965309340876, 38.3922953136275], [-96.4981757367964, 38.3910847631463], [-96.4994839039373, 38.390124494741], [-96.5008704760362, 38.389264475866], [-96.502594230777, 38.3875385716439], [-96.5039370073109, 38.3860105630827], [-96.5053451416716, 38.3846174487552], [-96.5063194418524, 38.3836459729243], [-96.5075121467332, 38.3824473197506], [-96.5085948017035, 38.3813587158916], [-96.509504945105, 38.380436675114], [-96.5113341557719, 38.3786520797043], [-96.5128689076719, 38.3771381475183], [-96.5142636328803, 38.3757246104807], [-96.5156052883167, 38.3743839205767], [-96.5169139917519, 38.3730871147054], [-96.5178618176829, 38.3722349755003], [-96.5189878558915, 38.3710097387307], [-96.5203595833304, 38.3696441856279], [-96.5217114580014, 38.368287763525], [-96.5232311379676, 38.3667563605695], [-96.5238233523186, 38.3661688314754], [-96.5251201575679, 38.3648750000438], [-96.5265683792481, 38.3634598915027], [-96.5277181329802, 38.3623003655724], [-96.529000927206, 38.3611207468802], [-96.5301319061487, 38.3600805780912], [-96.5317718705314, 38.3585723878066], [-96.5329509093418, 38.3574878745466], [-96.5343227266121, 38.3562245609475], [-96.5356052513433, 38.3550434336647], [-96.5370520779399, 38.35374485472], [-96.5380873863048, 38.35277347652], [-96.5396527006874, 38.3513629859701], [-96.5410764405812, 38.3500924501609], [-96.542420949067, 38.3488528901394], [-96.543871637521, 38.3475153807272], [-96.5451941381805, 38.3462959267625], [-96.546428603044, 38.3451724800778], [-96.5476502219989, 38.3440607819243], [-96.5489272670068, 38.3428986907181], [-96.5504561097888, 38.3414790597627], [-96.55180681665, 38.340212929663], [-96.5530278067842, 38.3390895295512], [-96.5544520856672, 38.3378142696426], [-96.5558430370531, 38.3365615337589], [-96.5569099661161, 38.3355763257164], [-96.5583186143131, 38.3342754247133], [-96.5601352773121, 38.3325978607058], [-96.5608084747861, 38.3319935427037], [-96.5632193454978, 38.3298238131013], [-96.5641324641195, 38.3289850527799], [-96.5656791142054, 38.3275930676288], [-96.5672287377149, 38.3261713397271], [-96.5681330681182, 38.3252730465913], [-96.5695338407851, 38.3240714661248], [-96.5708901342691, 38.3228906581034], [-96.5717586371639, 38.3217276966528], [-96.5727174405076, 38.320421092772], [-96.5737539166824, 38.3191478301319], [-96.575179362477, 38.3173970388995], [-96.5762559035135, 38.3160891855566], [-96.5771078666273, 38.3150160895085], [-96.5780898150643, 38.313779030649], [-96.5795984457525, 38.3119071557475], [-96.5807600572464, 38.3104658418801], [-96.5815010775242, 38.3095463267473], [-96.5827671630857, 38.3079752646407], [-96.5838078613423, 38.306658148706], [-96.5849402775895, 38.3052812305085], [-96.5862781385421, 38.3036710927917], [-96.587437413518, 38.3022540778854], [-96.5883745369207, 38.3011098568811], [-96.5890621972707, 38.3003053447177], [-96.5896690092451, 38.299484045777], [-96.5903663705018, 38.2986672494721], [-96.5909602476345, 38.2979141757171], [-96.5927022606334, 38.2957499447341], [-96.5936295016697, 38.2946201447455], [-96.5955146162934, 38.2922839939388], [-96.5964785975265, 38.2910999911616], [-96.5985782307384, 38.2884991776597], [-96.5990685312205, 38.2878877936811], [-96.6006322286355, 38.285971463123], [-96.6018033622715, 38.2845541716406], [-96.6025130313459, 38.2836538610259], [-96.6035247140189, 38.2823704327045], [-96.6045438527087, 38.2811234377685], [-96.6056865995816, 38.2797251625428], [-96.6065293091497, 38.2786917945304], [-96.6075309306915, 38.2774890939112], [-96.6091578147053, 38.2755007177699], [-96.6103088799778, 38.2740849390957], [-96.6111922544821, 38.2730171555653], [-96.6123879336848, 38.2715180945244], [-96.613339717593, 38.2703640568342], [-96.6143271942623, 38.2691505305239], [-96.6158253452043, 38.267268190748], [-96.6170843951605, 38.2657479018429], [-96.6178755656857, 38.2647723227276], [-96.6194162671278, 38.2628836258454], [-96.6201717448918, 38.2619407645515], [-96.6211027103433, 38.2607778028621], [-96.6218135741771, 38.259900376473], [-96.6224649506744, 38.2591835636895], [-96.6237082190276, 38.2578510658005], [-96.6245886201084, 38.2568992815465], [-96.6260668598921, 38.2553109906473], [-96.6274826389159, 38.2537613668113], [-96.6287021126939, 38.2524437410091], [-96.6300078418071, 38.2510101157408], [-96.6323354665398, 38.248493794731], [-96.6337795236304, 38.2468900786622], [-96.6349571206448, 38.2456503796898], [-96.636042749937, 38.2444695715855], [-96.6373068385435, 38.2430865095457], [-96.6385709280484, 38.2417093971395], [-96.6398945030931, 38.2402698239672], [-96.6411110016508, 38.2389313770558], [-96.6423393992928, 38.2376048270281], [-96.6434815398029, 38.2363823788442], [-96.6447099365466, 38.2349963426403], [-96.6458044888046, 38.2338274325194], [-96.6470328855483, 38.2324800628452], [-96.6483534871694, 38.2310404889986], [-96.6495900522939, 38.2295803851092], [-96.6507815776868, 38.2282689740735], [-96.6519933151735, 38.2269307938961], [-96.6531413621067, 38.2256629465552], [-96.6543236348521, 38.2243720716508], [-96.6554635071161, 38.2231272575638], [-96.6566936600662, 38.2218077560766], [-96.6578806040511, 38.2205149778174], [-96.6588087425043, 38.2195041267925], [-96.6599974840181, 38.2182095438799], [-96.6611139102532, 38.2169934908584], [-96.6623515192201, 38.2156325876825], [-96.6637120177179, 38.2141540726151], [-96.6648813547233, 38.2128834616509], [-96.6660372169993, 38.2116150885851], [-96.6672818328255, 38.210249355646], [-96.6684589851738, 38.2089577837508], [-96.6695666079191, 38.2077682587955], [-96.6708439215233, 38.206351488746], [-96.6720541327724, 38.205040929611], [-96.6732326325936, 38.2037826555805], [-96.6744520057603, 38.2025027578553], [-96.6757701037767, 38.201126053821], [-96.6768591304973, 38.1999762855193], [-96.6781954652123, 38.1985654365013], [-96.6795100597991, 38.1971774330214], [-96.6805989975865, 38.1960276736713], [-96.6819532078773, 38.1945977560514], [-96.6833315639846, 38.1931892131501], [-96.6845004742902, 38.1919548676547], [-96.685721281168, 38.1906190570345], [-96.6870108046735, 38.18930176917], [-96.6879358205829, 38.188332137972], [-96.6888608355938, 38.187371430591], [-96.6901130269128, 38.1860419068937], [-96.6910856319726, 38.1850217128162], [-96.6922872598191, 38.1837665478101], [-96.6934829390219, 38.1824965101286], [-96.6946875411903, 38.1812383697679], [-96.6956392208939, 38.1801795341563], [-96.6968915173157, 38.1789213700269], [-96.6982129840144, 38.1774778646707], [-96.6993840017677, 38.176298014159], [-96.7006362793249, 38.1749341419706], [-96.7019240771667, 38.1736330179473], [-96.7030513469656, 38.1724224667794], [-96.7042381032026, 38.1711851478848], [-96.7053980896442, 38.169983519634], [-96.7066354102519, 38.1686510217234], [-96.7077864737277, 38.1674612910662], [-96.7097465545585, 38.1653881858356], [-96.710823260885, 38.1642609160022], [-96.7122896042795, 38.162755906676], [-96.7141426086234, 38.1607839289105], [-96.7152193149499, 38.1596417865661], [-96.7161919200097, 38.1586275418663], [-96.7173786762467, 38.1571611990933], [-96.7185178433332, 38.1557513687286], [-96.7195856257957, 38.1544664600416], [-96.7205790511089, 38.1532737549544], [-96.7216325952741, 38.1519755905805], [-96.7226729773237, 38.1507069104759], [-96.723464147849, 38.1494814888736], [-96.7247996201813, 38.1481430416548], [-96.7258733521859, 38.1467956719784], [-96.7267507780464, 38.1454958917536], [-96.7277561006471, 38.1442496486179], [-96.7286573210829, 38.1431610457525], [-96.7297756679161, 38.1418374697826], [-96.7310334719089, 38.1402914487557], [-96.7321238470008, 38.1389986356983], [-96.733308814692, 38.137514749554], [-96.734143529254, 38.1364877680074], [-96.7351493728777, 38.1352641325978], [-96.7363965039866, 38.1337367845337], [-96.7376733693315, 38.1322008560093], [-96.73895867884, 38.1306607246972], [-96.7398619348582, 38.129508644633], [-96.7409021839572, 38.1282562724963], [-96.7420592140431, 38.1268484868104], [-96.7432344943024, 38.1254638039737], [-96.7444271991832, 38.1240004360942], [-96.7455455756608, 38.1225950707528], [-96.7465489040016, 38.121379965626], [-96.7474650059284, 38.1202704249708], [-96.7488677252445, 38.1185715926039], [-96.7498140105648, 38.1174067409478], [-96.7509636735671, 38.1160392427385], [-96.7518930705601, 38.1149065787705], [-96.7530294402928, 38.1135102675997], [-96.7541983281405, 38.1120739256316], [-96.7553655990207, 38.1106743796498], [-96.7564176160499, 38.1093836579781], [-96.7578365050412, 38.1076711416638], [-96.7589716162342, 38.1062833864889], [-96.7599027200262, 38.1051448470293], [-96.7607655518566, 38.1041106947777], [-96.7618062501132, 38.1028358328106], [-96.7628216158789, 38.1016361627898], [-96.7640807835143, 38.1000835819813], [-96.7650392796343, 38.0989268648607], [-96.7658929118178, 38.0978977484729], [-96.7671332058491, 38.096371919144], [-96.7682337067509, 38.0950572671648], [-96.7691706190495, 38.0939180996042], [-96.7701878389379, 38.0926897025473], [-96.7714699145114, 38.091130426541], [-96.7724156087402, 38.0899711688147], [-96.7734060597315, 38.0887695405408], [-96.7744381512294, 38.0875262728278], [-96.7754761904728, 38.0862502865082], [-96.7762316700335, 38.0853371690542], [-96.7773886830514, 38.0839511328485], [-96.7784857191511, 38.0825531701356], [-96.7796045555661, 38.0812207010753], [-96.7806604416393, 38.0799536380325], [-96.7817401222877, 38.0786568319878], [-96.7828019570047, 38.0773362304868], [-96.7839292259052, 38.0759531689173], [-96.7850981362108, 38.0745403641299], [-96.7861688938935, 38.0732376095157], [-96.7873943163153, 38.0718485986561], [-96.7885186117923, 38.0704863579843], [-96.7896964450636, 38.0691300650757], [-96.7908147918968, 38.0678243356867], [-96.7919182671204, 38.0665334781626], [-96.7930366130553, 38.0652307231019], [-96.7941549598885, 38.063904173677], [-96.7952227432493, 38.0626936226402], [-96.7962042712748, 38.0615514816785], [-96.797215541621, 38.0603587764847], [-96.7984290667552, 38.0589816635212], [-96.799758591342, 38.0571762475756], [-96.80083232155, 38.0556950329585], [-96.8016740573442, 38.0545737119857], [-96.8024132450589, 38.0533334308788], [-96.8037576637131, 38.0515006908087], [-96.8047148186484, 38.0501957666248], [-96.8058902641976, 38.0485932819623], [-96.806871404151, 38.0472556936323], [-96.8077562447058, 38.0460493806507], [-96.8088559622766, 38.0445615546971], [-96.8098743823142, 38.0431958771002], [-96.8108069225124, 38.0419450676837], [-96.8117763852653, 38.0406362949341], [-96.8125713035619, 38.0395225555082], [-96.8138012777472, 38.0378606895834], [-96.8147222305765, 38.0366162275447], [-96.8159566056084, 38.0349483515864], [-96.817087225225, 38.0334206767586], [-96.8181863139751, 38.0319354945542], [-96.8191749099453, 38.0305995831689], [-96.8202090505004, 38.029202156995], [-96.8212155229447, 38.0278419946855], [-96.8222966444908, 38.0263810417608], [-96.8233700423221, 38.0249837481178], [-96.824273927161, 38.0237242780611], [-96.8252939641661, 38.0223468885299], [-96.8264415619416, 38.020779249987], [-96.8274517165803, 38.0194185781695], [-96.8284587289121, 38.0180620565635], [-96.8294245076741, 38.0167472646573], [-96.8304330462435, 38.0153526890143], [-96.8314576646566, 38.0140043727906], [-96.8324393435991, 38.0126519267566], [-96.8334833656223, 38.0112161508373], [-96.8345219977538, 38.0098228848237], [-96.8355363744743, 38.0084621511564], [-96.8365597361443, 38.00708928862], [-96.8376557706224, 38.005604987626], [-96.8387157826577, 38.0041477676471], [-96.8398444259807, 38.0026103900572], [-96.8409492639486, 38.0011325815957], [-96.8419480108815, 37.999801064542], [-96.8429976015611, 37.9983601517475], [-96.8440801622083, 37.9968854446557], [-96.8451315495186, 37.9954734287481], [-96.8461476348347, 37.994090058614], [-96.8471915670264, 37.992679051529], [-96.8482000157644, 37.9913008669349], [-96.8492840972594, 37.9898940137215], [-96.8503042905713, 37.9885020289964], [-96.8513512536788, 37.9870654290127], [-96.8524882522322, 37.98552415181], [-96.8536206648861, 37.9840167451435], [-96.8546408590964, 37.9826188110401], [-96.8555896686826, 37.9813071341443], [-96.856535503947, 37.9800311476894], [-96.8576300571032, 37.9785529069628], [-96.8585639950799, 37.9772917930233], [-96.8595663424605, 37.9759830898805], [-96.8606073569241, 37.9745613619062], [-96.8612557599979, 37.9736869097699], [-96.8618149343128, 37.9729195341594], [-96.8628737938095, 37.9714948306559], [-96.8640308068275, 37.9700106421566], [-96.8653365359407, 37.9682409179905], [-96.866094988925, 37.9672266730795], [-96.8669783643276, 37.9660607370674], [-96.8678528158662, 37.9648829035518], [-96.8690514684926, 37.96324107607], [-96.8689681874792, 37.9615546330291], [-96.8688759835001, 37.9600466497819], [-96.8687867538429, 37.9584553847493], [-96.868658858001, 37.9563882276641], [-96.8685131162276, 37.9542229188345], [-96.8685131162276, 37.9528190367886], [-96.8685160905495, 37.9514686926742], [-96.8685071675838, 37.9499607084788], [-96.8685279878371, 37.9482355995204], [-96.8685250135152, 37.9468793070686], [-96.8685220391933, 37.9448835341469], [-96.8684952702962, 37.9432952440368], [-96.8685160905495, 37.9419716690513], [-96.8684982446181, 37.9403893265548], [-96.8684625527552, 37.9392293400064], [-96.8683168109818, 37.9367933666867], [-96.8683406046588, 37.9353865110008], [-96.8684268608923, 37.9333788401593], [-96.8685101419057, 37.9316953718682], [-96.8685577310562, 37.9300178516249], [-96.8686291147819, 37.9278049527214], [-96.8686796791526, 37.9256723608053], [-96.8687689079115, 37.9239799689016], [-96.8700092019428, 37.9227277776462], [-96.8711721636046, 37.9215469696671], [-96.8724540990409, 37.9202799070472], [-96.8736428369614, 37.9190534396144], [-96.8750863766224, 37.9176119367169], [-96.8762880044689, 37.9162229258956], [-96.8774063522005, 37.9151045797373], [-96.8786674655868, 37.9138196705862], [-96.8799761699202, 37.9125228650027], [-96.8812491805942, 37.9112111870756], [-96.8824121431543, 37.9100571479487], [-96.8834828999387, 37.9089834159252], [-96.8847440151216, 37.9077371739397], [-96.8861122049949, 37.9063570859683], [-96.8871710644917, 37.9052863286313], [-96.8886433556316, 37.9038021400886], [-96.8899104185601, 37.9025231797348], [-96.8910317397152, 37.90140483301], [-96.8923999304867, 37.9000158231166], [-96.8936848393466, 37.8987249646954], [-96.8950024657475, 37.897413286774], [-96.8964207717322, 37.8960297698392], [-96.8967008062506, 37.8948166996231], [-96.8970190586945, 37.8936329184987], [-96.8973075688177, 37.8925353916048], [-96.8977358720704, 37.8909471021294], [-96.8981106366306, 37.8895015789651], [-96.8984645818357, 37.8882642596977], [-96.8987798599577, 37.8870745291666], [-96.8991995295022, 37.885582480827], [-96.8997137988327, 37.8841329195242], [-96.9002729722493, 37.8826219631655], [-96.9009897847269, 37.8807332656015], [-96.9015726997181, 37.8792050245551], [-96.9022518260729, 37.8781286847737], [-96.9031997085978, 37.8765602860028], [-96.9039945577241, 37.875316936929], [-96.9045143606767, 37.8741540555942], [-96.9050556890602, 37.8729940689112], [-96.9056684002711, 37.8716823906702], [-96.9062840849056, 37.8705283515459], [-96.9069050085148, 37.8694488917018], [-96.9075004127834, 37.86836056584], [-96.9079167819176, 37.8673664706816], [-96.9084800256008, 37.8660154366736], [-96.9091559180205, 37.8644104886981], [-96.9098747499109, 37.8627333796487], [-96.9102824044885, 37.861750769484], [-96.9107512361336, 37.8606231806957], [-96.911266240286, 37.8594288354979], [-96.9119990858948, 37.8577018951432], [-96.9125859552699, 37.8564852316859], [-96.9131255732611, 37.8553553635876], [-96.9138283253078, 37.8539152347079], [-96.9145096076193, 37.8525132396467], [-96.9152767688719, 37.8509545289475], [-96.9155932453465, 37.8498870679657], [-96.9159746700162, 37.8487071605133], [-96.9162423679708, 37.8478708446004], [-96.9167036528692, 37.8464093595962], [-96.9170468991393, 37.8453757415154], [-96.9175143815148, 37.8438811496598], [-96.9180286679133, 37.842236773559], [-96.9184661465584, 37.8408463327375], [-96.9188923082275, 37.8394915485548], [-96.9195221170732, 37.8380670736996], [-96.9202797561838, 37.836269679577], [-96.9209436111787, 37.8346946616338], [-96.9216086339836, 37.833135433107], [-96.9221646013129, 37.8318318759984], [-96.923012251615, 37.8298593615044], [-96.9236779445631, 37.8283732258062], [-96.9243405005941, 37.8267789821699], [-96.9241306541438, 37.8248679949046], [-96.9241240003224, 37.8246256588554], [-96.9248452621556, 37.8242620216634]]}, "properties": {"OBJECTID_1": 9861, "OBJECTID": 12453, "ID": "138449", "TYPE": "AC; OVERHEAD", "STATUS": "IN SERVICE", "NAICS_CODE": "221121", "NAICS_DESC": "ELECTRIC BULK POWER TRANSMISSION AND CONTROL", "SOURCE": "IMAGERY, KCC Electric Certified Areas and Transmission Lines map, EIA 861", "SOURCEDATE": 1412640000000, "VAL_METHOD": "IMAGERY", "VAL_DATE": 1552953600000, "OWNER": "WESTAR ENERGY INC", "VOLTAGE": 115, "VOLT_CLASS": "100-161", "INFERRED": "Y", "SUB_1": "UNKNOWN118990", "SUB_2": "TAP138877", "SHAPE__Len": 213543.839443249, "GlobalID": "90116c9b-fdcc-4bc5-9546-9b544842f4ea", "Shape__Length": 213543.83946567867}}, {"type": "Feature", "id": 12082, "geometry": {"type": "LineString", "coordinates": [[-97.1689612090249, 37.7911282594938], [-97.1696850238701, 37.7920204376964], [-97.1687866457039, 37.7930940478979], [-97.1675029837056, 37.7944564246969], [-97.1664736320693, 37.795625042137], [-97.1651142816185, 37.7971932900911], [-97.1639184182611, 37.7985617220317], [-97.1626983327304, 37.7999483188954], [-97.1603610996174, 37.7999483188954], [-97.1580087280953, 37.7999483188954], [-97.1556472737074, 37.7999513469398], [-97.153291875761, 37.7999483188954], [-97.151067642626, 37.7999823279576], [-97.1489723222258, 37.7999802695129], [-97.1468888595873, 37.7999802695129], [-97.1446464849751, 37.7999802695129], [-97.142339701157, 37.7999802695129], [-97.1400491768456, 37.7999802695129], [-97.1375279651691, 37.7999802695129], [-97.1353605998832, 37.7999802695129], [-97.1328018386279, 37.7999802695129], [-97.1308974102255, 37.7999802695129], [-97.1285746354971, 37.7999802695129], [-97.1262733323005, 37.7999802695129], [-97.1239076189998, 37.7999802695129], [-97.1217082736897, 37.7999802695129], [-97.1195195276016, 37.7999802695129], [-97.1170379325276, 37.7999802695129], [-97.1148310404707, 37.7999785659725], [-97.112416998706, 37.7999766487796], [-97.109906566813, 37.7999746620255], [-97.1074817434683, 37.7999727455423], [-97.1052663192129, 37.7999710420017], [-97.1030615840111, 37.7999693377512], [-97.100848135151, 37.7999675639394], [-97.0986573238361, 37.7999666404784], [-97.096334550006, 37.7999656467463], [-97.0940103020404, 37.7999967590727], [-97.0917093976959, 37.7999997871151], [-97.0893715285757, 37.7999627365307], [-97.0870712602384, 37.79999373174], [-97.0847313708071, 37.7999608917379], [-97.0824031172537, 37.7999598270249], [-97.0801018131589, 37.7999589745446], [-97.0776663007606, 37.7999578395605], [-97.0752488525843, 37.7999876770742], [-97.0728177670837, 37.7999876770742], [-97.0703957626523, 37.7999876770742], [-97.0679555942859, 37.7999876770742], [-97.0655588064629, 37.7999534387462], [-97.0631395535712, 37.7999527289374], [-97.0606895818901, 37.7999846490313], [-97.0584068441756, 37.7999846490313], [-97.0558607123348, 37.7999876770742], [-97.053533958968, 37.7999590455255], [-97.0512036392894, 37.7999585486594], [-97.0488701755074, 37.7999580525031], [-97.0464079831452, 37.799957555637], [-97.0441602186413, 37.7999570587709], [-97.0412741112964, 37.7999564909239], [-97.0387689785653, 37.7999559940578], [-97.0362476779557, 37.7999553545201], [-97.0337231425127, 37.7999548576539], [-97.0312212446149, 37.7999490379317], [-97.0287943560433, 37.7999434297321], [-97.0263932491204, 37.7999398806876], [-97.0243869517649, 37.7999358347768], [-97.0219729091018, 37.7999308668238], [-97.0195375754683, 37.7999259691417], [-97.017104219925, 37.7999209287875], [-97.0146773304551, 37.7999198647837], [-97.0122150491596, 37.799918871051], [-97.0097312972306, 37.7999177346465], [-97.007244401198, 37.7999167416236], [-97.0054735522784, 37.8012189459646], [-97.0037422292313, 37.8024920254845], [-97.0019974305567, 37.8037751625344], [-97.0002636829566, 37.8050500447886], [-96.998500469717, 37.8063465516223], [-96.9960917100461, 37.806923691057], [-96.9936000727055, 37.8074898335855], [-96.9912567840492, 37.8080196470274], [-96.9891738612982, 37.8084889106141], [-96.9869119330572, 37.8089659696462], [-96.9846357817903, 37.8094803737643], [-96.9823467846149, 37.8099977565097], [-96.9801123151772, 37.8105027860127], [-96.9778042737177, 37.8110244900691], [-96.9755492328599, 37.8115340546134], [-96.9733049717856, 37.8120413446248], [-96.9710307968123, 37.8125553724742], [-96.9686228626933, 37.8130995596734], [-96.9662120539653, 37.813644451829], [-96.9637906451169, 37.8141916818805], [-96.9613911551615, 37.8147339394994], [-96.9588605111746, 37.815305928656], [-96.9563950651144, 37.8158336379474], [-96.9544725985412, 37.8162695975901], [-96.9525274782531, 37.816748585557], [-96.9504188627867, 37.8172288726104], [-96.9482913826993, 37.8177134867507], [-96.9460398452712, 37.8182263396947], [-96.943789025597, 37.8187390485693], [-96.9414490050117, 37.8192720476865], [-96.9391331482092, 37.8197995796062], [-96.9367888148123, 37.8203334949816], [-96.9344707122216, 37.8208615870015], [-96.9321425476014, 37.8213908815676], [-96.9298157322508, 37.8219199587492], [-96.9274626851956, 37.8224549941345], [-96.9251138126115, 37.8229889726137], [-96.9251088287583, 37.8235023076085], [-96.925089567082, 37.8239170247266], [-96.9248452621556, 37.8242620216634]]}, "properties": {"OBJECTID_1": 12082, "OBJECTID": 13099, "ID": "112919", "TYPE": "AC; OVERHEAD", "STATUS": "IN SERVICE", "NAICS_CODE": "221121", "NAICS_DESC": "ELECTRIC BULK POWER TRANSMISSION AND CONTROL", "SOURCE": "IMAGERY, OpenStreetMap, KCC Electric Certified Areas and Transmission Lines map", "SOURCEDATE": 1412640000000, "VAL_METHOD": "IMAGERY", "VAL_DATE": 1542067200000, "OWNER": "NOT AVAILABLE", "VOLTAGE": 138, "VOLT_CLASS": "100-161", "INFERRED": "N", "SUB_1": "UNKNOWN118990", "SUB_2": "BENTON", "SHAPE__Len": 28831.5631836108, "GlobalID": "5d4a34da-0403-4018-81c9-adb599d03358", "Shape__Length": 28831.563238690233}}]}